cl_key,cl_num,domain_id,pdf_page,statement_full,statement_legacy_v2,legacy_v2_row_id,statement_wrapped_in_source,legacy_v2_truncated,entry_form,glyph_loss_in_source_pdf,source_artifact_id,extraction_method,statement_sha256,status
CL-001,1,1,3,CL-125 — Foundational correction architecture,CL-125 — Foundational correction architecture,1,False,False,range-style-statement,False,ART-003,"poppler pdftotext 24.02.0 default mode, per page",718903b835f2c88cea29365489a3dd9250bf4c511695d11183291aae904fc509,DERIVATIVE-UNVERIFIED-AGAINST-MARKDOWN-COMPANION
CL-002,2,1,3,Same narrative ≠ same person.,Same narrative ≠ same person.,2,False,False,single-statement,False,ART-003,"poppler pdftotext 24.02.0 default mode, per page",b2ccfa985efd003f0442e70f7c4d8e71e228746d6ac8cb77b692745e29056840,DERIVATIVE-UNVERIFIED-AGAINST-MARKDOWN-COMPANION
CL-003,3,1,3,Same genealogy ≠ same political role.,Same genealogy ≠ same political role.,3,False,False,single-statement,False,ART-003,"poppler pdftotext 24.02.0 default mode, per page",147da8ab9a639ce1fce3fa3c352f9249e1bdbce7838cc77c2b74b3c5b1e508eb,DERIVATIVE-UNVERIFIED-AGAINST-MARKDOWN-COMPANION
CL-004,4,1,3,Network connection ≠ political alignment.,Network connection ≠ political alignment.,4,False,False,single-statement,False,ART-003,"poppler pdftotext 24.02.0 default mode, per page",ec344639f703ca6349750e0e0d0406a4901f63f053b0f80b30ab4ba55b2148af,DERIVATIVE-UNVERIFIED-AGAINST-MARKDOWN-COMPANION
CL-005,5,1,3,Later genealogical form cannot automatically be projected backward.,Later genealogical form cannot automatically be projected backward.,5,False,False,single-statement,False,ART-003,"poppler pdftotext 24.02.0 default mode, per page",38131ff9d930c13e0450dd2aa10e3429c93c5e8c246f80cde2506e7da1b99cf8,DERIVATIVE-UNVERIFIED-AGAINST-MARKDOWN-COMPANION
CL-006,6,1,3,A later office title cannot automatically be projected onto an earlier individual.,A later office title cannot automatically be projected onto an earlier individual.,6,False,False,single-statement,False,ART-003,"poppler pdftotext 24.02.0 default mode, per page",dd9d7210dceecc27a4701e7b76b8f94ae57a36bb29a8bd216d389bccea4bb8c3,DERIVATIVE-UNVERIFIED-AGAINST-MARKDOWN-COMPANION
CL-007,7,1,3,Geographic proximity ≠ institutional identity.,Geographic proximity ≠ institutional identity.,7,False,False,single-statement,False,ART-003,"poppler pdftotext 24.02.0 default mode, per page",58d7fe4c6912790599af3dc344f3a2608b5115ebecf9f80d1a378ffa4346a88a,DERIVATIVE-UNVERIFIED-AGAINST-MARKDOWN-COMPANION
CL-008,8,1,3,Literary survival ≠ contemporaneous composition.,Literary survival ≠ contemporaneous composition.,8,False,False,single-statement,False,ART-003,"poppler pdftotext 24.02.0 default mode, per page",4f6c3e1047edf566ab98de73a7a2acf9cdbdc74203ce0434cb1c4b48407277f1,DERIVATIVE-UNVERIFIED-AGAINST-MARKDOWN-COMPANION
CL-009,9,1,3,Reported evidence ≠ independently controlled evidence.,Reported evidence ≠ independently controlled evidence.,9,False,False,single-statement,False,ART-003,"poppler pdftotext 24.02.0 default mode, per page",af840ec626b7c772cf8dfa6e55f00728fd0cefcbbdbee7a522ad7c76d4b3ae37,DERIVATIVE-UNVERIFIED-AGAINST-MARKDOWN-COMPANION
CL-010,10,1,3,Inscriptional date ≠ proposed historical event date.,Inscriptional date ≠ proposed historical event date.,10,False,False,single-statement,False,ART-003,"poppler pdftotext 24.02.0 default mode, per page",5bdf9cd1de0b4d3f05996cf1c3d1374d3623206463d0b196c76371d3af5f80f5,DERIVATIVE-UNVERIFIED-AGAINST-MARKDOWN-COMPANION
CL-011,11,1,3,A source's silence is not proof of nonexistence.,A source's silence is not proof of nonexistence.,11,False,False,single-statement,False,ART-003,"poppler pdftotext 24.02.0 default mode, per page",547b2c9581cfb43ee90f4b30e885342d52271db418789d57d675f75abc92c8ea,DERIVATIVE-UNVERIFIED-AGAINST-MARKDOWN-COMPANION
CL-012,12,1,3,A correction is not automatically proof of deliberate erasure.,A correction is not automatically proof of deliberate erasure.,12,False,False,single-statement,False,ART-003,"poppler pdftotext 24.02.0 default mode, per page",1df12f899b4a6dec94efd88d8bb2078455827513a8607fa30ad42126f36674be,DERIVATIVE-UNVERIFIED-AGAINST-MARKDOWN-COMPANION
CL-013,13,1,3,Competing genealogies must remain competing until independently resolved.,Competing genealogies must remain competing until independently resolved.,13,False,False,single-statement,False,ART-003,"poppler pdftotext 24.02.0 default mode, per page",8e84f5a7d793be6c8311deab75d9de67a571202b7949458409f825453f7b95da,DERIVATIVE-UNVERIFIED-AGAINST-MARKDOWN-COMPANION
CL-014,14,1,3,Political succession and ecclesiastical succession require separate models.,Political succession and ecclesiastical succession require separate models.,14,False,False,single-statement,False,ART-003,"poppler pdftotext 24.02.0 default mode, per page",659d10d8824762a809b811c4c497a49e9b789d7c7131e415510067457b1cf97c,DERIVATIVE-UNVERIFIED-AGAINST-MARKDOWN-COMPANION
CL-015,15,1,3,Military participation ≠ formal political office.,Military participation ≠ formal political office.,15,False,False,single-statement,False,ART-003,"poppler pdftotext 24.02.0 default mode, per page",42cd0803b9b8acb393d8f892cfa5a47f06921b6b49479c4455ede6bcdee19792,DERIVATIVE-UNVERIFIED-AGAINST-MARKDOWN-COMPANION
CL-016,16,1,3,Treaty representation ≠ military command unless independently demonstrated.,Treaty representation ≠ military command unless independently demonstrated.,16,False,False,single-statement,False,ART-003,"poppler pdftotext 24.02.0 default mode, per page",bb4a13fa8a1f99c1ab586da33f7f040024857cf5feb9dcb67d1a649821fb7821,DERIVATIVE-UNVERIFIED-AGAINST-MARKDOWN-COMPANION
CL-017,17,1,3,Surrender participation ≠ castle occupation.,Surrender participation ≠ castle occupation.,17,False,False,single-statement,False,ART-003,"poppler pdftotext 24.02.0 default mode, per page",f2ddb8d68d6d70bd4930092cfacf76f3a9d46e93d6cbb42b215d3aa6206ac32a,DERIVATIVE-UNVERIFIED-AGAINST-MARKDOWN-COMPANION
CL-018,18,1,3,Household prominence ≠ formal governmental office.,Household prominence ≠ formal governmental office.,18,False,False,single-statement,False,ART-003,"poppler pdftotext 24.02.0 default mode, per page",6ecd1463b9887350881630361eb7520810e43e9f7a2df8b08a90a79699b6e246,DERIVATIVE-UNVERIFIED-AGAINST-MARKDOWN-COMPANION
CL-019,19,1,3,Female political importance ≠ formal political representation.,Female political importance ≠ formal political representation.,19,False,False,single-statement,False,ART-003,"poppler pdftotext 24.02.0 default mode, per page",675476c72c5452619d3d222cf4917b4f22acb0732dd1ddce38ae73fa17c1679d,DERIVATIVE-UNVERIFIED-AGAINST-MARKDOWN-COMPANION
CL-020,20,1,3,Monastic association can preserve a person independently of political succession.,Monastic association can preserve a person independently of political succession.,20,False,False,single-statement,False,ART-003,"poppler pdftotext 24.02.0 default mode, per page",90e2c63f3dab10111210d4e3ee46fc8126b44fa47ec307a71c5594a2ba8f5e96,DERIVATIVE-UNVERIFIED-AGAINST-MARKDOWN-COMPANION
CL-021,21,1,3,Arabic universal histories preserve heterogeneous earlier traditions.,Arabic universal histories preserve heterogeneous earlier traditions.,21,False,False,single-statement,False,ART-003,"poppler pdftotext 24.02.0 default mode, per page",729caa2fe5b26295a98b80b2d4ccfbac719ef105680c7c8048d30f846472ad39,DERIVATIVE-UNVERIFIED-AGAINST-MARKDOWN-COMPANION
CL-022,22,1,3,Genealogical works constitute a separate evidence stream.,Genealogical works constitute a separate evidence stream.,22,False,False,single-statement,False,ART-003,"poppler pdftotext 24.02.0 default mode, per page",315ae2c14a3fa70baa6449c7eb6efcffc6cfade5fdcc550f560c05c8924e2e46,DERIVATIVE-UNVERIFIED-AGAINST-MARKDOWN-COMPANION
CL-023,23,1,3,Adab/poetry constitutes a separate memory stream.,Adab/poetry constitutes a separate memory stream.,23,False,False,single-statement,False,ART-003,"poppler pdftotext 24.02.0 default mode, per page",31f97e82ab0b89f170f5d946924e09e807adb9018139d53c538776314b475f6a,DERIVATIVE-UNVERIFIED-AGAINST-MARKDOWN-COMPANION
CL-024,24,1,3,Monastic literature constitutes a separate institutional-memory stream.,Monastic literature constitutes a separate institutional-memory stream.,24,False,False,single-statement,False,ART-003,"poppler pdftotext 24.02.0 default mode, per page",d0dee6de4f603996a5c451962af7aa844ac33ccf17dbf82968823ccd1b81d9a7,DERIVATIVE-UNVERIFIED-AGAINST-MARKDOWN-COMPANION
CL-025,25,1,3,Syriac ecclesiastical sources constitute a separate evidence stream.,Syriac ecclesiastical sources constitute a separate evidence stream.,25,False,False,single-statement,False,ART-003,"poppler pdftotext 24.02.0 default mode, per page",11f4e93bf0cb38f20d7e1cb54f92f8186fa2b46f2140e6fbb6e7136184f869b0,DERIVATIVE-UNVERIFIED-AGAINST-MARKDOWN-COMPANION
CL-026,26,1,3,Syriac inscriptions constitute a separate documentary stream.,Syriac inscriptions constitute a separate documentary stream.,26,False,False,single-statement,False,ART-003,"poppler pdftotext 24.02.0 default mode, per page",de9d2cb48ec74332c44ee4bc5ea3b8df3379edf13d64581492be686b3eebbc8a,DERIVATIVE-UNVERIFIED-AGAINST-MARKDOWN-COMPANION
CL-027,27,1,3,Sasanian/Persian evidence constitutes another chronological/administrative stream.,Sasanian/Persian evidence constitutes another chronological/administrative stream.,27,False,False,single-statement,False,ART-003,"poppler pdftotext 24.02.0 default mode, per page",4cf7a89468ccc1816919f2eb71f8abfc542a243146ce4ec424bfffb50e22f171,DERIVATIVE-UNVERIFIED-AGAINST-MARKDOWN-COMPANION
CL-028,28,1,3,Archaeology constitutes a separate physical evidence stream.,Archaeology constitutes a separate physical evidence stream.,28,False,False,single-statement,False,ART-003,"poppler pdftotext 24.02.0 default mode, per page",5be4084a6b84f8b690ad92d7eecba3c7ea0e16a2deff7c9cc528020c255282ec,DERIVATIVE-UNVERIFIED-AGAINST-MARKDOWN-COMPANION
CL-029,29,1,3,Greek/Armenian/other external notices must not be collapsed into Arabic tradition.,Greek/Armenian/other external notices must not be collapsed into Arabic tradition.,29,False,False,single-statement,False,ART-003,"poppler pdftotext 24.02.0 default mode, per page",7c603295fd6be7dc84e4f1deca11fbbcf447d9430e708577a870abeffdd3f4af,DERIVATIVE-UNVERIFIED-AGAINST-MARKDOWN-COMPANION
CL-030,30,1,3,Cross-language convergence is stronger than repetition within one textual family.,Cross-language convergence is stronger than repetition within one textual family.,30,False,False,single-statement,False,ART-003,"poppler pdftotext 24.02.0 default mode, per page",255027752d995a5fec34eedf60416481b668a8b373769dad934f28134f8315cb,DERIVATIVE-UNVERIFIED-AGAINST-MARKDOWN-COMPANION
CL-031,31,1,3,The working political sequence remains Muhammad → Ab■ Bakr → ■Umar → ■Uthm■n → Mu■■wiya as the principal succession framework under investigation.,The working political sequence remains Muhammad → Ab■ Bakr → ■Umar → ■Uthm■n → Mu■■wiya as the principal succession,31,True,True,single-statement,True,ART-003,"poppler pdftotext 24.02.0 default mode, per page",d5e7255005f15673dd75405361e7c5d2a6ac9fa21f1b952649d01ed081c5aa84,DERIVATIVE-UNVERIFIED-AGAINST-MARKDOWN-COMPANION
CL-032,32,1,3,The project distinguishes later S■ra formation from earlier political memory.,The project distinguishes later S■ra formation from earlier political memory.,32,False,False,single-statement,True,ART-003,"poppler pdftotext 24.02.0 default mode, per page",f6b0233519712fd8b102a40095259ad4ca97fa58944253e0f05a880fce1b18e6,DERIVATIVE-UNVERIFIED-AGAINST-MARKDOWN-COMPANION
CL-033,33,1,3,External notices should initially be treated as evidence for ruler/leader status rather than automatically accepting later prophetic terminology.,External notices should initially be treated as evidence for ruler/leader status rather than automatically accepting later prophetic,33,True,True,single-statement,False,ART-003,"poppler pdftotext 24.02.0 default mode, per page",cd8a1fb0a3eeea4624c2433e5e244d160d26e2801ab163ade3cc4b78c81a168f,DERIVATIVE-UNVERIFIED-AGAINST-MARKDOWN-COMPANION
CL-034,34,1,3,The project tracks title/person/office/seat/locus separately.,The project tracks title/person/office/seat/locus separately.,34,False,False,single-statement,False,ART-003,"poppler pdftotext 24.02.0 default mode, per page",4fa6e44f793a9f527dfdfc0e40cf3a90557dcd9d2b9c771a14a332abac90813f,DERIVATIVE-UNVERIFIED-AGAINST-MARKDOWN-COMPANION
CL-035,35,1,3,Covenant/proclamation formulations must be separated from later biography.,Covenant/proclamation formulations must be separated from later biography.,35,False,False,single-statement,False,ART-003,"poppler pdftotext 24.02.0 default mode, per page",887ebcd91d5420d5011e302bb5ec5ba72965d57631940f1c077a71828a8bd508,DERIVATIVE-UNVERIFIED-AGAINST-MARKDOWN-COMPANION
CL-036,36,1,3,Defeated rival networks may be absorbed rather than simply destroyed.,Defeated rival networks may be absorbed rather than simply destroyed.,36,False,False,single-statement,False,ART-003,"poppler pdftotext 24.02.0 default mode, per page",2efea2de8ba77208c58dbaa3378e7bccb62d450a91fa973e43342355876d9594,DERIVATIVE-UNVERIFIED-AGAINST-MARKDOWN-COMPANION
CL-037,37,1,3,"■aj■■, ■ulay■a, Musaylima and al-Aswad networks are therefore treated as possible defeated/absorbed personnel networks.","■aj■■, ■ulay■a, Musaylima and al-Aswad networks are therefore treated as possible defeated/absorbed personnel networks.",37,False,False,single-statement,True,ART-003,"poppler pdftotext 24.02.0 default mode, per page",a3ebc0367c5d856c299468f4a6a78526c0284d8a28ac67a236883db78777e8a5,DERIVATIVE-UNVERIFIED-AGAINST-MARKDOWN-COMPANION
CL-038,38,1,3,"Absorption Principle: defeated networks may survive through personnel, marriage, protection, ransom, administrative incorporation or memory.","Absorption Principle: defeated networks may survive through personnel, marriage, protection, ransom, administrative incorporation or",38,True,True,single-statement,False,ART-003,"poppler pdftotext 24.02.0 default mode, per page",067e2bd8d045abcec2b339eeb8de1c44b9f91f9ab7ca86a6b1e4fbf75081c9ff,DERIVATIVE-UNVERIFIED-AGAINST-MARKDOWN-COMPANION
CL-039,39,1,3,"The Twelve-Year Gap is a chronological control, not merely a narrative gap.","The Twelve-Year Gap is a chronological control, not merely a narrative gap.",39,False,False,single-statement,False,ART-003,"poppler pdftotext 24.02.0 default mode, per page",b8427866503040d770c93fec5f92b1ad0e36f17b01d42ee6b2cbb62ed36a7b0c,DERIVATIVE-UNVERIFIED-AGAINST-MARKDOWN-COMPANION
CL-040,40,1,3,Pre- and post-conquest personnel should be compared only after identity controls.,Pre- and post-conquest personnel should be compared only after identity controls.,40,False,False,single-statement,False,ART-003,"poppler pdftotext 24.02.0 default mode, per page",e65b7b4d1bbaeccda356671c35fda918f3a90c0256d1a74fb3f1f3ddbef90a4a,DERIVATIVE-UNVERIFIED-AGAINST-MARKDOWN-COMPANION
CL-041,41,1,3,al-■■ra is both political center and multi-institutional settlement.,al-■■ra is both political center and multi-institutional settlement.,41,False,False,single-statement,True,ART-003,"poppler pdftotext 24.02.0 default mode, per page",ac778f3f36fc824086831c5f07eb29440a0fb9850c05fd432523a185f9711661,DERIVATIVE-UNVERIFIED-AGAINST-MARKDOWN-COMPANION
CL-042,42,1,3,Lakhmid royal residence ≠ entire urban settlement.,Lakhmid royal residence ≠ entire urban settlement.,42,False,False,single-statement,False,ART-003,"poppler pdftotext 24.02.0 default mode, per page",7a9fd69e4a069823cc3c68acaf170df1f2e32caad991fbc36f0659d83f339125,DERIVATIVE-UNVERIFIED-AGAINST-MARKDOWN-COMPANION
CL-043,43,1,3,Palace evidence ≠ castle-command evidence.,Palace evidence ≠ castle-command evidence.,43,False,False,single-statement,False,ART-003,"poppler pdftotext 24.02.0 default mode, per page",a6dccf990db3a5310dc76f364dad7e40375ed23223e44a312e3cfdd560a8c37d,DERIVATIVE-UNVERIFIED-AGAINST-MARKDOWN-COMPANION
CL-044,44,1,3,The White Palace / Qa■r al-Abya■ is a political/architectural anchor.,The White Palace / Qa■r al-Abya■ is a political/architectural anchor.,44,False,False,single-statement,True,ART-003,"poppler pdftotext 24.02.0 default mode, per page",c035cae9b7d37c3a45456dd1b8a9839bfdd266c90c28e14642fda00f30e9095c,DERIVATIVE-UNVERIFIED-AGAINST-MARKDOWN-COMPANION
CL-045,45,1,3,Iyas b. Qab■■a has strong administrative/urban relevance.,Iyas b. Qab■■a has strong administrative/urban relevance.,45,False,False,single-statement,True,ART-003,"poppler pdftotext 24.02.0 default mode, per page",3c7cce0f1f5d9ca90b04df87b51727b6dbf48037083cce315e9ccf139b3f681a,DERIVATIVE-UNVERIFIED-AGAINST-MARKDOWN-COMPANION
CL-046,46,1,3,Buqayla has strong house/property/physical-locus relevance.,Buqayla has strong house/property/physical-locus relevance.,46,False,False,single-statement,False,ART-003,"poppler pdftotext 24.02.0 default mode, per page",3ad6b030bebbfbe004e8dcd77b3eaa9f99787b960555f75847819f351486e3c2,DERIVATIVE-UNVERIFIED-AGAINST-MARKDOWN-COMPANION
CL-047,47,1,3,H■ni■ belongs to a different evidentiary layer and must not be inserted into the castle enumeration without evidence.,H■ni■ belongs to a different evidentiary layer and must not be inserted into the castle enumeration without evidence.,47,False,False,single-statement,True,ART-003,"poppler pdftotext 24.02.0 default mode, per page",fa1a160a87759d83298d1adef6cea812bce78c69c1b3d43cbb916dc2b50a0e68,DERIVATIVE-UNVERIFIED-AGAINST-MARKDOWN-COMPANION
CL-048,48,1,3,■Ad■ b. Zayd is a separate court/intellectual intermediary.,■Ad■ b. Zayd is a separate court/intellectual intermediary.,48,False,False,single-statement,True,ART-003,"poppler pdftotext 24.02.0 default mode, per page",a9d3465c95429896a7628717b92169a6e3998ebf7b3f1dedf2fa187ae45c90cc,DERIVATIVE-UNVERIFIED-AGAINST-MARKDOWN-COMPANION
CL-049,49,1,3,The political architecture should not be reconstructed from genealogy alone.,The political architecture should not be reconstructed from genealogy alone.,49,False,False,single-statement,False,ART-003,"poppler pdftotext 24.02.0 default mode, per page",32a5a3ce38a54a7f497112cebec70aae75f99db04cda3b7a122afcad392f9d0b,DERIVATIVE-UNVERIFIED-AGAINST-MARKDOWN-COMPANION
CL-050,50,1,3,The ecclesiastical architecture should not be reconstructed from political genealogy alone.,The ecclesiastical architecture should not be reconstructed from political genealogy alone.,50,False,False,single-statement,False,ART-003,"poppler pdftotext 24.02.0 default mode, per page",83a77cff5288dbc41fa78c75603028201beb8c42125c921d431862cdde37e4fa,DERIVATIVE-UNVERIFIED-AGAINST-MARKDOWN-COMPANION
CL-051,51,1,3,H■ni■ evidence must be evidence-graded independently.,H■ni■ evidence must be evidence-graded independently.,51,False,False,single-statement,True,ART-003,"poppler pdftotext 24.02.0 default mode, per page",2e810a8b3776df046b731ce89be16340c415d9a7d44f3984b54909f175bc7637,DERIVATIVE-UNVERIFIED-AGAINST-MARKDOWN-COMPANION
CL-052,52,1,3,Qab■■a cluster requires prosopographic control.,Qab■■a cluster requires prosopographic control.,52,False,False,single-statement,True,ART-003,"poppler pdftotext 24.02.0 default mode, per page",c25d40247f1c3998c125198761c0e4cc38da7a23bfba6a09d4c38e20c8fa0354,DERIVATIVE-UNVERIFIED-AGAINST-MARKDOWN-COMPANION
CL-053,53,1,3,Iyas b. Qab■■a and H■ni■ cannot be casually fused.,Iyas b. Qab■■a and H■ni■ cannot be casually fused.,53,False,False,single-statement,True,ART-003,"poppler pdftotext 24.02.0 default mode, per page",9a59f07ec83fe69796db332e2da6ad956dc104462b367a85386e62e4b483ba10,DERIVATIVE-UNVERIFIED-AGAINST-MARKDOWN-COMPANION
CL-054,54,1,3,House of Iyas remains a major research track.,House of Iyas remains a major research track.,54,False,False,single-statement,False,ART-003,"poppler pdftotext 24.02.0 default mode, per page",7cdbc7d16a358cc9e2ca0688b31a394c8d79341f4b65918dc808fce30c30aafe,DERIVATIVE-UNVERIFIED-AGAINST-MARKDOWN-COMPANION
CL-055,55,1,3,Qays b. Qab■■a is the strongest full-brother candidate within the Iyas cluster.,Qays b. Qab■■a is the strongest full-brother candidate within the Iyas cluster.,55,False,False,single-statement,True,ART-003,"poppler pdftotext 24.02.0 default mode, per page",206bb5baed1d3611d1200e75d612fdcf5ebf8b93654d829fcf3576917edb95a0,DERIVATIVE-UNVERIFIED-AGAINST-MARKDOWN-COMPANION
CL-056,56,1,3,Um■ma bint Mas■■d belongs to the maternal/household evidence layer.,Um■ma bint Mas■■d belongs to the maternal/household evidence layer.,56,False,False,single-statement,True,ART-003,"poppler pdftotext 24.02.0 default mode, per page",92ebb13e930b95837a839dab52812907cfaea291c638f8e747a33ee7af97c5a2,DERIVATIVE-UNVERIFIED-AGAINST-MARKDOWN-COMPANION
CL-057,57,1,3,Farwah/■ayya evidence requires independent control.,Farwah/■ayya evidence requires independent control.,57,False,False,single-statement,True,ART-003,"poppler pdftotext 24.02.0 default mode, per page",cf79da80dc46b71e348b18cdcca383fb258adb7648f8a2f0ae3cd3dd9250d5c3,DERIVATIVE-UNVERIFIED-AGAINST-MARKDOWN-COMPANION
CL-058,58,1,3,The 618–633/630 gap must not be filled by assumption.,The 618–633/630 gap must not be filled by assumption.,58,False,False,single-statement,False,ART-003,"poppler pdftotext 24.02.0 default mode, per page",794b906c21005b35b9792abeb604de3b922ff7f6a0a4f8dc905acb65eb0920d3,DERIVATIVE-UNVERIFIED-AGAINST-MARKDOWN-COMPANION
CL-059,59,1,3,Silence of the House of Iyas during the gap is itself a transmission problem.,Silence of the House of Iyas during the gap is itself a transmission problem.,59,False,False,single-statement,False,ART-003,"poppler pdftotext 24.02.0 default mode, per page",65a37af0a52d568fbdfbda6b13aa2a10f29cc6f50457797cf6b69cb950765ab7,DERIVATIVE-UNVERIFIED-AGAINST-MARKDOWN-COMPANION
CL-060,60,1,3,Reappearance after the gap requires person-by-person matching.,Reappearance after the gap requires person-by-person matching.,60,False,False,single-statement,False,ART-003,"poppler pdftotext 24.02.0 default mode, per page",963f9271848424532685329e23388d8d938db5fea6bf86a925bcb0681901b066,DERIVATIVE-UNVERIFIED-AGAINST-MARKDOWN-COMPANION
CL-061,61,1,3,■l Bay■n vs ■l Iy■s is a genuine textual/genealogical problem.,■l Bay■n vs ■l Iy■s is a genuine textual/genealogical problem.,61,False,False,single-statement,True,ART-003,"poppler pdftotext 24.02.0 default mode, per page",3dbdcc317aa2d7ae5803fb72163c4d672ad1b8eab4832ff9ce0453b72f53831e,DERIVATIVE-UNVERIFIED-AGAINST-MARKDOWN-COMPANION
CL-062,62,1,3,The Bay■n reading must not be dismissed automatically as scribal corruption.,The Bay■n reading must not be dismissed automatically as scribal corruption.,62,False,False,single-statement,True,ART-003,"poppler pdftotext 24.02.0 default mode, per page",ab37033a58cb39c66c35966959d26f9d96b7d490cff5268372734df70f6aed5e,DERIVATIVE-UNVERIFIED-AGAINST-MARKDOWN-COMPANION
CL-063,63,1,3,Ibn Barr■'s identification of Farwah b. Iy■s b. Qab■■a is an important later lexical/philological control.,Ibn Barr■'s identification of Farwah b. Iy■s b. Qab■■a is an important later lexical/philological control.,63,False,False,single-statement,True,ART-003,"poppler pdftotext 24.02.0 default mode, per page",ccc9b753bdc9f6a6cd54e4b14a451ebddcaea307b8d5aeffb88e9af578380abf,DERIVATIVE-UNVERIFIED-AGAINST-MARKDOWN-COMPANION
CL-064,64,1,4,Later correction from Bay■n to Iy■s is not proof of deliberate erasure.,Later correction from Bay■n to Iy■s is not proof of deliberate erasure.,64,False,False,single-statement,True,ART-003,"poppler pdftotext 24.02.0 default mode, per page",5f68f0c40b94fe22204dee99dfe483f27f54ad6c5b3007d8c9df08e78bf33654,DERIVATIVE-UNVERIFIED-AGAINST-MARKDOWN-COMPANION
CL-065,65,1,4,Bay■n must remain a meaningful witness until the textual tradition is fully collated.,Bay■n must remain a meaningful witness until the textual tradition is fully collated.,65,False,False,single-statement,True,ART-003,"poppler pdftotext 24.02.0 default mode, per page",65a66f256e61610494b0e146f5df1bad5b98c85253d394d0e143c5227bfa38ca,DERIVATIVE-UNVERIFIED-AGAINST-MARKDOWN-COMPANION
CL-066,66,1,4,Bay■n/Iyas belongs primarily to CV-1/CV-2.,Bay■n/Iyas belongs primarily to CV-1/CV-2.,66,False,False,single-statement,True,ART-003,"poppler pdftotext 24.02.0 default mode, per page",0821a6abe71ea0132aa611b5aa90db74b1b25df2f1a3dca4c7f273846e677f0f,DERIVATIVE-UNVERIFIED-AGAINST-MARKDOWN-COMPANION
CL-067,67,1,4,Farwah's appearance in different contexts requires person-control.,Farwah's appearance in different contexts requires person-control.,67,False,False,single-statement,False,ART-003,"poppler pdftotext 24.02.0 default mode, per page",9eb26c9ed1b0ab75956bb82f93a4e04452330b0a3d471b4fc954b762bf1d0df3,DERIVATIVE-UNVERIFIED-AGAINST-MARKDOWN-COMPANION
CL-068,68,1,4,"“Dead at conquest” vs later Farwah evidence is a transmission problem, not a solved contradiction.","“Dead at conquest” vs later Farwah evidence is a transmission problem, not a solved contradiction.",68,False,False,single-statement,False,ART-003,"poppler pdftotext 24.02.0 default mode, per page",e0e65d5d41bbf601fc9bdcfe76f2f5ca6e725bbdc4315f4650d108b731abe3f1,DERIVATIVE-UNVERIFIED-AGAINST-MARKDOWN-COMPANION
CL-069,69,1,4,Haya/■ayya/■ayy■n remain possible ancestral bridge names but are unresolved.,Haya/■ayya/■ayy■n remain possible ancestral bridge names but are unresolved.,69,False,False,single-statement,True,ART-003,"poppler pdftotext 24.02.0 default mode, per page",c36a616b0f139f29c2a7026b9528693ee677d1450df1df32c14d9d5cd2b05a70,DERIVATIVE-UNVERIFIED-AGAINST-MARKDOWN-COMPANION
CL-070,70,1,4,Ban■ Bay■n must not be equated automatically with Buqayla.,Ban■ Bay■n must not be equated automatically with Buqayla.,70,False,False,single-statement,True,ART-003,"poppler pdftotext 24.02.0 default mode, per page",632c9cf0afa33ee8dedfbec1c9ff241fabec0485b6a7044fff7b778770198366,DERIVATIVE-UNVERIFIED-AGAINST-MARKDOWN-COMPANION
CL-071,71,1,4,"Elite women can preserve political networks through marriage, captivity, protection, ransom and institutional foundation.","Elite women can preserve political networks through marriage, captivity, protection, ransom and institutional foundation.",71,False,False,single-statement,False,ART-003,"poppler pdftotext 24.02.0 default mode, per page",4464670f4293f3df2ce0c73d0a727dc39c8c8c324d35c49550e6fb02f8b9fc28,DERIVATIVE-UNVERIFIED-AGAINST-MARKDOWN-COMPANION
CL-072,72,1,4,Female political agency must not be inferred beyond the evidence.,Female political agency must not be inferred beyond the evidence.,72,False,False,single-statement,False,ART-003,"poppler pdftotext 24.02.0 default mode, per page",bfb9aa4742a4a2a4230601a21429c0a7725b46ea657c15225eb10eb5eab0b01f,DERIVATIVE-UNVERIFIED-AGAINST-MARKDOWN-COMPANION
CL-073,73,1,4,■z■d remains an already-established comparative case.,■z■d remains an already-established comparative case.,73,False,False,single-statement,True,ART-003,"poppler pdftotext 24.02.0 default mode, per page",c1161a521bbe37b58d8e6741e6ac89fc12e54901afe1cb20d0e6817e7421fb1f,DERIVATIVE-UNVERIFIED-AGAINST-MARKDOWN-COMPANION
CL-074,74,1,4,Hind/■urqa evidence belongs to both female political and institutional-memory layers.,Hind/■urqa evidence belongs to both female political and institutional-memory layers.,74,False,False,single-statement,True,ART-003,"poppler pdftotext 24.02.0 default mode, per page",af439d67794bcf2796bc9825cc404c077e5700b2de9f74452df047e8cc0d3eec,DERIVATIVE-UNVERIFIED-AGAINST-MARKDOWN-COMPANION
CL-075,75,1,4,Ruq■sh provides a useful negative control because role and tribal attribution diverge.,Ruq■sh provides a useful negative control because role and tribal attribution diverge.,75,False,False,single-statement,True,ART-003,"poppler pdftotext 24.02.0 default mode, per page",c3d5f45bde540d970fc0c09a1f44e525757369aa3d1a2f1cf8a7b2b058b43a7d,DERIVATIVE-UNVERIFIED-AGAINST-MARKDOWN-COMPANION
CL-076,76,1,4,Women can preserve dynastic memory through monasteries.,Women can preserve dynastic memory through monasteries.,76,False,False,single-statement,False,ART-003,"poppler pdftotext 24.02.0 default mode, per page",6c044deb868a5a37300a8443c1bb3ebec4aad9e7e74be3a44b4934c7d16bef6b,DERIVATIVE-UNVERIFIED-AGAINST-MARKDOWN-COMPANION
CL-077,77,1,4,A10 = institutional-foundation access.,A10 = institutional-foundation access.,77,False,False,single-statement,False,ART-003,"poppler pdftotext 24.02.0 default mode, per page",66b3f9c6ef42e4d7e5bfaa19c93a00ca5ad8f22b0617047d653eb5a8a3744026,DERIVATIVE-UNVERIFIED-AGAINST-MARKDOWN-COMPANION
CL-078,78,1,4,A10-D = dynastic institutional foundation.,A10-D = dynastic institutional foundation.,78,False,False,single-statement,False,ART-003,"poppler pdftotext 24.02.0 default mode, per page",dbd3e577acade2f1f3228c15bd3247c77ff23df746ce0c7cb47226f2b2f40d95,DERIVATIVE-UNVERIFIED-AGAINST-MARKDOWN-COMPANION
CL-079,79,1,4,Female institutional memory can survive political regime change.,Female institutional memory can survive political regime change.,79,False,False,single-statement,False,ART-003,"poppler pdftotext 24.02.0 default mode, per page",fb9d03042006eef24fd94e8e8df5277350d88fb6575b1b59b01538d6722c29cf,DERIVATIVE-UNVERIFIED-AGAINST-MARKDOWN-COMPANION
CL-080,80,1,4,Institutional foundation can stabilize a person's identity where genealogy becomes unstable.,Institutional foundation can stabilize a person's identity where genealogy becomes unstable.,80,False,False,single-statement,False,ART-003,"poppler pdftotext 24.02.0 default mode, per page",1003a85f130c5d19e2aecbe5a4b8205602993fa67e3de9139f027e7ef66cf36a,DERIVATIVE-UNVERIFIED-AGAINST-MARKDOWN-COMPANION
CL-081,81,1,4,"Corrections must be separated into C1, C2, C3.","Corrections must be separated into C1, C2, C3.",81,False,False,single-statement,False,ART-003,"poppler pdftotext 24.02.0 default mode, per page",b16f7971bb7af3d63b3c6b90464fe406f85cd861c4ac5679d36d191c1793dfb0,DERIVATIVE-UNVERIFIED-AGAINST-MARKDOWN-COMPANION
CL-082,82,1,4,C1 = explicit correction.,C1 = explicit correction.,82,False,False,single-statement,False,ART-003,"poppler pdftotext 24.02.0 default mode, per page",6afcf9c91ddcee052e369fccd2b424205ab080b4bac1fda8fe8a4839e5e09d66,DERIVATIVE-UNVERIFIED-AGAINST-MARKDOWN-COMPANION
CL-083,83,1,4,C2 = competing indexing.,C2 = competing indexing.,83,False,False,single-statement,False,ART-003,"poppler pdftotext 24.02.0 default mode, per page",acc19e917e6158794e76f30a04d4fa872058f5dcf624ccb9910189115349a064,DERIVATIVE-UNVERIFIED-AGAINST-MARKDOWN-COMPANION
CL-084,84,1,4,C3 = reconstructive preference.,C3 = reconstructive preference.,84,False,False,single-statement,False,ART-003,"poppler pdftotext 24.02.0 default mode, per page",390e314fe0fe326fb6136a605f64a23164dea79a0248d92703437dd3c1a4f535,DERIVATIVE-UNVERIFIED-AGAINST-MARKDOWN-COMPANION
CL-085,85,1,4,CV-1 = textual/lexical.,CV-1 = textual/lexical.,85,False,False,single-statement,False,ART-003,"poppler pdftotext 24.02.0 default mode, per page",a30ba94665db13f679c8254029981a6b52d8fe34def07ff194d76f22e93354f5,DERIVATIVE-UNVERIFIED-AGAINST-MARKDOWN-COMPANION
CL-086,86,1,4,CV-2 = genealogical.,CV-2 = genealogical.,86,False,False,single-statement,False,ART-003,"poppler pdftotext 24.02.0 default mode, per page",4fb21302a7b713914691c8e875bca62ad33c476e369a6058cbc9c9a1d0ec2eef,DERIVATIVE-UNVERIFIED-AGAINST-MARKDOWN-COMPANION
CL-087,87,1,4,CV-3 = chronological.,CV-3 = chronological.,87,False,False,single-statement,False,ART-003,"poppler pdftotext 24.02.0 default mode, per page",0713f4daec3236f62cd0e09dcf6e7dd83a0b5f0c0505dc9b7c9e9d6494105d95,DERIVATIVE-UNVERIFIED-AGAINST-MARKDOWN-COMPANION
CL-088,88,1,4,CV-4 = institutional-role.,CV-4 = institutional-role.,88,False,False,single-statement,False,ART-003,"poppler pdftotext 24.02.0 default mode, per page",88629fe10ea3e6743ad383f29a904ad8c1a4e9848b493c2c38a3b4d72f8cd315,DERIVATIVE-UNVERIFIED-AGAINST-MARKDOWN-COMPANION
CL-089,89,1,4,CV-5 = locus.,CV-5 = locus.,89,False,False,single-statement,False,ART-003,"poppler pdftotext 24.02.0 default mode, per page",0332dc0e837e16ea5daecacd43baca7b448ed40e012c8a31cbe6faacbaa00816,DERIVATIVE-UNVERIFIED-AGAINST-MARKDOWN-COMPANION
CL-090,90,1,4,CV-6 = tribal attribution.,CV-6 = tribal attribution.,90,False,False,single-statement,False,ART-003,"poppler pdftotext 24.02.0 default mode, per page",78cea4686b7833b2cd9a0e607dcf7fb75c4651f0ef4adb667d9d6d81077f7f0b,DERIVATIVE-UNVERIFIED-AGAINST-MARKDOWN-COMPANION
CL-091,91,1,4,CV-7 = household/person.,CV-7 = household/person.,91,False,False,single-statement,False,ART-003,"poppler pdftotext 24.02.0 default mode, per page",e309f98478cd7c4a3103088068c4c76e3c460fbf6ee8f3b97f80f93009064e01,DERIVATIVE-UNVERIFIED-AGAINST-MARKDOWN-COMPANION
CL-092,92,1,4,CV-8 = representative-list divergence.,CV-8 = representative-list divergence.,92,False,False,single-statement,False,ART-003,"poppler pdftotext 24.02.0 default mode, per page",070cc21715bcb134a6443178833e217db1ee2174c3b7343439ad35ec48a98bea,DERIVATIVE-UNVERIFIED-AGAINST-MARKDOWN-COMPANION
CL-093,93,1,4,Different correction variables may coexist in one historical problem.,Different correction variables may coexist in one historical problem.,93,False,False,single-statement,False,ART-003,"poppler pdftotext 24.02.0 default mode, per page",5f76586ca19eadcd80ea6104ed55b1e9b692b6abcb4e4877acd03cbaea767ef8,DERIVATIVE-UNVERIFIED-AGAINST-MARKDOWN-COMPANION
CL-094,94,1,4,One correction must not be generalized into a universal transmission mechanism.,One correction must not be generalized into a universal transmission mechanism.,94,False,False,single-statement,False,ART-003,"poppler pdftotext 24.02.0 default mode, per page",761472399fa283586dada2ad6808fab63288a3b0b5a97d13becfabd8a154bfa3,DERIVATIVE-UNVERIFIED-AGAINST-MARKDOWN-COMPANION
CL-095,95,1,4,Ruq■sh is a negative control against universal-network overreach.,Ruq■sh is a negative control against universal-network overreach.,95,False,False,single-statement,True,ART-003,"poppler pdftotext 24.02.0 default mode, per page",a0bf494050524b28255e1c4bf8e75211e4e420367a118dab6f134d604576340b,DERIVATIVE-UNVERIFIED-AGAINST-MARKDOWN-COMPANION
CL-096,96,1,4,“Network survives; indexing breaks.”,“Network survives; indexing breaks.”,96,False,False,single-statement,False,ART-003,"poppler pdftotext 24.02.0 default mode, per page",05807b39abb79c6291165f29cf41aa07742d6e559806bb8d03d9e7e860b82754,DERIVATIVE-UNVERIFIED-AGAINST-MARKDOWN-COMPANION
CL-097,97,1,4,Refined: “Network survives selectively through heterogeneous fields.”,Refined: “Network survives selectively through heterogeneous fields.”,97,False,False,single-statement,False,ART-003,"poppler pdftotext 24.02.0 default mode, per page",08e99f1cb3ddc9806e83dd24b7ef7443be1424b880b18c5d3b81c37e8873dcec,DERIVATIVE-UNVERIFIED-AGAINST-MARKDOWN-COMPANION
CL-098,98,1,4,Further refined: “Network survives; memory fragments by institution.”,Further refined: “Network survives; memory fragments by institution.”,98,False,False,single-statement,False,ART-003,"poppler pdftotext 24.02.0 default mode, per page",5360c79d4930de301350b6324bad5dda39a7fcf53052b0ee72f9c70f5de92666,DERIVATIVE-UNVERIFIED-AGAINST-MARKDOWN-COMPANION
CL-099,99,1,4,Institutions preserve different edges of the same historical network.,Institutions preserve different edges of the same historical network.,99,False,False,single-statement,False,ART-003,"poppler pdftotext 24.02.0 default mode, per page",dcd5bc772e36a672f1df8760a81054f3b266b7cd40aa828eb1539f940feae1b2,DERIVATIVE-UNVERIFIED-AGAINST-MARKDOWN-COMPANION
CL-100,100,1,4,Courts preserve offices/rulers.,Courts preserve offices/rulers.,100,False,False,single-statement,False,ART-003,"poppler pdftotext 24.02.0 default mode, per page",795def04691a9b31a0a402fb5eac3929d8fa2bc3e47c316b94e38cf569422618,DERIVATIVE-UNVERIFIED-AGAINST-MARKDOWN-COMPANION
CL-101,101,1,4,Tribes preserve genealogy/allegiance.,Tribes preserve genealogy/allegiance.,101,False,False,single-statement,False,ART-003,"poppler pdftotext 24.02.0 default mode, per page",0763b55b9625670ea5cec7eac832cc97a6b2e053302a75143a41300c32419793,DERIVATIVE-UNVERIFIED-AGAINST-MARKDOWN-COMPANION
CL-102,102,1,4,Churches preserve clergy/community.,Churches preserve clergy/community.,102,False,False,single-statement,False,ART-003,"poppler pdftotext 24.02.0 default mode, per page",b54892b596fadc247cb3e145dfec9805c049e61de242902c7482ea688e92e194,DERIVATIVE-UNVERIFIED-AGAINST-MARKDOWN-COMPANION
CL-103,103,1,4,Monasteries preserve women/property/poetry.,Monasteries preserve women/property/poetry.,103,False,False,single-statement,False,ART-003,"poppler pdftotext 24.02.0 default mode, per page",aee430670cded7d35ad4e1c9f8128e41ec2bb31292600421ac7459189cd0e819,DERIVATIVE-UNVERIFIED-AGAINST-MARKDOWN-COMPANION
CL-104,104,1,4,Poets preserve names/houses/political memory.,Poets preserve names/houses/political memory.,104,False,False,single-statement,False,ART-003,"poppler pdftotext 24.02.0 default mode, per page",ab1a4b5806e10c1bed408143c2e1eef64f5a202c4645a6cfd38819f0d3ffe781,DERIVATIVE-UNVERIFIED-AGAINST-MARKDOWN-COMPANION
CL-105,105,1,4,Conquest narratives preserve surrender/fiscal representation.,Conquest narratives preserve surrender/fiscal representation.,105,False,False,single-statement,False,ART-003,"poppler pdftotext 24.02.0 default mode, per page",df443ed1d358404388e273b128ddae03b999a12852abdc35d902fd63eab7e34f,DERIVATIVE-UNVERIFIED-AGAINST-MARKDOWN-COMPANION
CL-106,106,1,4,Archaeology preserves buildings/spatial continuity.,Archaeology preserves buildings/spatial continuity.,106,False,False,single-statement,False,ART-003,"poppler pdftotext 24.02.0 default mode, per page",0e6a42b026f0d45ad2d989aeb81de700db46fcb43418fc3eb2a53d8bf75e3bd0,DERIVATIVE-UNVERIFIED-AGAINST-MARKDOWN-COMPANION
CL-107,107,1,4,Schools preserve intellectual transmission.,Schools preserve intellectual transmission.,107,False,False,single-statement,False,ART-003,"poppler pdftotext 24.02.0 default mode, per page",75285d5de12487cb4e1f6333845ad8599003e40a93e50e52cfcd2a6ffe09de7e,DERIVATIVE-UNVERIFIED-AGAINST-MARKDOWN-COMPANION
CL-108,108,1,4,External sources preserve imperial chronology.,External sources preserve imperial chronology.,108,False,False,single-statement,False,ART-003,"poppler pdftotext 24.02.0 default mode, per page",54e3fca50fd252ad1fbae021641b0ded4a912b14bb240da45e05e4b9b7c18b96,DERIVATIVE-UNVERIFIED-AGAINST-MARKDOWN-COMPANION
CL-109,109,1,4,No single archive is expected to preserve the complete network.,No single archive is expected to preserve the complete network.,109,False,False,single-statement,False,ART-003,"poppler pdftotext 24.02.0 default mode, per page",2bfcd98d78fe9869a4e01c916b485362719b854ca08ff909f98a95d4fd90d03d,DERIVATIVE-UNVERIFIED-AGAINST-MARKDOWN-COMPANION
CL-110,110,1,4,Cross-institutional convergence is therefore central.,Cross-institutional convergence is therefore central.,110,False,False,single-statement,False,ART-003,"poppler pdftotext 24.02.0 default mode, per page",89dd8227aedbd8723f679c7b87a963c47f5e8bbf03a9bc9fe3d61c02a9115ef4,DERIVATIVE-UNVERIFIED-AGAINST-MARKDOWN-COMPANION
CL-111,111,1,4,Pre-conquest differentiated network.,Pre-conquest differentiated network.,111,False,False,single-statement,False,ART-003,"poppler pdftotext 24.02.0 default mode, per page",069504834aa9fd980141c721b783cc73725c4c391a32d5120fad0311cc83fb9f,DERIVATIVE-UNVERIFIED-AGAINST-MARKDOWN-COMPANION
CL-112,112,1,4,Lakhmid succession crisis.,Lakhmid succession crisis.,112,False,False,single-statement,False,ART-003,"poppler pdftotext 24.02.0 default mode, per page",a3e713911e31f692e4af1d4d4258e6d8cb2463e8add8a1b56436d0a51d9e95bb,DERIVATIVE-UNVERIFIED-AGAINST-MARKDOWN-COMPANION
CL-113,113,1,4,Sasanian administrative reconfiguration.,Sasanian administrative reconfiguration.,113,False,False,single-statement,False,ART-003,"poppler pdftotext 24.02.0 default mode, per page",0fed21653de906ce5dfb081552acfa84688066fe6e828d1a410d47a251fd8751,DERIVATIVE-UNVERIFIED-AGAINST-MARKDOWN-COMPANION
CL-114,114,1,4,Custodial/property networks.,Custodial/property networks.,114,False,False,single-statement,False,ART-003,"poppler pdftotext 24.02.0 default mode, per page",e8543b4a5061630b3fe42a97a7afb2e090f31451b043c82ee22e17e0fd9023fa,DERIVATIVE-UNVERIFIED-AGAINST-MARKDOWN-COMPANION
CL-115,115,1,4,633 fortified-house transition.,633 fortified-house transition.,115,False,False,single-statement,False,ART-003,"poppler pdftotext 24.02.0 default mode, per page",ebf098ae73909138a1e6b46c04784984fbb74d3aea9cbe4fdb6d5678225a487d,DERIVATIVE-UNVERIFIED-AGAINST-MARKDOWN-COMPANION
CL-116,116,1,4,Negotiated surrender.,Negotiated surrender.,116,False,False,single-statement,False,ART-003,"poppler pdftotext 24.02.0 default mode, per page",fe075305a8d9c32460970162ed35af7a5f37c9f96b08f1576f252ec1b2c4fd9e,DERIVATIVE-UNVERIFIED-AGAINST-MARKDOWN-COMPANION
CL-117,117,1,4,Muslim incorporation.,Muslim incorporation.,117,False,False,single-statement,False,ART-003,"poppler pdftotext 24.02.0 default mode, per page",1831743775de051eb300533dc684dd1f2d08be21d821d3109e7ef947507e4693,DERIVATIVE-UNVERIFIED-AGAINST-MARKDOWN-COMPANION
CL-118,118,1,4,Post-conquest institutional transformation.,Post-conquest institutional transformation.,118,False,False,single-statement,False,ART-003,"poppler pdftotext 24.02.0 default mode, per page",16c35ad222a7e43bef663e0c69153bc057bd14171ec01d3b23be13cff5aad7fc,DERIVATIVE-UNVERIFIED-AGAINST-MARKDOWN-COMPANION
CL-119,119,1,4,Later historiographical re-indexing.,Later historiographical re-indexing.,119,False,False,single-statement,False,ART-003,"poppler pdftotext 24.02.0 default mode, per page",f64d6beeba9a9a83d03fd62dabf15b45c63a02c057018ef6e6bb8c6a9d2475ca,DERIVATIVE-UNVERIFIED-AGAINST-MARKDOWN-COMPANION
CL-120,120,1,4,Modern scholarly reconstruction.,Modern scholarly reconstruction.,120,False,False,single-statement,False,ART-003,"poppler pdftotext 24.02.0 default mode, per page",3d32185242122d1084fdedab3bc9f9996796058c13a26d1637b7df0dbcdba860,DERIVATIVE-UNVERIFIED-AGAINST-MARKDOWN-COMPANION
CL-121,121,1,4,These stages must not be collapsed into a single narrative event.,These stages must not be collapsed into a single narrative event.,121,False,False,single-statement,False,ART-003,"poppler pdftotext 24.02.0 default mode, per page",177309fd6e7f8fd6ac7ea29b0b92a880571c4f4c78f1df702619dea68eb8b24a,DERIVATIVE-UNVERIFIED-AGAINST-MARKDOWN-COMPANION
CL-122,122,1,4,Political succession can terminate while institutional networks continue.,Political succession can terminate while institutional networks continue.,122,False,False,single-statement,False,ART-003,"poppler pdftotext 24.02.0 default mode, per page",be3afc644344009f6d86f07f31144cad17c98f49e35735e4ae5acb045103a5ea,DERIVATIVE-UNVERIFIED-AGAINST-MARKDOWN-COMPANION
CL-123,123,1,4,Ecclesiastical succession can continue without dynastic succession.,Ecclesiastical succession can continue without dynastic succession.,123,False,False,single-statement,False,ART-003,"poppler pdftotext 24.02.0 default mode, per page",127d72188a92da38e7c17eef9cde7ade41efdb0c80acf9037c30f6c11cceddad,DERIVATIVE-UNVERIFIED-AGAINST-MARKDOWN-COMPANION
CL-124,124,1,4,Educational succession can continue after political collapse.,Educational succession can continue after political collapse.,124,False,False,single-statement,False,ART-003,"poppler pdftotext 24.02.0 default mode, per page",179a2da9c4a0f091a1de3c803b627c3d352f75b13a32d096d293c9e8099421bd,DERIVATIVE-UNVERIFIED-AGAINST-MARKDOWN-COMPANION
CL-125,125,1,4,The entire project is therefore best modeled as intersecting institutional histories rather than one uninterrupted dynasty.,The entire project is therefore best modeled as intersecting institutional histories rather than one uninterrupted dynasty.,125,False,False,single-statement,False,ART-003,"poppler pdftotext 24.02.0 default mode, per page",9718480d225901b71369594136404cb334ba8c7dedc6bfbbe63f66c66928ca67,DERIVATIVE-UNVERIFIED-AGAINST-MARKDOWN-COMPANION
CL-126,126,2,4,633 must be treated as an absorption event as well as a military victory.,633 must be treated as an absorption event as well as a military victory.,126,False,False,single-statement,False,ART-003,"poppler pdftotext 24.02.0 default mode, per page",77d5a5727c577d2bc2a0c5f824af10eeb7c0bc2518a26f62268f8f88d98fede7,DERIVATIVE-UNVERIFIED-AGAINST-MARKDOWN-COMPANION
CL-127,127,2,4,Negotiated surrender preserves political representation.,Negotiated surrender preserves political representation.,127,False,False,single-statement,False,ART-003,"poppler pdftotext 24.02.0 default mode, per page",469a0b419127684beadc7f0c0c76a930cad87a2c39ceb9aae9508f5b01cd820e,DERIVATIVE-UNVERIFIED-AGAINST-MARKDOWN-COMPANION
CL-128,128,2,4,Fiscal terms preserve institutional information.,Fiscal terms preserve institutional information.,128,False,False,single-statement,False,ART-003,"poppler pdftotext 24.02.0 default mode, per page",b99b3fc6a3e43234523eb35d2018dcfe3e7b9da8690284d9a3a9748454b0403b,DERIVATIVE-UNVERIFIED-AGAINST-MARKDOWN-COMPANION
CL-129,129,2,4,Protected churches/residences preserve property continuity.,Protected churches/residences preserve property continuity.,129,False,False,single-statement,False,ART-003,"poppler pdftotext 24.02.0 default mode, per page",570f4e41c0636edfc67e234bdc8ecfeaced53342ffddbe0375400063c0294420,DERIVATIVE-UNVERIFIED-AGAINST-MARKDOWN-COMPANION
CL-130,130,2,4,Personnel lists preserve representative networks.,Personnel lists preserve representative networks.,130,False,False,single-statement,False,ART-003,"poppler pdftotext 24.02.0 default mode, per page",dbb3d019002b6d64a8654f45f56a011f8f96e2502e177f6dfdc082f2f221cbf7,DERIVATIVE-UNVERIFIED-AGAINST-MARKDOWN-COMPANION
CL-131,131,2,4,Surrender narratives should not be read as complete political rosters.,Surrender narratives should not be read as complete political rosters.,131,False,False,single-statement,False,ART-003,"poppler pdftotext 24.02.0 default mode, per page",217fd83ac1d053cdde7797f03342f95860bfc14f195d769bed2f4fbfbdecff92,DERIVATIVE-UNVERIFIED-AGAINST-MARKDOWN-COMPANION
CL-132,132,2,4,Different conquest sources index different institutional layers.,Different conquest sources index different institutional layers.,132,False,False,single-statement,False,ART-003,"poppler pdftotext 24.02.0 default mode, per page",e3e7b1915c97e719ac3be01000cf33b0e200186b3406c1242f3c7e517538cd13,DERIVATIVE-UNVERIFIED-AGAINST-MARKDOWN-COMPANION
CL-133,133,2,4,Four-castle traditions index physical concentration.,Four-castle traditions index physical concentration.,133,False,False,single-statement,False,ART-003,"poppler pdftotext 24.02.0 default mode, per page",2a623b9299676575bb3bef63277dbc12ef5a8e499da140fde8726f588c74a53b,DERIVATIVE-UNVERIFIED-AGAINST-MARKDOWN-COMPANION
CL-134,134,2,4,Treaty traditions index representation.,Treaty traditions index representation.,134,False,False,single-statement,False,ART-003,"poppler pdftotext 24.02.0 default mode, per page",d367d292c6b3c14446b8af5400bb58502e9fb9ffb171a4de7e8dcd99060eab91,DERIVATIVE-UNVERIFIED-AGAINST-MARKDOWN-COMPANION
CL-135,135,2,5,H■ni■ traditions index household/tribal/property continuity.,H■ni■ traditions index household/tribal/property continuity.,135,False,False,single-statement,True,ART-003,"poppler pdftotext 24.02.0 default mode, per page",f3fbb569bd0a3f5d7d0dd4d99b58044be7e7f8ebedc05e3302ccf8180423e543,DERIVATIVE-UNVERIFIED-AGAINST-MARKDOWN-COMPANION
CL-136,136,2,5,Kh■lid's role belongs to conquest/absorption layer.,Kh■lid's role belongs to conquest/absorption layer.,136,False,False,single-statement,True,ART-003,"poppler pdftotext 24.02.0 default mode, per page",830b74db12cd5b3e79b81eaf48e2bc395022bdeaeb50f3ff25775fa0dc65d784,DERIVATIVE-UNVERIFIED-AGAINST-MARKDOWN-COMPANION
CL-137,137,2,5,al-Muthann■ belongs to transition/continuation layer.,al-Muthann■ belongs to transition/continuation layer.,137,False,False,single-statement,True,ART-003,"poppler pdftotext 24.02.0 default mode, per page",813d83a2ec127d3b6b16ad89eeddca7986ad7fda2285fc4432119c8471425490,DERIVATIVE-UNVERIFIED-AGAINST-MARKDOWN-COMPANION
CL-138,138,2,5,■z■dhbih/Z■dh■yeh belongs to Sasanian administrative transition.,■z■dhbih/Z■dh■yeh belongs to Sasanian administrative transition.,138,False,False,single-statement,True,ART-003,"poppler pdftotext 24.02.0 default mode, per page",2170c6048063a4ba9364b2c00bc25561b1deff92d206acdae4a8f4781dad0da1,DERIVATIVE-UNVERIFIED-AGAINST-MARKDOWN-COMPANION
CL-139,139,2,5,Na■■rag■n/Iyas chain requires chronological control.,Na■■rag■n/Iyas chain requires chronological control.,139,False,False,single-statement,True,ART-003,"poppler pdftotext 24.02.0 default mode, per page",305f76a6981cf6e90cf9646795d7b25445adaa9d9c0451c4548e24b47645b1ee,DERIVATIVE-UNVERIFIED-AGAINST-MARKDOWN-COMPANION
CL-140,140,2,5,Lakhmid monarchy → Iyas → Sasanian reconfiguration → Arab conquest is a useful structural sequence.,Lakhmid monarchy → Iyas → Sasanian reconfiguration → Arab conquest is a useful structural sequence.,140,False,False,single-statement,False,ART-003,"poppler pdftotext 24.02.0 default mode, per page",9882dad21033a8639e721dfdb66a7214946d575f095e2c7b22599f90a8de0227,DERIVATIVE-UNVERIFIED-AGAINST-MARKDOWN-COMPANION
CL-141,141,2,5,Four-castle structure is independently coherent as a physical/political urban layer.,Four-castle structure is independently coherent as a physical/political urban layer.,141,False,False,single-statement,False,ART-003,"poppler pdftotext 24.02.0 default mode, per page",d01bd5fb4b8b40a8dcbf473108c7d45bc5d7af334a8699d3751049b909d0112b,DERIVATIVE-UNVERIFIED-AGAINST-MARKDOWN-COMPANION
CL-142,142,2,5,The four-castle enumeration does not require H■ni■.,The four-castle enumeration does not require H■ni■.,142,False,False,single-statement,True,ART-003,"poppler pdftotext 24.02.0 default mode, per page",f6f4d178336be1a2587ed33d9ae1b2d4af1aa3c42b1d6e107f5389d932fe6c24,DERIVATIVE-UNVERIFIED-AGAINST-MARKDOWN-COMPANION
CL-143,143,2,5,H■ni■ is absent from the four-castle enumeration.,H■ni■ is absent from the four-castle enumeration.,143,False,False,single-statement,True,ART-003,"poppler pdftotext 24.02.0 default mode, per page",0f8bc32da18956e7e7563aa672cd0af2ff8cc1b86480d2456293238fd9e46960,DERIVATIVE-UNVERIFIED-AGAINST-MARKDOWN-COMPANION
CL-144,144,2,5,Iyas has the strongest direct urban/administrative attachment.,Iyas has the strongest direct urban/administrative attachment.,144,False,False,single-statement,False,ART-003,"poppler pdftotext 24.02.0 default mode, per page",2062ee40ad095a07e7a3ab6bb9424b47d898a5d0693d7f17a16ac68389863c4d,DERIVATIVE-UNVERIFIED-AGAINST-MARKDOWN-COMPANION
CL-145,145,2,5,Buqayla has strong house/physical-locus attachment.,Buqayla has strong house/physical-locus attachment.,145,False,False,single-statement,False,ART-003,"poppler pdftotext 24.02.0 default mode, per page",a65d39276ce98de56295949befdf5a9fc0ef5ed2ab94b2b22c843bad24fa929d,DERIVATIVE-UNVERIFIED-AGAINST-MARKDOWN-COMPANION
CL-146,146,2,5,■Ad■ b. Zayd belongs to a court/intellectual layer.,■Ad■ b. Zayd belongs to a court/intellectual layer.,146,False,False,single-statement,True,ART-003,"poppler pdftotext 24.02.0 default mode, per page",990ee432c8ae652c19657556f08b19a13244474cc4e9b77126d5bf9353049487,DERIVATIVE-UNVERIFIED-AGAINST-MARKDOWN-COMPANION
CL-147,147,2,5,Ibn Ak■l/■■r■ evidence requires person-level controls.,Ibn Ak■l/■■r■ evidence requires person-level controls.,147,False,False,single-statement,True,ART-003,"poppler pdftotext 24.02.0 default mode, per page",b9ff0fd4bcf07be430b163ea9210f24690e1c957ff109ed3ab6e92630ea7fadc,DERIVATIVE-UNVERIFIED-AGAINST-MARKDOWN-COMPANION
CL-148,148,2,5,"Castle ownership, occupation, representation and command must be separated.","Castle ownership, occupation, representation and command must be separated.",148,False,False,single-statement,False,ART-003,"poppler pdftotext 24.02.0 default mode, per page",65b827e92c79a63f9691ac9173b314c7de4d45e834d3b70b5f56148e4a99c49d,DERIVATIVE-UNVERIFIED-AGAINST-MARKDOWN-COMPANION
CL-149,149,2,5,A named house may preserve property memory without preserving office.,A named house may preserve property memory without preserving office.,149,False,False,single-statement,False,ART-003,"poppler pdftotext 24.02.0 default mode, per page",99fa0cfeb3c0e03d996f1421744329e26498357fec0eca4248121293d2f25bfc,DERIVATIVE-UNVERIFIED-AGAINST-MARKDOWN-COMPANION
CL-150,150,2,5,Physical concentration and political representation are different indexing systems.,Physical concentration and political representation are different indexing systems.,150,False,False,single-statement,False,ART-003,"poppler pdftotext 24.02.0 default mode, per page",670de74abbe1864e18ac3f8ae86624e44aa140721785f0048ab9b951d0a7eb6b,DERIVATIVE-UNVERIFIED-AGAINST-MARKDOWN-COMPANION
CL-151,151,2,5,H■ni■ belongs to a different layer from the four-castle structure.,H■ni■ belongs to a different layer from the four-castle structure.,151,False,False,single-statement,True,ART-003,"poppler pdftotext 24.02.0 default mode, per page",2085036aed9cd4d521b4fac9075a0079bbd72d6a054b64b15da547a241b3366c,DERIVATIVE-UNVERIFIED-AGAINST-MARKDOWN-COMPANION
CL-152,152,2,5,H■ni■'s chronological evidence can correct genealogical assumptions.,H■ni■'s chronological evidence can correct genealogical assumptions.,152,False,False,single-statement,True,ART-003,"poppler pdftotext 24.02.0 default mode, per page",7df70dfb4ed001680ede08daa70fc78af859c200980225a2a5fcab16d812fd12,DERIVATIVE-UNVERIFIED-AGAINST-MARKDOWN-COMPANION
CL-153,153,2,5,Chronology can function as an independent indexing control.,Chronology can function as an independent indexing control.,153,False,False,single-statement,False,ART-003,"poppler pdftotext 24.02.0 default mode, per page",3e59a1cb14e9573752ca7c64e4a58495efab3bef84bc66dd6112eef7b11f65ac,DERIVATIVE-UNVERIFIED-AGAINST-MARKDOWN-COMPANION
CL-154,154,2,5,H■ni■ is therefore a strong chronology-based correction control.,H■ni■ is therefore a strong chronology-based correction control.,154,False,False,single-statement,True,ART-003,"poppler pdftotext 24.02.0 default mode, per page",30dba1a18f5d41dbb86ef31a498b8a9e02fb76b5d9980fbf92057cbb3aa34d40,DERIVATIVE-UNVERIFIED-AGAINST-MARKDOWN-COMPANION
CL-155,155,2,5,Correction can preserve political continuity while altering genealogy.,Correction can preserve political continuity while altering genealogy.,155,False,False,single-statement,False,ART-003,"poppler pdftotext 24.02.0 default mode, per page",cf8d43e25c6a088d20853b1dec959306248f8f194c7a7bd810ab3e12b52150f0,DERIVATIVE-UNVERIFIED-AGAINST-MARKDOWN-COMPANION
CL-156,156,2,5,H■ni■ cannot be used to reconstruct castle command without separate evidence.,H■ni■ cannot be used to reconstruct castle command without separate evidence.,156,False,False,single-statement,True,ART-003,"poppler pdftotext 24.02.0 default mode, per page",7912471603cda31984953790d1bf50dc581829c0553bc80c8534f3b39753d7f3,DERIVATIVE-UNVERIFIED-AGAINST-MARKDOWN-COMPANION
CL-157,157,2,5,H■ni■'s importance lies in the household/tribal/property network.,H■ni■'s importance lies in the household/tribal/property network.,157,False,False,single-statement,True,ART-003,"poppler pdftotext 24.02.0 default mode, per page",c18bf503245daf2027845ff9c5869be2a80cb036c5b4f9ab7edfd9ca288ee7ba,DERIVATIVE-UNVERIFIED-AGAINST-MARKDOWN-COMPANION
CL-158,158,2,5,H■ni■ and Iyas should remain distinct nodes.,H■ni■ and Iyas should remain distinct nodes.,158,False,False,single-statement,True,ART-003,"poppler pdftotext 24.02.0 default mode, per page",1e4080540bbc66e57fc71d6e26f761a3bc9cf50c3cee74f517f921e3dc360f8a,DERIVATIVE-UNVERIFIED-AGAINST-MARKDOWN-COMPANION
CL-159,159,2,5,"Their intersection is structural, not automatically genealogical.","Their intersection is structural, not automatically genealogical.",159,False,False,single-statement,False,ART-003,"poppler pdftotext 24.02.0 default mode, per page",28f2481355a2a6f800424ad2ba752f9be1bbe26d2fcd59b6a36343f709a194db,DERIVATIVE-UNVERIFIED-AGAINST-MARKDOWN-COMPANION
CL-160,160,2,5,“Important in transition” does not equal “castle commander.”,“Important in transition” does not equal “castle commander.”,160,False,False,single-statement,False,ART-003,"poppler pdftotext 24.02.0 default mode, per page",3bbc72d08e15588f412d0b9bdfc3799d1d2da49025ae9b105c341e3cbf219c55,DERIVATIVE-UNVERIFIED-AGAINST-MARKDOWN-COMPANION
CL-161,161,2,5,The network passes an independence test when different nodes are supported by different evidence types.,The network passes an independence test when different nodes are supported by different evidence types.,161,False,False,single-statement,False,ART-003,"poppler pdftotext 24.02.0 default mode, per page",8c0e1f901c113fe7b5d5993987bf841f5e489d038322f7defe73486fe802e302,DERIVATIVE-UNVERIFIED-AGAINST-MARKDOWN-COMPANION
CL-162,162,2,5,No formal unified governing council is currently demonstrated.,No formal unified governing council is currently demonstrated.,162,False,False,single-statement,False,ART-003,"poppler pdftotext 24.02.0 default mode, per page",541e8a725dd6eda684352ae80242165bc5ddbc079f9f791bbc6706c3368002ca,DERIVATIVE-UNVERIFIED-AGAINST-MARKDOWN-COMPANION
CL-163,163,2,5,The network is better modeled as overlapping jurisdictions.,The network is better modeled as overlapping jurisdictions.,163,False,False,single-statement,False,ART-003,"poppler pdftotext 24.02.0 default mode, per page",8cfdac68c4277834fa85fb17d9a1bc58aaa57887485bb9fdac6880b3ae5bfd8f,DERIVATIVE-UNVERIFIED-AGAINST-MARKDOWN-COMPANION
CL-164,164,2,5,R8 = overlapping jurisdiction.,R8 = overlapping jurisdiction.,164,False,False,single-statement,False,ART-003,"poppler pdftotext 24.02.0 default mode, per page",c885249076fe463462ee50b82115d48338f04691dd624b1b87d148c96d7881b9,DERIVATIVE-UNVERIFIED-AGAINST-MARKDOWN-COMPANION
CL-165,165,2,5,Different offices may overlap without forming one centralized institution.,Different offices may overlap without forming one centralized institution.,165,False,False,single-statement,False,ART-003,"poppler pdftotext 24.02.0 default mode, per page",3e3d71d51bd5ce8b1023e834bf72c2f66084059ed8eded2229c62f2a91c17a62,DERIVATIVE-UNVERIFIED-AGAINST-MARKDOWN-COMPANION
CL-166,166,2,5,The same person may intersect several networks without controlling them all.,The same person may intersect several networks without controlling them all.,166,False,False,single-statement,False,ART-003,"poppler pdftotext 24.02.0 default mode, per page",d3fcc421424864b5ee6e11b5b2ee924fc9a4a8af085cbe490c1675db666e8b8b,DERIVATIVE-UNVERIFIED-AGAINST-MARKDOWN-COMPANION
CL-167,167,2,5,Network membership is not equivalent to political command.,Network membership is not equivalent to political command.,167,False,False,single-statement,False,ART-003,"poppler pdftotext 24.02.0 default mode, per page",4b544153f8c0eff5598734738be477fa730781fec6b478e4ff5682091f7026b1,DERIVATIVE-UNVERIFIED-AGAINST-MARKDOWN-COMPANION
CL-168,168,2,5,"Household, tribal, ecclesiastical and administrative relationships must remain separate.","Household, tribal, ecclesiastical and administrative relationships must remain separate.",168,False,False,single-statement,False,ART-003,"poppler pdftotext 24.02.0 default mode, per page",56938fe0248b7cfa2a696a8adcd8c14cd2369b15a203ebd72e100ae61728338a,DERIVATIVE-UNVERIFIED-AGAINST-MARKDOWN-COMPANION
CL-169,169,2,5,"The model should predict selective survival, not universal survival.","The model should predict selective survival, not universal survival.",169,False,False,single-statement,False,ART-003,"poppler pdftotext 24.02.0 default mode, per page",d16b3ead7f94f93dbb059c4667f6af27cf65f627ff66b70ae716f78d46c861be,DERIVATIVE-UNVERIFIED-AGAINST-MARKDOWN-COMPANION
CL-170,170,2,5,Negative controls are essential.,Negative controls are essential.,170,False,False,single-statement,False,ART-003,"poppler pdftotext 24.02.0 default mode, per page",fdef2e2f5702100d0dbcf2cc83767cc0556d6e024ae0fd7f15e02b9ec2c7db9f,DERIVATIVE-UNVERIFIED-AGAINST-MARKDOWN-COMPANION
CL-171,171,2,5,Ruq■sh has a genuine competing tribal attribution.,Ruq■sh has a genuine competing tribal attribution.,171,False,False,single-statement,True,ART-003,"poppler pdftotext 24.02.0 default mode, per page",de9bb92373528a703e5d3bbc8bea25051c37980d175653450494d50822234d20,DERIVATIVE-UNVERIFIED-AGAINST-MARKDOWN-COMPANION
CL-172,172,2,5,Ruq■sh's large military role is stronger evidence than her tribal indexing.,Ruq■sh's large military role is stronger evidence than her tribal indexing.,172,False,False,single-statement,True,ART-003,"poppler pdftotext 24.02.0 default mode, per page",6cfaf5da9e2bdd41cedd2700f79eedcc2444dc7d002380c2feb8558673820ee0,DERIVATIVE-UNVERIFIED-AGAINST-MARKDOWN-COMPANION
CL-173,173,2,5,Ruq■sh preserves political-role memory while losing/competing tribal indexing.,Ruq■sh preserves political-role memory while losing/competing tribal indexing.,173,False,False,single-statement,True,ART-003,"poppler pdftotext 24.02.0 default mode, per page",d4706057fbecdc709db110743a4507a54139c21de789936fc9955aefa28b3ad8,DERIVATIVE-UNVERIFIED-AGAINST-MARKDOWN-COMPANION
CL-174,174,2,5,Ruq■sh does not independently converge on the ■■ra network.,Ruq■sh does not independently converge on the ■■ra network.,174,False,False,single-statement,True,ART-003,"poppler pdftotext 24.02.0 default mode, per page",049813583545598d691fcfb83b5a85cf35d87bc1401d9fe47d76aa8f96822897,DERIVATIVE-UNVERIFIED-AGAINST-MARKDOWN-COMPANION
CL-175,175,2,5,Ruq■sh therefore functions as a negative control.,Ruq■sh therefore functions as a negative control.,175,False,False,single-statement,True,ART-003,"poppler pdftotext 24.02.0 default mode, per page",6981aa2f7fe367345a680a7c73acd68077ae6e13858ab5b53f450476500fec34,DERIVATIVE-UNVERIFIED-AGAINST-MARKDOWN-COMPANION
CL-176,176,2,5,Female political importance cannot automatically be mapped onto ■■ra.,Female political importance cannot automatically be mapped onto ■■ra.,176,False,False,single-statement,True,ART-003,"poppler pdftotext 24.02.0 default mode, per page",e2e8585f913f3b5822841dba8116b6f5b46514a4208f6c8e5b63b06d6ecd074e,DERIVATIVE-UNVERIFIED-AGAINST-MARKDOWN-COMPANION
CL-177,177,2,5,Competing attribution belongs to C2/CV-6.,Competing attribution belongs to C2/CV-6.,177,False,False,single-statement,False,ART-003,"poppler pdftotext 24.02.0 default mode, per page",651a1dfa863ccf5391a052b25ca1b28cc5800f29035b4ed8878875cb934d60e3,DERIVATIVE-UNVERIFIED-AGAINST-MARKDOWN-COMPANION
CL-178,178,2,5,Political role belongs to a separate evidentiary field.,Political role belongs to a separate evidentiary field.,178,False,False,single-statement,False,ART-003,"poppler pdftotext 24.02.0 default mode, per page",e2f52c2c7b31fa232801c416fdd5f60be231a95910daa90d24b4afb406cd5dd9,DERIVATIVE-UNVERIFIED-AGAINST-MARKDOWN-COMPANION
CL-179,179,2,5,This demonstrates field-selective transmission drift.,This demonstrates field-selective transmission drift.,179,False,False,single-statement,False,ART-003,"poppler pdftotext 24.02.0 default mode, per page",a0e40a93ab18b8e2571b4c3329fc7fe26326d62b76dad64cf9952096c76a0244,DERIVATIVE-UNVERIFIED-AGAINST-MARKDOWN-COMPANION
CL-180,180,2,5,The project must not force every female network into the same geographic destination.,The project must not force every female network into the same geographic destination.,180,False,False,single-statement,False,ART-003,"poppler pdftotext 24.02.0 default mode, per page",73fb6c531436af9216202ce944c2e9df37bda31f9e9d12298df0583fdb2ff931,DERIVATIVE-UNVERIFIED-AGAINST-MARKDOWN-COMPANION
CL-181,181,2,5,Bay■n/Iyas = lexical/genealogical indexing drift.,Bay■n/Iyas = lexical/genealogical indexing drift.,181,False,False,single-statement,True,ART-003,"poppler pdftotext 24.02.0 default mode, per page",9fe8c42a9c2835ff7c5ee85cffc6bbbb16d57cebe4d432b1decd16774e5c75a0,DERIVATIVE-UNVERIFIED-AGAINST-MARKDOWN-COMPANION
CL-182,182,2,5,H■ni■ = chronological/genealogical correction.,H■ni■ = chronological/genealogical correction.,182,False,False,single-statement,True,ART-003,"poppler pdftotext 24.02.0 default mode, per page",65e16edfa3f9318f48e20a7f586c46175c9766e5ba1a0b825efa677562e52982,DERIVATIVE-UNVERIFIED-AGAINST-MARKDOWN-COMPANION
CL-183,183,2,5,Iyas/Farwah = person/genealogical instability.,Iyas/Farwah = person/genealogical instability.,183,False,False,single-statement,False,ART-003,"poppler pdftotext 24.02.0 default mode, per page",4fd90f74dc97a3ef14b9487c1865dd8a93bdaf9ef7dcd91ac601fba049782230,DERIVATIVE-UNVERIFIED-AGAINST-MARKDOWN-COMPANION
CL-184,184,2,5,Hind/■urqa = household/monastic indexing.,Hind/■urqa = household/monastic indexing.,184,False,False,single-statement,True,ART-003,"poppler pdftotext 24.02.0 default mode, per page",d445d917a301a18e48cb08cc03a4985c83ba32c6dde88dbd5cf5978ccd43fd41,DERIVATIVE-UNVERIFIED-AGAINST-MARKDOWN-COMPANION
CL-185,185,2,5,Ruq■sh = political role/tribal indexing divergence.,Ruq■sh = political role/tribal indexing divergence.,185,False,False,single-statement,True,ART-003,"poppler pdftotext 24.02.0 default mode, per page",c4ce04d84225de59ddeaef5fcc2f658894118a974afdcca0dc5aa39dcedef9c6,DERIVATIVE-UNVERIFIED-AGAINST-MARKDOWN-COMPANION
CL-186,186,2,5,These are different correction directions.,These are different correction directions.,186,False,False,single-statement,False,ART-003,"poppler pdftotext 24.02.0 default mode, per page",4b02672280b412c74d4e8b55aeb10a7350cf96d279485f53e640a8f6e865df93,DERIVATIVE-UNVERIFIED-AGAINST-MARKDOWN-COMPANION
CL-187,187,2,5,No single “scribal error” model explains them all.,No single “scribal error” model explains them all.,187,False,False,single-statement,False,ART-003,"poppler pdftotext 24.02.0 default mode, per page",a63b98bd3d8dc11e8e3635aeb2b39821c619edeb6bea0fec7bcc36f803686e15,DERIVATIVE-UNVERIFIED-AGAINST-MARKDOWN-COMPANION
CL-188,188,2,5,“Field-selective transmission drift” is the better working category.,“Field-selective transmission drift” is the better working category.,188,False,False,single-statement,False,ART-003,"poppler pdftotext 24.02.0 default mode, per page",96430fff8387738030dd537a9332c471e62e6222e804f4ef4ee582665ba3be60,DERIVATIVE-UNVERIFIED-AGAINST-MARKDOWN-COMPANION
CL-189,189,2,5,Transmission drift can preserve network structure while altering individual indexes.,Transmission drift can preserve network structure while altering individual indexes.,189,False,False,single-statement,False,ART-003,"poppler pdftotext 24.02.0 default mode, per page",8f0a837239f11b9ea1e35a246e34b4023d8a82b4e851b96ed6f8c2d71d7b99b7,DERIVATIVE-UNVERIFIED-AGAINST-MARKDOWN-COMPANION
CL-190,190,2,5,The model is testable because different source classes should preserve different fields.,The model is testable because different source classes should preserve different fields.,190,False,False,single-statement,False,ART-003,"poppler pdftotext 24.02.0 default mode, per page",7fa66c4385b0a4810a62b1cd17892e40e3fe2ec1271530d308608dfdf7be6777,DERIVATIVE-UNVERIFIED-AGAINST-MARKDOWN-COMPANION
CL-191,191,2,5,Rothstein 1899 is a major German Lakhmid control corpus.,Rothstein 1899 is a major German Lakhmid control corpus.,191,False,False,single-statement,False,ART-003,"poppler pdftotext 24.02.0 default mode, per page",09f997e9c9c0fd6364955950c25e1ceeafddae3c95f395554d4c187659bc67c2,DERIVATIVE-UNVERIFIED-AGAINST-MARKDOWN-COMPANION
CL-192,192,2,5,"Rothstein cross-indexes Arabic literary, genealogical and Persian/Sasanian material.","Rothstein cross-indexes Arabic literary, genealogical and Persian/Sasanian material.",192,False,False,single-statement,False,ART-003,"poppler pdftotext 24.02.0 default mode, per page",90c382ac226abbd282b1893742b205cfea21cede0beb0bf5308a88c4b41b7d6f,DERIVATIVE-UNVERIFIED-AGAINST-MARKDOWN-COMPANION
CL-193,193,2,5,Rothstein remains foundational but must be source-critically re-evaluated.,Rothstein remains foundational but must be source-critically re-evaluated.,193,False,False,single-statement,False,ART-003,"poppler pdftotext 24.02.0 default mode, per page",8274757ea969882b4d21507f05180af36745c495771ea7aa4d089051473219bd,DERIVATIVE-UNVERIFIED-AGAINST-MARKDOWN-COMPANION
CL-194,194,2,5,Nöldeke's German ■abar■ tradition provides another German transmission layer.,Nöldeke's German ■abar■ tradition provides another German transmission layer.,194,False,False,single-statement,True,ART-003,"poppler pdftotext 24.02.0 default mode, per page",c10133df6354ecbad5b79427cadf59a9f27c0f3d32fbac1d30adaba311cab77c,DERIVATIVE-UNVERIFIED-AGAINST-MARKDOWN-COMPANION
CL-195,195,2,5,Nöldeke is useful for Sasanian administrative context.,Nöldeke is useful for Sasanian administrative context.,195,False,False,single-statement,False,ART-003,"poppler pdftotext 24.02.0 default mode, per page",0ab34767de7bb2266a286fe98f53d72d282368e208f3eb8c8e2d3968094137ae,DERIVATIVE-UNVERIFIED-AGAINST-MARKDOWN-COMPANION
CL-196,196,2,5,Modern German scholarship reframes ■■ra as a multicultural frontier.,Modern German scholarship reframes ■■ra as a multicultural frontier.,196,False,False,single-statement,True,ART-003,"poppler pdftotext 24.02.0 default mode, per page",65bb2cef421d698229c34464eec7007b447d961ad67bc3fa814c3d00d48d1335,DERIVATIVE-UNVERIFIED-AGAINST-MARKDOWN-COMPANION
CL-197,197,2,5,Toral-Niehoff is central to modern German-language conceptualization.,Toral-Niehoff is central to modern German-language conceptualization.,197,False,False,single-statement,False,ART-003,"poppler pdftotext 24.02.0 default mode, per page",39f1137a9939b2354c4b6ec2924ea92df90916469dc1e825d55a7027e5e23eb2,DERIVATIVE-UNVERIFIED-AGAINST-MARKDOWN-COMPANION
CL-198,198,2,5,Hainthaler provides German ecclesiastical/educational control.,Hainthaler provides German ecclesiastical/educational control.,198,False,False,single-statement,False,ART-003,"poppler pdftotext 24.02.0 default mode, per page",34488533ff8360e8df6e077d2bba13c32be9ca3b4c541ca1ca6e45b7bb31f07d,DERIVATIVE-UNVERIFIED-AGAINST-MARKDOWN-COMPANION
CL-199,199,2,5,DAI archaeology provides German material/topographical control.,DAI archaeology provides German material/topographical control.,199,False,False,single-statement,False,ART-003,"poppler pdftotext 24.02.0 default mode, per page",9864138b8f6db7638d83a5d1ef4fef44990b8324587b6eeeb189ca7ccf73924c,DERIVATIVE-UNVERIFIED-AGAINST-MARKDOWN-COMPANION
CL-200,200,2,5,German scholarship therefore constitutes an independent historiographical layer.,German scholarship therefore constitutes an independent historiographical layer.,200,False,False,single-statement,False,ART-003,"poppler pdftotext 24.02.0 default mode, per page",6b6052750a6428d3ff572a7c114d668f6d95d57c973199de8b007f3836b41bba,DERIVATIVE-UNVERIFIED-AGAINST-MARKDOWN-COMPANION
CL-201,201,2,5,Fiey provides ecclesiastical-geographical control.,Fiey provides ecclesiastical-geographical control.,201,False,False,single-statement,False,ART-003,"poppler pdftotext 24.02.0 default mode, per page",b54d5f6ed5e75753d5770eb8d26f2a16949807e2cd7583d4f3f364af051040b5,DERIVATIVE-UNVERIFIED-AGAINST-MARKDOWN-COMPANION
CL-202,202,2,5,Hunter provides Syriac inscriptional control.,Hunter provides Syriac inscriptional control.,202,False,False,single-statement,False,ART-003,"poppler pdftotext 24.02.0 default mode, per page",8f44a3b459dbd519e7611f7ea00ddc0e4baf402cb965eb9ddbf6a25704320fe9,DERIVATIVE-UNVERIFIED-AGAINST-MARKDOWN-COMPANION
CL-203,203,2,5,French scholarship often preserves detailed ecclesiastical geography.,French scholarship often preserves detailed ecclesiastical geography.,203,False,False,single-statement,False,ART-003,"poppler pdftotext 24.02.0 default mode, per page",d0dbfaebb99ba13d186198c5c155290714caced4f3a239544e97bc3fb3d8aeb6,DERIVATIVE-UNVERIFIED-AGAINST-MARKDOWN-COMPANION
CL-204,204,2,5,Syriac scholarship provides a different indexing system from Arabic genealogy.,Syriac scholarship provides a different indexing system from Arabic genealogy.,204,False,False,single-statement,False,ART-003,"poppler pdftotext 24.02.0 default mode, per page",9f4b38840ad01ddfb4bbd9e965379affa86d60ac9b4765244910c5cb86bf61f2,DERIVATIVE-UNVERIFIED-AGAINST-MARKDOWN-COMPANION
CL-205,205,2,5,Christian institutional evidence cannot be reduced to Arabic literary memory.,Christian institutional evidence cannot be reduced to Arabic literary memory.,205,False,False,single-statement,False,ART-003,"poppler pdftotext 24.02.0 default mode, per page",c64e0e6a90dff34b8dc5d93a484fbbcdde7452fe7898d9c06c8930866f2b5062,DERIVATIVE-UNVERIFIED-AGAINST-MARKDOWN-COMPANION
CL-206,206,2,5,■■ra's Christian network extends beyond Lakhmid royal history.,■■ra's Christian network extends beyond Lakhmid royal history.,206,False,False,single-statement,True,ART-003,"poppler pdftotext 24.02.0 default mode, per page",ce31ed85dd416bb78bca8b854cdd8c8208f770ff41d238f41c310772420f4e46,DERIVATIVE-UNVERIFIED-AGAINST-MARKDOWN-COMPANION
CL-207,207,2,5,French 2023 work on monastic traditions is a high-value modern synthesis.,French 2023 work on monastic traditions is a high-value modern synthesis.,207,False,False,single-statement,False,ART-003,"poppler pdftotext 24.02.0 default mode, per page",436f9e86aed1996b317256079be5fcbf8b933f9f2fd69aa7cbc64871bbc1cd1c,DERIVATIVE-UNVERIFIED-AGAINST-MARKDOWN-COMPANION
CL-208,208,2,5,Hunter 1996 is a peer-reviewed inscriptional corpus.,Hunter 1996 is a peer-reviewed inscriptional corpus.,208,False,False,single-statement,False,ART-003,"poppler pdftotext 24.02.0 default mode, per page",2b6cdeca4cef67dd68cf0863ac36d582ccc47a3f68b47b31e566aa39b1e8ae88,DERIVATIVE-UNVERIFIED-AGAINST-MARKDOWN-COMPANION
CL-209,209,2,5,The Syriac evidence controls over-Arabization of ■■ra.,The Syriac evidence controls over-Arabization of ■■ra.,209,False,False,single-statement,True,ART-003,"poppler pdftotext 24.02.0 default mode, per page",c743dc82230a86c57b1ce1042935a701e92bd37af77e36545fe863fad73b7d23,DERIVATIVE-UNVERIFIED-AGAINST-MARKDOWN-COMPANION
CL-210,210,2,6,"Arabic and Syriac traditions should be cross-indexed, not merged.","Arabic and Syriac traditions should be cross-indexed, not merged.",210,False,False,single-statement,False,ART-003,"poppler pdftotext 24.02.0 default mode, per page",eedb354bcc6420ef90c31f65bd78b1d8283b4cbaae71d6ea8f839942bb476146,DERIVATIVE-UNVERIFIED-AGAINST-MARKDOWN-COMPANION
CL-211,211,2,6,al-■■ra is a multi-institutional transmission node.,al-■■ra is a multi-institutional transmission node.,211,False,False,single-statement,True,ART-003,"poppler pdftotext 24.02.0 default mode, per page",ad1e2cccfe8c2d3ae97565d2c37edd0dac429d7755b0c5dee355d5fe4be7d742,DERIVATIVE-UNVERIFIED-AGAINST-MARKDOWN-COMPANION
CL-212,212,2,6,It is a memory ecology rather than simply a political capital.,It is a memory ecology rather than simply a political capital.,212,False,False,single-statement,False,ART-003,"poppler pdftotext 24.02.0 default mode, per page",4b78e720c5360802b31351eca2580a607fbd1caaba4f3f5111f930ad82404af1,DERIVATIVE-UNVERIFIED-AGAINST-MARKDOWN-COMPANION
CL-213,213,2,6,Court memory preserves rulers/offices.,Court memory preserves rulers/offices.,213,False,False,single-statement,False,ART-003,"poppler pdftotext 24.02.0 default mode, per page",06e953bcaa85c6dddbdb14d86da3d6b05834b4e45834513057857039229eb599,DERIVATIVE-UNVERIFIED-AGAINST-MARKDOWN-COMPANION
CL-214,214,2,6,Tribal memory preserves ancestry/allegiance.,Tribal memory preserves ancestry/allegiance.,214,False,False,single-statement,False,ART-003,"poppler pdftotext 24.02.0 default mode, per page",c13a1cc28f34b1bf675e3c658d266a41307cec1facabb9d2b1e25e64030be234,DERIVATIVE-UNVERIFIED-AGAINST-MARKDOWN-COMPANION
CL-215,215,2,6,Ecclesiastical memory preserves bishops/communities.,Ecclesiastical memory preserves bishops/communities.,215,False,False,single-statement,False,ART-003,"poppler pdftotext 24.02.0 default mode, per page",460d960093f35bf2bfe49818da3dac4bc123f0fdacaea994e91bd63e148e54d1,DERIVATIVE-UNVERIFIED-AGAINST-MARKDOWN-COMPANION
CL-216,216,2,6,Monastic memory preserves women/property/poetry.,Monastic memory preserves women/property/poetry.,216,False,False,single-statement,False,ART-003,"poppler pdftotext 24.02.0 default mode, per page",b95fcba9e93e214d7b173421de405cdc60500cfbda9f29b88dda745ef842bb6f,DERIVATIVE-UNVERIFIED-AGAINST-MARKDOWN-COMPANION
CL-217,217,2,6,Educational memory preserves teachers/texts.,Educational memory preserves teachers/texts.,217,False,False,single-statement,False,ART-003,"poppler pdftotext 24.02.0 default mode, per page",72d788a52b95642818f3ff25b47ac7c6170ede13f910868d01f3f0b917d897b8,DERIVATIVE-UNVERIFIED-AGAINST-MARKDOWN-COMPANION
CL-218,218,2,6,Archaeology preserves buildings/spatial relationships.,Archaeology preserves buildings/spatial relationships.,218,False,False,single-statement,False,ART-003,"poppler pdftotext 24.02.0 default mode, per page",2e5b702c12760ccbe515453205f18efb65539fbb48d49c1b0aa8ed423013691a,DERIVATIVE-UNVERIFIED-AGAINST-MARKDOWN-COMPANION
CL-219,219,2,6,External imperial sources preserve broader chronology.,External imperial sources preserve broader chronology.,219,False,False,single-statement,False,ART-003,"poppler pdftotext 24.02.0 default mode, per page",b807f50be4774006532207a291676b35bb8f00bef13ad15087acf9aeb7b5a565,DERIVATIVE-UNVERIFIED-AGAINST-MARKDOWN-COMPANION
CL-220,220,2,6,Linguistic memory preserves intermediary roles.,Linguistic memory preserves intermediary roles.,220,False,False,single-statement,False,ART-003,"poppler pdftotext 24.02.0 default mode, per page",2ed76928fb0a3c7a56b8b4ad4bdfaabd8cc093187576ab1c1380466060c72b98,DERIVATIVE-UNVERIFIED-AGAINST-MARKDOWN-COMPANION
CL-221,221,2,6,Institutional Continuity Grade = IC-0 through IC-5.,Institutional Continuity Grade = IC-0 through IC-5.,221,False,False,single-statement,False,ART-003,"poppler pdftotext 24.02.0 default mode, per page",1b343b7aece3b3fa2a4311e25398b5dd5e46507c2e848749c737a42679d825df,DERIVATIVE-UNVERIFIED-AGAINST-MARKDOWN-COMPANION
CL-222,222,2,6,IC-0 = no evidence.,IC-0 = no evidence.,222,False,False,single-statement,False,ART-003,"poppler pdftotext 24.02.0 default mode, per page",6db960f7060761aeb574fc50f92dae31690afcbf97e69fcd66264cdeb40c7d35,DERIVATIVE-UNVERIFIED-AGAINST-MARKDOWN-COMPANION
CL-223,223,2,6,IC-1 = repeated place-name memory.,IC-1 = repeated place-name memory.,223,False,False,single-statement,False,ART-003,"poppler pdftotext 24.02.0 default mode, per page",0b7b0ee1096c65ae49176d0f8596d220a9c1a1d18c5ff3f4180b5aa2a7e88bbb,DERIVATIVE-UNVERIFIED-AGAINST-MARKDOWN-COMPANION
CL-224,224,2,6,IC-2 = inferred continuity from literary sources.,IC-2 = inferred continuity from literary sources.,224,False,False,single-statement,False,ART-003,"poppler pdftotext 24.02.0 default mode, per page",18b2e11777e3093950afe44e7959ab39d15b6b0aea0e79a2e90d4153cafe1aa4,DERIVATIVE-UNVERIFIED-AGAINST-MARKDOWN-COMPANION
CL-225,225,2,6,IC-3 = named office-holders across generations.,IC-3 = named office-holders across generations.,225,False,False,single-statement,False,ART-003,"poppler pdftotext 24.02.0 default mode, per page",5ea07af464b4e8eed7ab251a9e605b102ae61960dfbe25aa5e03ed648fd3cb6a,DERIVATIVE-UNVERIFIED-AGAINST-MARKDOWN-COMPANION
CL-226,226,2,6,IC-4 = archaeological + textual continuity.,IC-4 = archaeological + textual continuity.,226,False,False,single-statement,False,ART-003,"poppler pdftotext 24.02.0 default mode, per page",8b35b64a5b98c06a3a2ce92f02e0e7dc5d9a8a17d799420efb883bfff62a3359,DERIVATIVE-UNVERIFIED-AGAINST-MARKDOWN-COMPANION
CL-227,227,2,6,IC-5 = demonstrable institutional continuity across regime change.,IC-5 = demonstrable institutional continuity across regime change.,227,False,False,single-statement,False,ART-003,"poppler pdftotext 24.02.0 default mode, per page",366c2cd8cc8f01915b863a29f1125e6f9c25e1fb1ba80c0bb17901d0cdb53030,DERIVATIVE-UNVERIFIED-AGAINST-MARKDOWN-COMPANION
CL-228,228,2,6,Most individual ■■ra claims should not be promoted beyond their actual grade.,Most individual ■■ra claims should not be promoted beyond their actual grade.,228,False,False,single-statement,True,ART-003,"poppler pdftotext 24.02.0 default mode, per page",5c073da4cc8f57d7605481c044addaa05df5cb153d3b9ec61c76b0af8ce44d73,DERIVATIVE-UNVERIFIED-AGAINST-MARKDOWN-COMPANION
CL-229,229,2,6,Political dynasty continuity is weaker than some ecclesiastical continuity.,Political dynasty continuity is weaker than some ecclesiastical continuity.,229,False,False,single-statement,False,ART-003,"poppler pdftotext 24.02.0 default mode, per page",16f5b116da0b3503d7307deaafa6dafa6bda20a1b52cd6603e0b7085ae582d71,DERIVATIVE-UNVERIFIED-AGAINST-MARKDOWN-COMPANION
CL-230,230,2,6,Educational continuity can be demonstrable even where political continuity is not.,Educational continuity can be demonstrable even where political continuity is not.,230,False,False,single-statement,False,ART-003,"poppler pdftotext 24.02.0 default mode, per page",f1c787b3e618173ab3744688760426d9e521b7b2e9e4354a273e1529fa71d412,DERIVATIVE-UNVERIFIED-AGAINST-MARKDOWN-COMPANION
CL-231,231,2,6,Physical continuity must be independently assessed.,Physical continuity must be independently assessed.,231,False,False,single-statement,False,ART-003,"poppler pdftotext 24.02.0 default mode, per page",9118fc46f20a633ad5023eb12189dfabe29dea64338a31e5865702aca5f4e590,DERIVATIVE-UNVERIFIED-AGAINST-MARKDOWN-COMPANION
CL-232,232,2,6,AD-1 = same-source convergence.,AD-1 = same-source convergence.,232,False,False,single-statement,False,ART-003,"poppler pdftotext 24.02.0 default mode, per page",7769b6273f1e967bcf81c2e9c3cd09e3e6792e15ea5813fa1b0bbd478e64663b,DERIVATIVE-UNVERIFIED-AGAINST-MARKDOWN-COMPANION
CL-233,233,2,6,AD-2 = independent textual traditions.,AD-2 = independent textual traditions.,233,False,False,single-statement,False,ART-003,"poppler pdftotext 24.02.0 default mode, per page",36b377eb162acae95ea530fc0b96f0ac3c99a791c7787367e8105cedab1cddf2,DERIVATIVE-UNVERIFIED-AGAINST-MARKDOWN-COMPANION
CL-234,234,2,6,AD-3 = different languages/traditions.,AD-3 = different languages/traditions.,234,False,False,single-statement,False,ART-003,"poppler pdftotext 24.02.0 default mode, per page",664c30498a5831331e581e89a51551e28aabe41090113c66ce6f9144d9d1a6d0,DERIVATIVE-UNVERIFIED-AGAINST-MARKDOWN-COMPANION
CL-235,235,2,6,AD-4 = text + archaeology.,AD-4 = text + archaeology.,235,False,False,single-statement,False,ART-003,"poppler pdftotext 24.02.0 default mode, per page",1c9b8cc7ed1ac3a60b6893fa7f013c5ff54ce26528dfc24a5ec4633fb932af96,DERIVATIVE-UNVERIFIED-AGAINST-MARKDOWN-COMPANION
CL-236,236,2,6,AD-5 = text + inscription.,AD-5 = text + inscription.,236,False,False,single-statement,False,ART-003,"poppler pdftotext 24.02.0 default mode, per page",7c32f60d939da80dc23324bf9806d7e83c620bcda64a05e092c38d58602e2103,DERIVATIVE-UNVERIFIED-AGAINST-MARKDOWN-COMPANION
CL-237,237,2,6,AD-6 = multi-layer convergence.,AD-6 = multi-layer convergence.,237,False,False,single-statement,False,ART-003,"poppler pdftotext 24.02.0 default mode, per page",ee849d19212ec554ebc043cdd73633357210a67206e0b41bc445a03adb0752d0,DERIVATIVE-UNVERIFIED-AGAINST-MARKDOWN-COMPANION
CL-238,238,2,6,Cross-language convergence is stronger than intra-source repetition.,Cross-language convergence is stronger than intra-source repetition.,238,False,False,single-statement,False,ART-003,"poppler pdftotext 24.02.0 default mode, per page",aa537b970f61e3f24e7ddf88e506e03f954249c6525f8b92bccb14131339b92d,DERIVATIVE-UNVERIFIED-AGAINST-MARKDOWN-COMPANION
CL-239,239,2,6,AD-6 is the target for high-confidence network intersections.,AD-6 is the target for high-confidence network intersections.,239,False,False,single-statement,False,ART-003,"poppler pdftotext 24.02.0 default mode, per page",2ce6b70beae212cae4606d49d02dd7d24106103dda4b824ccb73bff146da9c36,DERIVATIVE-UNVERIFIED-AGAINST-MARKDOWN-COMPANION
CL-240,240,2,6,Hind provides an especially strong multi-layer candidate.,Hind provides an especially strong multi-layer candidate.,240,False,False,single-statement,False,ART-003,"poppler pdftotext 24.02.0 default mode, per page",6be09965b296e85d44c8dd72f44e07ae5084a0f8a79dee61624c461ba210b795,DERIVATIVE-UNVERIFIED-AGAINST-MARKDOWN-COMPANION
CL-241,241,2,6,Ecclesiastical prosopography can provide independent chronological spine.,Ecclesiastical prosopography can provide independent chronological spine.,241,False,False,single-statement,False,ART-003,"poppler pdftotext 24.02.0 default mode, per page",49c623440285d9ce698265e67e10203b0c506f13e4ea7d9bbda24fa6e2fc2a1c,DERIVATIVE-UNVERIFIED-AGAINST-MARKDOWN-COMPANION
CL-242,242,2,6,That spine must remain separate from the Lakhmid dynastic spine.,That spine must remain separate from the Lakhmid dynastic spine.,242,False,False,single-statement,False,ART-003,"poppler pdftotext 24.02.0 default mode, per page",2d9cf3d9186d5ef1c8af0e9aa1924631f867b647d7320d622b33af801a36bb3e,DERIVATIVE-UNVERIFIED-AGAINST-MARKDOWN-COMPANION
CL-243,243,2,6,Two independent spines may intersect without being identical.,Two independent spines may intersect without being identical.,243,False,False,single-statement,False,ART-003,"poppler pdftotext 24.02.0 default mode, per page",6d4de06beb4e6026e73562d81f9ab902ca4a04e55c8748fcf1540a20d8afb056,DERIVATIVE-UNVERIFIED-AGAINST-MARKDOWN-COMPANION
CL-244,244,2,6,This is a central project-control principle.,This is a central project-control principle.,244,False,False,single-statement,False,ART-003,"poppler pdftotext 24.02.0 default mode, per page",6048a3b607230f36f735361675340e21d912f51e973c07d28bba4d6d2ec768f9,DERIVATIVE-UNVERIFIED-AGAINST-MARKDOWN-COMPANION
CL-245,245,2,6,A network can be historically real without surviving as one named institution.,A network can be historically real without surviving as one named institution.,245,False,False,single-statement,False,ART-003,"poppler pdftotext 24.02.0 default mode, per page",6d4ed35bab4fbe38862404c246cdc8ec1aa212759ad2405d14ce1f5bf0a4ed05,DERIVATIVE-UNVERIFIED-AGAINST-MARKDOWN-COMPANION
CL-246,246,2,6,Institutional transformation must be distinguished from institutional disappearance.,Institutional transformation must be distinguished from institutional disappearance.,246,False,False,single-statement,False,ART-003,"poppler pdftotext 24.02.0 default mode, per page",9a7001e1690b76f43c04575810f9cb8ff7477bcddeff79faa0d0d5adb926d0c2,DERIVATIVE-UNVERIFIED-AGAINST-MARKDOWN-COMPANION
CL-247,247,2,6,“Under-indexed” is safer than “erased.”,“Under-indexed” is safer than “erased.”,247,False,False,single-statement,False,ART-003,"poppler pdftotext 24.02.0 default mode, per page",540125cc1b4c3a398dcf675346f6f10ec3b04de12417b772fc720b0f2a96f96d,DERIVATIVE-UNVERIFIED-AGAINST-MARKDOWN-COMPANION
CL-248,248,2,6,Absence of a later name is not proof of deliberate suppression.,Absence of a later name is not proof of deliberate suppression.,248,False,False,single-statement,False,ART-003,"poppler pdftotext 24.02.0 default mode, per page",e6ba2554b2cddec58c1284fa830c8ffac722d069dc3fdde8c176bdacb4d81873,DERIVATIVE-UNVERIFIED-AGAINST-MARKDOWN-COMPANION
CL-249,249,2,6,The ledger therefore records uncertainty rather than resolving it by narrative preference.,The ledger therefore records uncertainty rather than resolving it by narrative preference.,249,False,False,single-statement,False,ART-003,"poppler pdftotext 24.02.0 default mode, per page",c2cf580e4ae0e1097da60f360272a94db9e18bbf3940a067ff590c494c75c1fd,DERIVATIVE-UNVERIFIED-AGAINST-MARKDOWN-COMPANION
CL-250,250,2,6,The political-network layer is now structurally mature enough to integrate with the ecclesiastical layer.,The political-network layer is now structurally mature enough to integrate with the ecclesiastical layer.,250,False,False,single-statement,False,ART-003,"poppler pdftotext 24.02.0 default mode, per page",9245867de2643c4b9828ac089d98a55540e2550d699d80f0c8d8be9c7c79a1cf,DERIVATIVE-UNVERIFIED-AGAINST-MARKDOWN-COMPANION
CL-251,251,3,6,CL-375 — Bay■n / House of Iyas / female networks / institutional memory,CL-375 — Bay■n / House of Iyas / female networks / institutional memory,251,False,False,range-style-statement,True,ART-003,"poppler pdftotext 24.02.0 default mode, per page",9c1ea7c52f7a79dd38045dd4f7c107d06f7baa20db4ef96d82c2ed6ecfa75f54,DERIVATIVE-UNVERIFIED-AGAINST-MARKDOWN-COMPANION
CL-252,252,3,6,The House of Iyas must be reconstructed from multiple source traditions.,The House of Iyas must be reconstructed from multiple source traditions.,252,False,False,single-statement,False,ART-003,"poppler pdftotext 24.02.0 default mode, per page",a22d57d93538a2a9a0394024de1f79ce18747aa06a0130f451fa04092074177d,DERIVATIVE-UNVERIFIED-AGAINST-MARKDOWN-COMPANION
CL-253,253,3,6,H■ni■ cannot be inserted into the House of Iyas merely because both appear in conquest-era narratives.,H■ni■ cannot be inserted into the House of Iyas merely because both appear in conquest-era narratives.,253,False,False,single-statement,True,ART-003,"poppler pdftotext 24.02.0 default mode, per page",235ffeb464818fef2522c7bd08444f40db9baa83912b3a577087b7e8d1fcaff9,DERIVATIVE-UNVERIFIED-AGAINST-MARKDOWN-COMPANION
CL-254,254,3,6,Iyas b. Qab■■a has direct political/administrative relevance.,Iyas b. Qab■■a has direct political/administrative relevance.,254,False,False,single-statement,True,ART-003,"poppler pdftotext 24.02.0 default mode, per page",a152e7a0ee1aa6f7c7331e1e0fa76e2d1665247bd2824163013724e30b556204,DERIVATIVE-UNVERIFIED-AGAINST-MARKDOWN-COMPANION
CL-255,255,3,6,Qays b. Qab■■a is a strong sibling control.,Qays b. Qab■■a is a strong sibling control.,255,False,False,single-statement,True,ART-003,"poppler pdftotext 24.02.0 default mode, per page",6cfa44f5e957bc3dfaf605e2ec9fff547e30dea350a6e3a089230a01d7d994a8,DERIVATIVE-UNVERIFIED-AGAINST-MARKDOWN-COMPANION
CL-256,256,3,6,Um■ma bint Mas■■d belongs to the household/maternal network.,Um■ma bint Mas■■d belongs to the household/maternal network.,256,False,False,single-statement,True,ART-003,"poppler pdftotext 24.02.0 default mode, per page",8f86ba0d7bebeb66f15003508879a80f7b486ea557ec13b99dd195c55078d030,DERIVATIVE-UNVERIFIED-AGAINST-MARKDOWN-COMPANION
CL-257,257,3,6,Farwah requires independent chronological and genealogical control.,Farwah requires independent chronological and genealogical control.,257,False,False,single-statement,False,ART-003,"poppler pdftotext 24.02.0 default mode, per page",1b685569ef8e5724d0d613f0084528969633487b5fc95b391033eca6bf2668d2,DERIVATIVE-UNVERIFIED-AGAINST-MARKDOWN-COMPANION
CL-258,258,3,6,■ayya/Farwah material must not be harmonized prematurely.,■ayya/Farwah material must not be harmonized prematurely.,258,False,False,single-statement,True,ART-003,"poppler pdftotext 24.02.0 default mode, per page",d5b1fcc6f3f6df02b742491c24c2b85db2ff9db72f7caa695326e1b563bbee85,DERIVATIVE-UNVERIFIED-AGAINST-MARKDOWN-COMPANION
CL-259,259,3,6,The twelve-year silence is a genuine chronological control.,The twelve-year silence is a genuine chronological control.,259,False,False,single-statement,False,ART-003,"poppler pdftotext 24.02.0 default mode, per page",36e4077d5a20766cde3f62f980a314c78efff40f641be69c630cf75b17bec54b,DERIVATIVE-UNVERIFIED-AGAINST-MARKDOWN-COMPANION
CL-260,260,3,6,Later reappearance does not automatically prove continuous political office.,Later reappearance does not automatically prove continuous political office.,260,False,False,single-statement,False,ART-003,"poppler pdftotext 24.02.0 default mode, per page",2b55ef3ddf4647ab9ead96cc45aba08b0b395e99a146fea0676fb8ec89d0d98d,DERIVATIVE-UNVERIFIED-AGAINST-MARKDOWN-COMPANION
CL-261,261,3,6,■l Bay■n reading is independently significant.,■l Bay■n reading is independently significant.,261,False,False,single-statement,True,ART-003,"poppler pdftotext 24.02.0 default mode, per page",3d24c616135b713c6d790c56cc8a46a872123e7fb9427b5045c26d2c41139e5d,DERIVATIVE-UNVERIFIED-AGAINST-MARKDOWN-COMPANION
CL-262,262,3,6,Received ■l Iy■s reading is not sufficient to erase the Bay■n witness.,Received ■l Iy■s reading is not sufficient to erase the Bay■n witness.,262,False,False,single-statement,True,ART-003,"poppler pdftotext 24.02.0 default mode, per page",a268f8fa0119e0b9a0b8a365562e85117759da0c7af709dd0800da5b2534e2ea,DERIVATIVE-UNVERIFIED-AGAINST-MARKDOWN-COMPANION
CL-263,263,3,6,Ibn Barr■ is important for identifying Farwah in the al-■■ra context.,Ibn Barr■ is important for identifying Farwah in the al-■■ra context.,263,False,False,single-statement,True,ART-003,"poppler pdftotext 24.02.0 default mode, per page",a29309976c4667548ac128f81e6809a2c44697d7688a4237ac55c9ef6ef32e6c,DERIVATIVE-UNVERIFIED-AGAINST-MARKDOWN-COMPANION
CL-264,264,3,6,The Bay■n/Iyas problem may reflect transmission-layer substitution.,The Bay■n/Iyas problem may reflect transmission-layer substitution.,264,False,False,single-statement,True,ART-003,"poppler pdftotext 24.02.0 default mode, per page",7b085aca94f68329fb8a04f3e9f59cf534d1250467f7fb4dbe96c1d379ac1c9c,DERIVATIVE-UNVERIFIED-AGAINST-MARKDOWN-COMPANION
CL-265,265,3,6,Bay■n should be retained as a live textual variable.,Bay■n should be retained as a live textual variable.,265,False,False,single-statement,True,ART-003,"poppler pdftotext 24.02.0 default mode, per page",1a86456bbf10e8de4a90a14e3ee3fc7440efdd370fbc5015a47e6ed01cb94c08,DERIVATIVE-UNVERIFIED-AGAINST-MARKDOWN-COMPANION
CL-266,266,3,6,The problem is primarily CV-1 + CV-2.,The problem is primarily CV-1 + CV-2.,266,False,False,single-statement,False,ART-003,"poppler pdftotext 24.02.0 default mode, per page",feead71562cca9bb79a4d3cb81bb46cc694e92b277fa93cb8185537ce550500d,DERIVATIVE-UNVERIFIED-AGAINST-MARKDOWN-COMPANION
CL-267,267,3,6,No deliberate-erasure conclusion is warranted.,No deliberate-erasure conclusion is warranted.,267,False,False,single-statement,False,ART-003,"poppler pdftotext 24.02.0 default mode, per page",9c2ca01a4f35feb87c1d49ae18fbcad88c9c461228b02815fd692994a4d8a633,DERIVATIVE-UNVERIFIED-AGAINST-MARKDOWN-COMPANION
CL-268,268,3,6,"Bay■n may preserve an older house index, but this remains unresolved.","Bay■n may preserve an older house index, but this remains unresolved.",268,False,False,single-statement,True,ART-003,"poppler pdftotext 24.02.0 default mode, per page",6fd27a91a3e4a93534e6d9ef3ff888435a4599377542bdc6b77952d90af2b80a,DERIVATIVE-UNVERIFIED-AGAINST-MARKDOWN-COMPANION
CL-269,269,3,6,Later genealogical normalization may conceal earlier indexing.,Later genealogical normalization may conceal earlier indexing.,269,False,False,single-statement,False,ART-003,"poppler pdftotext 24.02.0 default mode, per page",8b6dd6b023de0caac386d024ff5d866fdb1a68ba615678412994c386f74fc5a1,DERIVATIVE-UNVERIFIED-AGAINST-MARKDOWN-COMPANION
CL-270,270,3,6,The project should preserve both forms in the evidence ledger.,The project should preserve both forms in the evidence ledger.,270,False,False,single-statement,False,ART-003,"poppler pdftotext 24.02.0 default mode, per page",b1b9eba6335ac44713f9931ca9d20472832e71123a3cb70a1704d2ea7d0f4e2b,DERIVATIVE-UNVERIFIED-AGAINST-MARKDOWN-COMPANION
CL-271,271,3,6,Farwah's death/conquest references require person-level matching.,Farwah's death/conquest references require person-level matching.,271,False,False,single-statement,False,ART-003,"poppler pdftotext 24.02.0 default mode, per page",97b597b2929492c9ee568bd25368c5c9bf84fcbae713eecaefcf2f2762619a42,DERIVATIVE-UNVERIFIED-AGAINST-MARKDOWN-COMPANION
CL-272,272,3,6,A later Farwah b. Iyas b. Qabisa cannot be assumed identical without chronology.,A later Farwah b. Iyas b. Qabisa cannot be assumed identical without chronology.,272,False,False,single-statement,False,ART-003,"poppler pdftotext 24.02.0 default mode, per page",14ced5b8ad600a41033191f182b35dfc0a54e8f7c1d9f437f229dee188a12ac7,DERIVATIVE-UNVERIFIED-AGAINST-MARKDOWN-COMPANION
CL-273,273,3,6,Apparent contradiction may arise from name transmission.,Apparent contradiction may arise from name transmission.,273,False,False,single-statement,False,ART-003,"poppler pdftotext 24.02.0 default mode, per page",31e34744a06d8f3bbc96c8f4123f43bfe9dfede3fbfdb50293a6b1e2c5bcfd41,DERIVATIVE-UNVERIFIED-AGAINST-MARKDOWN-COMPANION
CL-274,274,3,6,Poetry is potentially an independent witness to house identity.,Poetry is potentially an independent witness to house identity.,274,False,False,single-statement,False,ART-003,"poppler pdftotext 24.02.0 default mode, per page",bca68a124ea9086643221183b674097a4039facf7d399db04a3dda223892d0af,DERIVATIVE-UNVERIFIED-AGAINST-MARKDOWN-COMPANION
CL-275,275,3,6,Ab■ Zubayd al-■■■■ elegy contains the Bay■n/Iyas textual problem.,Ab■ Zubayd al-■■■■ elegy contains the Bay■n/Iyas textual problem.,275,False,False,single-statement,True,ART-003,"poppler pdftotext 24.02.0 default mode, per page",57534e1433cb2340f4c6c24b90e15df3a65017bfb8c1a1684a49cb62d71f7e52,DERIVATIVE-UNVERIFIED-AGAINST-MARKDOWN-COMPANION
CL-276,276,3,6,“Bay■n” cannot be dismissed as mere corruption before manuscript/edition control.,“Bay■n” cannot be dismissed as mere corruption before manuscript/edition control.,276,False,False,single-statement,True,ART-003,"poppler pdftotext 24.02.0 default mode, per page",b80e2242bf7cc9ca5b0f7b09a134d972fb60522fda47b5101f25f314cb1eba5d,DERIVATIVE-UNVERIFIED-AGAINST-MARKDOWN-COMPANION
CL-277,277,3,6,Ab■ Zayd parallel evidence requires source identification control.,Ab■ Zayd parallel evidence requires source identification control.,277,False,False,single-statement,True,ART-003,"poppler pdftotext 24.02.0 default mode, per page",9a333f98925ec1fabddac7dc2f015ff2bb1211792afe097224b39b0d0997cf12,DERIVATIVE-UNVERIFIED-AGAINST-MARKDOWN-COMPANION
CL-278,278,3,6,"Haya/■ayya/■ayy■n remains a possible bridge, not a conclusion.","Haya/■ayya/■ayy■n remains a possible bridge, not a conclusion.",278,False,False,single-statement,True,ART-003,"poppler pdftotext 24.02.0 default mode, per page",bf0b9b3a911e11f9186f00fa0865fbf6d2c799bb5695de135ab8ba148a01e841,DERIVATIVE-UNVERIFIED-AGAINST-MARKDOWN-COMPANION
CL-279,279,3,6,Ban■ Bay■n ≠ Buqayla unless independently established.,Ban■ Bay■n ≠ Buqayla unless independently established.,279,False,False,single-statement,True,ART-003,"poppler pdftotext 24.02.0 default mode, per page",5dc02f0cff1afcb15004bf7638e90bda3218a9373ce03bebaf2e037cb7519513,DERIVATIVE-UNVERIFIED-AGAINST-MARKDOWN-COMPANION
CL-280,280,3,6,Bay■n and Buqayla may intersect as networks without being identical houses.,Bay■n and Buqayla may intersect as networks without being identical houses.,280,False,False,single-statement,True,ART-003,"poppler pdftotext 24.02.0 default mode, per page",d8a95b80d2b2d2919404a8a69c950c077adafc53d52a2164d6a2a34ac357a95f,DERIVATIVE-UNVERIFIED-AGAINST-MARKDOWN-COMPANION
CL-281,281,3,7,Elite women can carry network continuity across dynastic collapse.,Elite women can carry network continuity across dynastic collapse.,281,False,False,single-statement,False,ART-003,"poppler pdftotext 24.02.0 default mode, per page",dc700441f9942fc19e287879b725c7323a8057b263e94ee209a80dadad04d64e,DERIVATIVE-UNVERIFIED-AGAINST-MARKDOWN-COMPANION
CL-282,282,3,7,"Mechanisms include marriage, captivity, ransom, protection, refuge, property and foundation.","Mechanisms include marriage, captivity, ransom, protection, refuge, property and foundation.",282,False,False,single-statement,False,ART-003,"poppler pdftotext 24.02.0 default mode, per page",b496efda84ed82b111172ba6c8d8df5b4808773835ee0e4ef5c3886611d97607,DERIVATIVE-UNVERIFIED-AGAINST-MARKDOWN-COMPANION
CL-283,283,3,7,These mechanisms need not imply formal political office.,These mechanisms need not imply formal political office.,283,False,False,single-statement,False,ART-003,"poppler pdftotext 24.02.0 default mode, per page",c5fc3a0e2c270ccd42ab3370fa0b2f84e492018dd1bbc5e5fdb155de94045128,DERIVATIVE-UNVERIFIED-AGAINST-MARKDOWN-COMPANION
CL-284,284,3,7,Female network evidence must be divided by mechanism.,Female network evidence must be divided by mechanism.,284,False,False,single-statement,False,ART-003,"poppler pdftotext 24.02.0 default mode, per page",45eae0773970198fbfad678329e059326f37629864b144169f0b491ef06df033,DERIVATIVE-UNVERIFIED-AGAINST-MARKDOWN-COMPANION
CL-285,285,3,7,A1–A10 are female-access categories.,A1–A10 are female-access categories.,285,False,False,single-statement,False,ART-003,"poppler pdftotext 24.02.0 default mode, per page",17989c46655ef8ea24ad2cd4602d5f7e809e421b93a815fe9c24721d9d2e8835,DERIVATIVE-UNVERIFIED-AGAINST-MARKDOWN-COMPANION
CL-286,286,3,7,A10 = institutional-foundation access.,A10 = institutional-foundation access.,286,False,False,single-statement,False,ART-003,"poppler pdftotext 24.02.0 default mode, per page",66b3f9c6ef42e4d7e5bfaa19c93a00ca5ad8f22b0617047d653eb5a8a3744026,DERIVATIVE-UNVERIFIED-AGAINST-MARKDOWN-COMPANION
CL-287,287,3,7,A10-D = dynastic institutional foundation.,A10-D = dynastic institutional foundation.,287,False,False,single-statement,False,ART-003,"poppler pdftotext 24.02.0 default mode, per page",dbd3e577acade2f1f3228c15bd3247c77ff23df746ce0c7cb47226f2b2f40d95,DERIVATIVE-UNVERIFIED-AGAINST-MARKDOWN-COMPANION
CL-288,288,3,7,Hind is the strongest current institutional-foundation example.,Hind is the strongest current institutional-foundation example.,288,False,False,single-statement,False,ART-003,"poppler pdftotext 24.02.0 default mode, per page",ba951ff4c8893dcc746c8f20045f5a34c30c05fe93a1b7b96f86a30d6e6617c9,DERIVATIVE-UNVERIFIED-AGAINST-MARKDOWN-COMPANION
CL-289,289,3,7,■urqa/Hind traditions belong to monastery geography.,■urqa/Hind traditions belong to monastery geography.,289,False,False,single-statement,True,ART-003,"poppler pdftotext 24.02.0 default mode, per page",25691b0507972d2d42331768aa2ffc334d4ee2696212f02cc2f4a9a19dd1b588,DERIVATIVE-UNVERIFIED-AGAINST-MARKDOWN-COMPANION
CL-290,290,3,7,Ruq■sh is a negative control against overgeneralization.,Ruq■sh is a negative control against overgeneralization.,290,False,False,single-statement,True,ART-003,"poppler pdftotext 24.02.0 default mode, per page",5761c501def10ee31145d95fdf63d41804f1adc6ffe90d9267b0a42363f8dd37,DERIVATIVE-UNVERIFIED-AGAINST-MARKDOWN-COMPANION
CL-291,291,3,7,Diy■r■t literature is an independent memory archive.,Diy■r■t literature is an independent memory archive.,291,False,False,single-statement,True,ART-003,"poppler pdftotext 24.02.0 default mode, per page",88cc37d276f88a0d533e36e00ff28b3268528ea1835aeb6e6d8d37c64fb71919,DERIVATIVE-UNVERIFIED-AGAINST-MARKDOWN-COMPANION
CL-292,292,3,7,"Monasteries preserve political history through place, person and poetry.","Monasteries preserve political history through place, person and poetry.",292,False,False,single-statement,False,ART-003,"poppler pdftotext 24.02.0 default mode, per page",2702c5b5035ae21328df70b8e3273f9386e31f6409360063876a718000368470,DERIVATIVE-UNVERIFIED-AGAINST-MARKDOWN-COMPANION
CL-293,293,3,7,Monastic geography can stabilize otherwise unstable personal identification.,Monastic geography can stabilize otherwise unstable personal identification.,293,False,False,single-statement,False,ART-003,"poppler pdftotext 24.02.0 default mode, per page",e9c8581c130df04b8fd7704698ac254ed030f9dd24544d3dcbb6d1fc300c149a,DERIVATIVE-UNVERIFIED-AGAINST-MARKDOWN-COMPANION
CL-294,294,3,7,A woman can be preserved through a monastery even when political succession lists omit her.,A woman can be preserved through a monastery even when political succession lists omit her.,294,False,False,single-statement,False,ART-003,"poppler pdftotext 24.02.0 default mode, per page",922e73f754b0097247bbd32bfbfc97235f254e8888b2cf1bc5c79b8cde63247f,DERIVATIVE-UNVERIFIED-AGAINST-MARKDOWN-COMPANION
CL-295,295,3,7,Property memory can survive through religious foundations.,Property memory can survive through religious foundations.,295,False,False,single-statement,False,ART-003,"poppler pdftotext 24.02.0 default mode, per page",d223f57633ae0fb6cd4fb841c35db92843be6e0745678241598971b70922ede4,DERIVATIVE-UNVERIFIED-AGAINST-MARKDOWN-COMPANION
CL-296,296,3,7,Monastic foundation narratives can preserve dynastic chronology.,Monastic foundation narratives can preserve dynastic chronology.,296,False,False,single-statement,False,ART-003,"poppler pdftotext 24.02.0 default mode, per page",f3a9fc3b2da9d79db23b50336ffb6a8dce7477bdb616e91e47ac0c214afa095a,DERIVATIVE-UNVERIFIED-AGAINST-MARKDOWN-COMPANION
CL-297,297,3,7,Monastery + inscription is stronger than monastery tradition alone.,Monastery + inscription is stronger than monastery tradition alone.,297,False,False,single-statement,False,ART-003,"poppler pdftotext 24.02.0 default mode, per page",a68323f77731d1475291fe97188edfc076eeb32c0b764726c101755ac064fc83,DERIVATIVE-UNVERIFIED-AGAINST-MARKDOWN-COMPANION
CL-298,298,3,7,Monastery + poetry adds a literary-memory channel.,Monastery + poetry adds a literary-memory channel.,298,False,False,single-statement,False,ART-003,"poppler pdftotext 24.02.0 default mode, per page",fedb183de682c4f7d02c0b5b544cc445bfdb175fe54fa2e4a64204812f732813,DERIVATIVE-UNVERIFIED-AGAINST-MARKDOWN-COMPANION
CL-299,299,3,7,Monastery + genealogy adds a family-memory channel.,Monastery + genealogy adds a family-memory channel.,299,False,False,single-statement,False,ART-003,"poppler pdftotext 24.02.0 default mode, per page",47e03e10d3f06df204e857829c9d83e9d64cb89d5fe1f9062e64193b2953a260,DERIVATIVE-UNVERIFIED-AGAINST-MARKDOWN-COMPANION
CL-300,300,3,7,Monastery + archaeology adds physical continuity.,Monastery + archaeology adds physical continuity.,300,False,False,single-statement,False,ART-003,"poppler pdftotext 24.02.0 default mode, per page",54dce6bcab13cb46769e6832faa94be7bd13b829ddb6434b92756caaa458058b,DERIVATIVE-UNVERIFIED-AGAINST-MARKDOWN-COMPANION
CL-301,301,3,7,Hind bint al-Nu■m■n is a central female institutional-memory node.,Hind bint al-Nu■m■n is a central female institutional-memory node.,301,False,False,single-statement,True,ART-003,"poppler pdftotext 24.02.0 default mode, per page",08bf7ee9dc8bfc4eff873317952466dffd088bd0f2c3351e4a8ca228c2336615,DERIVATIVE-UNVERIFIED-AGAINST-MARKDOWN-COMPANION
CL-302,302,3,7,"Hind's monastery tradition connects woman, dynasty, Christianity and place.","Hind's monastery tradition connects woman, dynasty, Christianity and place.",302,False,False,single-statement,False,ART-003,"poppler pdftotext 24.02.0 default mode, per page",663349acbd8581aa2c1151693a65500146c4d1e62e5a0cb2d755a862556c7ab1,DERIVATIVE-UNVERIFIED-AGAINST-MARKDOWN-COMPANION
CL-303,303,3,7,Hind's monastery becomes a post-conquest memory node.,Hind's monastery becomes a post-conquest memory node.,303,False,False,single-statement,False,ART-003,"poppler pdftotext 24.02.0 default mode, per page",1ebf57943eb367821d58a60f79822ecea3f2aa94a3b417dcd506341a477164a6,DERIVATIVE-UNVERIFIED-AGAINST-MARKDOWN-COMPANION
CL-304,304,3,7,Hind's Christian identity is independently represented.,Hind's Christian identity is independently represented.,304,False,False,single-statement,False,ART-003,"poppler pdftotext 24.02.0 default mode, per page",89fedd16b0b06894b4288eed2480105e7f61fb9289597335aa0872b6dd54e4a6,DERIVATIVE-UNVERIFIED-AGAINST-MARKDOWN-COMPANION
CL-305,305,3,7,Property/foundation traditions must be separated from later biographical elaboration.,Property/foundation traditions must be separated from later biographical elaboration.,305,False,False,single-statement,False,ART-003,"poppler pdftotext 24.02.0 default mode, per page",8e09828ac29518104c7883347224832aa317bebb11da1ae3d0cc6eba5d348ead,DERIVATIVE-UNVERIFIED-AGAINST-MARKDOWN-COMPANION
CL-306,306,3,7,Dayr Hind al-■ughr■ and Dayr Hind al-Kubr■ are separate geographical indexes.,Dayr Hind al-■ughr■ and Dayr Hind al-Kubr■ are separate geographical indexes.,306,False,False,single-statement,True,ART-003,"poppler pdftotext 24.02.0 default mode, per page",2ad5526c4aff06ba1d56cde90d2d06007d0118c7fa058bc177051b3b8ce93fcd,DERIVATIVE-UNVERIFIED-AGAINST-MARKDOWN-COMPANION
CL-307,307,3,7,Two monastery traditions can disambiguate similarly named women.,Two monastery traditions can disambiguate similarly named women.,307,False,False,single-statement,False,ART-003,"poppler pdftotext 24.02.0 default mode, per page",0806467fbf6ea3ab1eec3bff75121ff1e36f9ebef8784784810b0bf7a0fded21,DERIVATIVE-UNVERIFIED-AGAINST-MARKDOWN-COMPANION
CL-308,308,3,7,Dayr Hind al-Kubr■ preserves Kinda/Lakhmid/Sasanian/Christian intersections.,Dayr Hind al-Kubr■ preserves Kinda/Lakhmid/Sasanian/Christian intersections.,308,False,False,single-statement,True,ART-003,"poppler pdftotext 24.02.0 default mode, per page",1f87680d8950626df0c6d915b9faaad0ceae3c51f881f946e3a9c785222472f5,DERIVATIVE-UNVERIFIED-AGAINST-MARKDOWN-COMPANION
CL-309,309,3,7,Dayr Hind al-■ughr■ has competing foundation traditions.,Dayr Hind al-■ughr■ has competing foundation traditions.,309,False,False,single-statement,True,ART-003,"poppler pdftotext 24.02.0 default mode, per page",f04532ff5dc5feeecee6808c14c50bdba0fb508411169b6035339e3270cbeb8c,DERIVATIVE-UNVERIFIED-AGAINST-MARKDOWN-COMPANION
CL-310,310,3,7,Monastery physical identity may be more stable than attached biography.,Monastery physical identity may be more stable than attached biography.,310,False,False,single-statement,False,ART-003,"poppler pdftotext 24.02.0 default mode, per page",568373c9097b4403638c16c64997f3f34c3226e13d3e5baccd98d93847b14814,DERIVATIVE-UNVERIFIED-AGAINST-MARKDOWN-COMPANION
CL-311,311,3,7,Hind's foundation inscription is a high-value documentary witness.,Hind's foundation inscription is a high-value documentary witness.,311,False,False,single-statement,False,ART-003,"poppler pdftotext 24.02.0 default mode, per page",502638ea407df51358c830b3e1d8bdc348bcd771e86052fba8f4974e99f805d7,DERIVATIVE-UNVERIFIED-AGAINST-MARKDOWN-COMPANION
CL-312,312,3,7,"It identifies woman, genealogy, kingship, Christianity and Sasanian chronology.","It identifies woman, genealogy, kingship, Christianity and Sasanian chronology.",312,False,False,single-statement,False,ART-003,"poppler pdftotext 24.02.0 default mode, per page",12a153ed73d67f3eaa9a942b4f0332ae2732f8bb4dfc14af5bc5c780e768e4d6,DERIVATIVE-UNVERIFIED-AGAINST-MARKDOWN-COMPANION
CL-313,313,3,7,Bishop Ephraim provides ecclesiastical chronological control.,Bishop Ephraim provides ecclesiastical chronological control.,313,False,False,single-statement,False,ART-003,"poppler pdftotext 24.02.0 default mode, per page",9ba46ea648075f4d41b74c13f2dc82614e75be6b52af2291cf6c13a992ac76e6,DERIVATIVE-UNVERIFIED-AGAINST-MARKDOWN-COMPANION
CL-314,314,3,7,Khusraw An■shirw■n provides Sasanian chronological control.,Khusraw An■shirw■n provides Sasanian chronological control.,314,False,False,single-statement,True,ART-003,"poppler pdftotext 24.02.0 default mode, per page",b76513c00ad56292bf256d6055a9d46c41f83008ef2a016219143b6ff8535440,DERIVATIVE-UNVERIFIED-AGAINST-MARKDOWN-COMPANION
CL-315,315,3,7,The inscription contains Arabic Christian epigraphic evidence.,The inscription contains Arabic Christian epigraphic evidence.,315,False,False,single-statement,False,ART-003,"poppler pdftotext 24.02.0 default mode, per page",c8063ae9d8349add5e29e49533be21feb2b5f59997f5f8fed76340820f54209e,DERIVATIVE-UNVERIFIED-AGAINST-MARKDOWN-COMPANION
CL-316,316,3,7,Divine name ■l■h appears in the inscription.,Divine name ■l■h appears in the inscription.,316,False,False,single-statement,True,ART-003,"poppler pdftotext 24.02.0 default mode, per page",f2dbbc21d389d7c35f3b02bae2ebc651f0ebd6f9813acb035036dc6c4b6f441d,DERIVATIVE-UNVERIFIED-AGAINST-MARKDOWN-COMPANION
CL-317,317,3,7,Inscription links Arabic Christian epigraphy with later monastery tradition.,Inscription links Arabic Christian epigraphy with later monastery tradition.,317,False,False,single-statement,False,ART-003,"poppler pdftotext 24.02.0 default mode, per page",5f870c5101daa3ebc83eb3c6751627fc5b0302db618c8b057c7810d2e2798aee,DERIVATIVE-UNVERIFIED-AGAINST-MARKDOWN-COMPANION
CL-318,318,3,7,Hind is therefore AD-5/AD-6 candidate.,Hind is therefore AD-5/AD-6 candidate.,318,False,False,single-statement,False,ART-003,"poppler pdftotext 24.02.0 default mode, per page",ac681ad37689c13e297cfc1336c827cdc75760deca5b9194fc23707542f647de,DERIVATIVE-UNVERIFIED-AGAINST-MARKDOWN-COMPANION
CL-319,319,3,7,Female foundation can preserve political memory across political boundaries.,Female foundation can preserve political memory across political boundaries.,319,False,False,single-statement,False,ART-003,"poppler pdftotext 24.02.0 default mode, per page",da0ee7cf1249ebf74545d5ec45e29dd18670ed8a82be7f8eea99bac3e3916568,DERIVATIVE-UNVERIFIED-AGAINST-MARKDOWN-COMPANION
CL-320,320,3,7,"Foundation is evidence of agency, but not necessarily political sovereignty.","Foundation is evidence of agency, but not necessarily political sovereignty.",320,False,False,single-statement,False,ART-003,"poppler pdftotext 24.02.0 default mode, per page",0b1c2e857a4f5f5b949c704a2e102bac4453a1f4e085966d22101ce14320343c,DERIVATIVE-UNVERIFIED-AGAINST-MARKDOWN-COMPANION
CL-321,321,3,7,■Ad■ is a cross-layer bridge person.,■Ad■ is a cross-layer bridge person.,321,False,False,single-statement,True,ART-003,"poppler pdftotext 24.02.0 default mode, per page",649312198113550d249dcf0ec3ac1e964753d1062391109edc43a73cf8cc111a,DERIVATIVE-UNVERIFIED-AGAINST-MARKDOWN-COMPANION
CL-322,322,3,7,Christian Arab identity is independently attested.,Christian Arab identity is independently attested.,322,False,False,single-statement,False,ART-003,"poppler pdftotext 24.02.0 default mode, per page",85b26e8ee1f800b04d437bf5bb311f3edcfa07d7875e92c262521de5f2882021,DERIVATIVE-UNVERIFIED-AGAINST-MARKDOWN-COMPANION
CL-323,323,3,7,Ctesiphon education is central to his intermediary role.,Ctesiphon education is central to his intermediary role.,323,False,False,single-statement,False,ART-003,"poppler pdftotext 24.02.0 default mode, per page",3b6870fb41d1d35b5d346814dba01af306ee298a3fcef1b9840501a2bd21caa6,DERIVATIVE-UNVERIFIED-AGAINST-MARKDOWN-COMPANION
CL-324,324,3,7,Persian-Arabic secretary/translator role is a P10 case.,Persian-Arabic secretary/translator role is a P10 case.,324,False,False,single-statement,False,ART-003,"poppler pdftotext 24.02.0 default mode, per page",561552acc8caa488257d9ac4768e65238cb17305b2a4d453294f8d06b54af500,DERIVATIVE-UNVERIFIED-AGAINST-MARKDOWN-COMPANION
CL-325,325,3,7,"■Ad■ links court, Christianity, poetry and diplomacy.","■Ad■ links court, Christianity, poetry and diplomacy.",325,False,False,single-statement,True,ART-003,"poppler pdftotext 24.02.0 default mode, per page",7e4974e80e5832b60c4fd909973f673ad030a86324f8f5c75827e1d948e00e10,DERIVATIVE-UNVERIFIED-AGAINST-MARKDOWN-COMPANION
CL-326,326,3,7,His political importance does not require him to be a ruler.,His political importance does not require him to be a ruler.,326,False,False,single-statement,False,ART-003,"poppler pdftotext 24.02.0 default mode, per page",cb8f1b6c96105d370dda3e9d4e37aacf7e37ea64ccaff4051105eb7297f2d7fc,DERIVATIVE-UNVERIFIED-AGAINST-MARKDOWN-COMPANION
CL-327,327,3,7,His case demonstrates institutional mobility across Arabic/Persian worlds.,His case demonstrates institutional mobility across Arabic/Persian worlds.,327,False,False,single-statement,False,ART-003,"poppler pdftotext 24.02.0 default mode, per page",379757d9fb59d4505f4ab11caf06139f9555797b6be5c6cd44bc1191e79b8c88,DERIVATIVE-UNVERIFIED-AGAINST-MARKDOWN-COMPANION
CL-328,328,3,7,His literary memory should be separated from later biographical embellishment.,His literary memory should be separated from later biographical embellishment.,328,False,False,single-statement,False,ART-003,"poppler pdftotext 24.02.0 default mode, per page",2d6bc05c467d2a5596ba1654a4548fa396a4adf025dbeb0dca0aef9e0f279cc0,DERIVATIVE-UNVERIFIED-AGAINST-MARKDOWN-COMPANION
CL-329,329,3,7,■Ad■ provides a second bridge mechanism alongside Iyas.,■Ad■ provides a second bridge mechanism alongside Iyas.,329,False,False,single-statement,True,ART-003,"poppler pdftotext 24.02.0 default mode, per page",97c35562292beda05156b74bfe3ed153d6834f1d480e61c5a8ae1d8c8339ac4a,DERIVATIVE-UNVERIFIED-AGAINST-MARKDOWN-COMPANION
CL-330,330,3,7,Court intermediary ≠ formal dynastic office.,Court intermediary ≠ formal dynastic office.,330,False,False,single-statement,False,ART-003,"poppler pdftotext 24.02.0 default mode, per page",efe337e4bd64fa161c879f752b890b6cb9e9e9af76fc371fa171e19b0986fa4d,DERIVATIVE-UNVERIFIED-AGAINST-MARKDOWN-COMPANION
CL-331,331,3,7,"■Ib■d is a community designation, not automatically one genealogy.","■Ib■d is a community designation, not automatically one genealogy.",331,False,False,single-statement,True,ART-003,"poppler pdftotext 24.02.0 default mode, per page",8f1c99279e130f0a8e0246f3479f1f4055431f62154c8f47ff1631af50c21d7f,DERIVATIVE-UNVERIFIED-AGAINST-MARKDOWN-COMPANION
CL-332,332,3,7,■Ib■d are associated with Christian Arab communities of ■■ra.,■Ib■d are associated with Christian Arab communities of ■■ra.,332,False,False,single-statement,True,ART-003,"poppler pdftotext 24.02.0 default mode, per page",3342f29e48789190cf9ea2aaf5ba50c6dac5f9ced0ae1a1420842b78c5bab5cb,DERIVATIVE-UNVERIFIED-AGAINST-MARKDOWN-COMPANION
CL-333,333,3,7,The community label survives into Abbasid intellectual history.,The community label survives into Abbasid intellectual history.,333,False,False,single-statement,False,ART-003,"poppler pdftotext 24.02.0 default mode, per page",46e4f4987a0a204e1900f117e57c740ff060867da61d1355be0775108aec3e56,DERIVATIVE-UNVERIFIED-AGAINST-MARKDOWN-COMPANION
CL-334,334,3,7,■unayn's nisba demonstrates long-term ■Ib■d■ identity.,■unayn's nisba demonstrates long-term ■Ib■d■ identity.,334,False,False,single-statement,True,ART-003,"poppler pdftotext 24.02.0 default mode, per page",2ee4f898a0e10e731ebd7dda9c109c9b72edb3e0c8f3fadaf12ae325f02c505a,DERIVATIVE-UNVERIFIED-AGAINST-MARKDOWN-COMPANION
CL-335,335,3,7,■Ib■d should not be retroactively equated with every Christian Arab in ■■ra.,■Ib■d should not be retroactively equated with every Christian Arab in ■■ra.,335,False,False,single-statement,True,ART-003,"poppler pdftotext 24.02.0 default mode, per page",2d74fb0352e8e5e145c0bc02de5468d7a71372ce8077e55d328c93d0fc631068,DERIVATIVE-UNVERIFIED-AGAINST-MARKDOWN-COMPANION
CL-336,336,3,7,Community identity and genealogy must remain separate.,Community identity and genealogy must remain separate.,336,False,False,single-statement,False,ART-003,"poppler pdftotext 24.02.0 default mode, per page",c69ff743a75002e41772bed3a7ff14fcf6ac7ce5474fe4af2685215293aea71c,DERIVATIVE-UNVERIFIED-AGAINST-MARKDOWN-COMPANION
CL-337,337,3,7,■Ib■d demonstrates institutional identity beyond the Lakhmid dynasty.,■Ib■d demonstrates institutional identity beyond the Lakhmid dynasty.,337,False,False,single-statement,True,ART-003,"poppler pdftotext 24.02.0 default mode, per page",91f62a6ec8839f86cf9c3ebf15aa5a321b8b8627ae49c069be2ea5ec8cb78bbe,DERIVATIVE-UNVERIFIED-AGAINST-MARKDOWN-COMPANION
CL-338,338,3,7,■Ib■d provides a social continuity channel.,■Ib■d provides a social continuity channel.,338,False,False,single-statement,True,ART-003,"poppler pdftotext 24.02.0 default mode, per page",5effb83f79729f701ef6b7661efa05745154b8483967fe48de01913e22bf7d22,DERIVATIVE-UNVERIFIED-AGAINST-MARKDOWN-COMPANION
CL-339,339,3,7,Christian identity can persist after political dynastic collapse.,Christian identity can persist after political dynastic collapse.,339,False,False,single-statement,False,ART-003,"poppler pdftotext 24.02.0 default mode, per page",b301be40f08b3c88c348919f61a73b419562acd1a85e7ac8d1b316877ae54373,DERIVATIVE-UNVERIFIED-AGAINST-MARKDOWN-COMPANION
CL-340,340,3,7,The ■Ib■d network is therefore an independent longitudinal layer.,The ■Ib■d network is therefore an independent longitudinal layer.,340,False,False,single-statement,True,ART-003,"poppler pdftotext 24.02.0 default mode, per page",1f66d642fe85ca89ecd956e7798e5ac657ece4d8ba3df2bbc064f43857f603f1,DERIVATIVE-UNVERIFIED-AGAINST-MARKDOWN-COMPANION
CL-341,341,3,7,Hish■m's lost ■■ra works are foundational source-layer controls.,Hish■m's lost ■■ra works are foundational source-layer controls.,341,False,False,single-statement,True,ART-003,"poppler pdftotext 24.02.0 default mode, per page",28a7d7134eca5a0efaf8497c874bccfa2a3e043510953d5b4d763cca0c5cb0a5,DERIVATIVE-UNVERIFIED-AGAINST-MARKDOWN-COMPANION
CL-342,342,3,7,"His works included material on ■■ra, churches/monasteries and ■Ib■d genealogy.","His works included material on ■■ra, churches/monasteries and ■Ib■d genealogy.",342,False,False,single-statement,True,ART-003,"poppler pdftotext 24.02.0 default mode, per page",c13895e22798f87ce86e2cd64c7bc2c70568db4170d5a9243e23649ad2531da6,DERIVATIVE-UNVERIFIED-AGAINST-MARKDOWN-COMPANION
CL-343,343,3,7,The lost works mean later sources must be source-critically decomposed.,The lost works mean later sources must be source-critically decomposed.,343,False,False,single-statement,False,ART-003,"poppler pdftotext 24.02.0 default mode, per page",202b2603f11a42e6f1b8dfa9471a1c7f6319286c50ee2f813060f4b8e0d6fd9c,DERIVATIVE-UNVERIFIED-AGAINST-MARKDOWN-COMPANION
CL-344,344,3,7,Hish■m's material survives indirectly through later authors.,Hish■m's material survives indirectly through later authors.,344,False,False,single-statement,True,ART-003,"poppler pdftotext 24.02.0 default mode, per page",12534ddecb0442674043b5a3f42aa45583cfe09502a41b77cd25a35224982aaa,DERIVATIVE-UNVERIFIED-AGAINST-MARKDOWN-COMPANION
CL-345,345,3,7,Y■q■t and al-Sh■busht■ preserve portions of the broader monastery/geography tradition.,Y■q■t and al-Sh■busht■ preserve portions of the broader monastery/geography tradition.,345,False,False,single-statement,True,ART-003,"poppler pdftotext 24.02.0 default mode, per page",b31e5429b4f47f292f23b09c21eb2dc7d41abe9d1ee5abc15dd3078d1d95d71f,DERIVATIVE-UNVERIFIED-AGAINST-MARKDOWN-COMPANION
CL-346,346,3,7,al-Isfah■n■ preserves related literary/monastic material.,al-Isfah■n■ preserves related literary/monastic material.,346,False,False,single-statement,True,ART-003,"poppler pdftotext 24.02.0 default mode, per page",ce83526189b4c68706ba4b61ad427b8887232943ac48d182c495516b574927b6,DERIVATIVE-UNVERIFIED-AGAINST-MARKDOWN-COMPANION
CL-347,347,3,7,Hish■m's work was broader than a king list.,Hish■m's work was broader than a king list.,347,False,False,single-statement,True,ART-003,"poppler pdftotext 24.02.0 default mode, per page",3fe2280a1c3186be79d8d10db21036d925ee79328dce02ef95e8921c85a94769,DERIVATIVE-UNVERIFIED-AGAINST-MARKDOWN-COMPANION
CL-348,348,3,7,Hish■m provides a bridge between genealogy and ecclesiastical geography.,Hish■m provides a bridge between genealogy and ecclesiastical geography.,348,False,False,single-statement,True,ART-003,"poppler pdftotext 24.02.0 default mode, per page",c72f278d14240731238be3aa9979a25ece650b06ce15059a07c9c25c03c92aa1,DERIVATIVE-UNVERIFIED-AGAINST-MARKDOWN-COMPANION
CL-349,349,3,7,His archive should be reconstructed source-by-source.,His archive should be reconstructed source-by-source.,349,False,False,single-statement,False,ART-003,"poppler pdftotext 24.02.0 default mode, per page",cb91175f0810c5cd49414b7e0833b9f7cc366d9f80da2e0e41baf816e1d54bd5,DERIVATIVE-UNVERIFIED-AGAINST-MARKDOWN-COMPANION
CL-350,350,3,7,No later citation should automatically be treated as verbatim Hish■m.,No later citation should automatically be treated as verbatim Hish■m.,350,False,False,single-statement,True,ART-003,"poppler pdftotext 24.02.0 default mode, per page",5f9d642907b04cb77734938758fb1e333a0b501a94c321966d0ca63dffe3c74b,DERIVATIVE-UNVERIFIED-AGAINST-MARKDOWN-COMPANION
CL-351,351,3,7,Six major memory-storage mechanisms identified:,Six major memory-storage mechanisms identified:,351,False,False,single-statement,False,ART-003,"poppler pdftotext 24.02.0 default mode, per page",6a571427736680916381eecd7ad6e292a40573a853061c031ecbed992ab73894,DERIVATIVE-UNVERIFIED-AGAINST-MARKDOWN-COMPANION
CL-352,352,3,7,Add education/intellectual institutions as a seventh mechanism.,Add education/intellectual institutions as a seventh mechanism.,352,False,False,single-statement,False,ART-003,"poppler pdftotext 24.02.0 default mode, per page",4f898c54f46c0b284dd1d6e6bce19afb55d6aaa62903cbf2021b67fb64aec72d,DERIVATIVE-UNVERIFIED-AGAINST-MARKDOWN-COMPANION
CL-353,353,3,7,Add external imperial sources as an eighth.,Add external imperial sources as an eighth.,353,False,False,single-statement,False,ART-003,"poppler pdftotext 24.02.0 default mode, per page",e8876711340e165b67a7ef49b744b9759ad4767465496ea5d2d88fe39096bf03,DERIVATIVE-UNVERIFIED-AGAINST-MARKDOWN-COMPANION
CL-354,354,3,7,Memory fragmentation is therefore institutional and linguistic.,Memory fragmentation is therefore institutional and linguistic.,354,False,False,single-statement,False,ART-003,"poppler pdftotext 24.02.0 default mode, per page",40ba08f0e45f755972ca02947585b37b593ec46cdce90fe4e43a296f5c7c9280,DERIVATIVE-UNVERIFIED-AGAINST-MARKDOWN-COMPANION
CL-355,355,3,7,A single person may survive through several mechanisms.,A single person may survive through several mechanisms.,355,False,False,single-statement,False,ART-003,"poppler pdftotext 24.02.0 default mode, per page",eb770504c2198044b861fbbd2a738176c65e0f593c82c66853e9224ba6a3fa2d,DERIVATIVE-UNVERIFIED-AGAINST-MARKDOWN-COMPANION
CL-356,356,3,7,A person may disappear from one mechanism while surviving in another.,A person may disappear from one mechanism while surviving in another.,356,False,False,single-statement,False,ART-003,"poppler pdftotext 24.02.0 default mode, per page",1c9ae899814a0dcd1beb69fd79e04956e2f679fca1f411801ef04885e14468f0,DERIVATIVE-UNVERIFIED-AGAINST-MARKDOWN-COMPANION
CL-357,357,3,8,Place can stabilize person.,Place can stabilize person.,357,False,False,single-statement,False,ART-003,"poppler pdftotext 24.02.0 default mode, per page",18861ef6393dd072c9b3742525a907a5bb5a329fa285b223ed4c13bd2228a7ae,DERIVATIVE-UNVERIFIED-AGAINST-MARKDOWN-COMPANION
CL-358,358,3,8,Institution can stabilize genealogy.,Institution can stabilize genealogy.,358,False,False,single-statement,False,ART-003,"poppler pdftotext 24.02.0 default mode, per page",21d627687e7e72100366b4e0531555ac8df97ccfcf2448d20ece3684b792d631,DERIVATIVE-UNVERIFIED-AGAINST-MARKDOWN-COMPANION
CL-359,359,3,8,Poetry can stabilize political memory.,Poetry can stabilize political memory.,359,False,False,single-statement,False,ART-003,"poppler pdftotext 24.02.0 default mode, per page",8648ddf2f36c88e0e0d30453ba1cc580a7709c6cd2a3006a266034881b26fb26,DERIVATIVE-UNVERIFIED-AGAINST-MARKDOWN-COMPANION
CL-360,360,3,8,Inscription can stabilize chronology.,Inscription can stabilize chronology.,360,False,False,single-statement,False,ART-003,"poppler pdftotext 24.02.0 default mode, per page",7ef91350987a86edfc60b3035c433a1c0d49d23d5fb0b254b6fc5b6b9c83148d,DERIVATIVE-UNVERIFIED-AGAINST-MARKDOWN-COMPANION
CL-361,361,3,8,Archaeology can stabilize physical locus.,Archaeology can stabilize physical locus.,361,False,False,single-statement,False,ART-003,"poppler pdftotext 24.02.0 default mode, per page",d4a4f9339543003be2cf55770d095037aa26d508558bc7ba0edef070e6d57fc9,DERIVATIVE-UNVERIFIED-AGAINST-MARKDOWN-COMPANION
CL-362,362,3,8,Cross-layer convergence is the preferred recovery method.,Cross-layer convergence is the preferred recovery method.,362,False,False,single-statement,False,ART-003,"poppler pdftotext 24.02.0 default mode, per page",9a4d7dabb1744ec3bed288572a1934c01cceae192c0b804510789d76b1aedbdf,DERIVATIVE-UNVERIFIED-AGAINST-MARKDOWN-COMPANION
CL-363,363,3,8,■■ra functioned as a multicultural frontier/third space.,■■ra functioned as a multicultural frontier/third space.,363,False,False,single-statement,True,ART-003,"poppler pdftotext 24.02.0 default mode, per page",c6d423abc9c2ec4a586bde791052c1f7bd40a6cbcbb0e5674990282948e5dece,DERIVATIVE-UNVERIFIED-AGAINST-MARKDOWN-COMPANION
CL-364,364,3,8,"Sasanian Persian, Christian Syriac and Arabian Arabic systems interacted.","Sasanian Persian, Christian Syriac and Arabian Arabic systems interacted.",364,False,False,single-statement,False,ART-003,"poppler pdftotext 24.02.0 default mode, per page",b572f7a2e2df24bd76e29dba7b56970614bd6b87ca6798071e06f6744851469f,DERIVATIVE-UNVERIFIED-AGAINST-MARKDOWN-COMPANION
CL-365,365,3,8,"Commerce, missionaries and poets circulated information.","Commerce, missionaries and poets circulated information.",365,False,False,single-statement,False,ART-003,"poppler pdftotext 24.02.0 default mode, per page",09532be79c004ef49bf418a403f4de0567e196b8c6d99b86aab46de7e402ff9b,DERIVATIVE-UNVERIFIED-AGAINST-MARKDOWN-COMPANION
CL-366,366,3,8,Information mobility explains cross-language memory.,Information mobility explains cross-language memory.,366,False,False,single-statement,False,ART-003,"poppler pdftotext 24.02.0 default mode, per page",302c26a8572fac1d390790b7df378401a3ee6665595c3afc07148c5848186e58,DERIVATIVE-UNVERIFIED-AGAINST-MARKDOWN-COMPANION
CL-367,367,3,8,The city should not be reduced to “Arab capital.”,The city should not be reduced to “Arab capital.”,367,False,False,single-statement,False,ART-003,"poppler pdftotext 24.02.0 default mode, per page",4999582a936dc961b4e8a39c681414476e4c9ce5280721e23f9971535be8f2aa,DERIVATIVE-UNVERIFIED-AGAINST-MARKDOWN-COMPANION
CL-368,368,3,8,Nor should it be reduced to a Christian monastery landscape.,Nor should it be reduced to a Christian monastery landscape.,368,False,False,single-statement,False,ART-003,"poppler pdftotext 24.02.0 default mode, per page",1762031a00fe43085575517f1906bfa8ed0abee83492b7521ea6a7e35a0fa38c,DERIVATIVE-UNVERIFIED-AGAINST-MARKDOWN-COMPANION
CL-369,369,3,8,Political and ecclesiastical institutions coexisted.,Political and ecclesiastical institutions coexisted.,369,False,False,single-statement,False,ART-003,"poppler pdftotext 24.02.0 default mode, per page",a3b7953cd85b4a0df344c661884de9d202c7f220d0847f287f35a6f53a7e708f,DERIVATIVE-UNVERIFIED-AGAINST-MARKDOWN-COMPANION
CL-370,370,3,8,Their interaction produced overlapping memory systems.,Their interaction produced overlapping memory systems.,370,False,False,single-statement,False,ART-003,"poppler pdftotext 24.02.0 default mode, per page",1d5bf8d6c74dce2dffa56fb036928293ab64046b1cf9a4907fda448dab573e2d,DERIVATIVE-UNVERIFIED-AGAINST-MARKDOWN-COMPANION
CL-371,371,3,8,This supports the “memory ecology” model.,This supports the “memory ecology” model.,371,False,False,single-statement,False,ART-003,"poppler pdftotext 24.02.0 default mode, per page",b4f3a6572bc6b6b4c89699a492b09c463521d3cd37d60e502a86d70939b2cfc5,DERIVATIVE-UNVERIFIED-AGAINST-MARKDOWN-COMPANION
CL-372,372,3,8,The ecology is stronger than a single-network reconstruction.,The ecology is stronger than a single-network reconstruction.,372,False,False,single-statement,False,ART-003,"poppler pdftotext 24.02.0 default mode, per page",562ff168daaa1b00183a72f56a57f8c5fff70c079969e2a09219147347621f26,DERIVATIVE-UNVERIFIED-AGAINST-MARKDOWN-COMPANION
CL-373,373,3,8,The project now tracks institutional edges rather than only central rulers.,The project now tracks institutional edges rather than only central rulers.,373,False,False,single-statement,False,ART-003,"poppler pdftotext 24.02.0 default mode, per page",3880b0e654eceb2df8fb2acf4bf3c03b2bb3e1aa1be151a327a4d3c5953c1118,DERIVATIVE-UNVERIFIED-AGAINST-MARKDOWN-COMPANION
CL-374,374,3,8,"This makes negative controls more important, not less.","This makes negative controls more important, not less.",374,False,False,single-statement,False,ART-003,"poppler pdftotext 24.02.0 default mode, per page",61ead52835ea495082d8d2ef2d5b219b89d82b91d11872259f0f940e294469b1,DERIVATIVE-UNVERIFIED-AGAINST-MARKDOWN-COMPANION
CL-375,375,3,8,The ■■ra model is now explicitly multi-institutional.,The ■■ra model is now explicitly multi-institutional.,375,False,False,single-statement,True,ART-003,"poppler pdftotext 24.02.0 default mode, per page",9f07d265c800ed8fa6f4512297f02f715f37c827dfb111e679efd7cfe01cbd3a,DERIVATIVE-UNVERIFIED-AGAINST-MARKDOWN-COMPANION
CL-376,376,4,8,CL-500 — Four castles / network stress test / German-French scholarship,CL-500 — Four castles / network stress test / German-French scholarship,376,False,False,range-style-statement,False,ART-003,"poppler pdftotext 24.02.0 default mode, per page",1c93593cb744ce7495f6d410e36ba9633715ecb0a32a69be9cbbe40346542acd,DERIVATIVE-UNVERIFIED-AGAINST-MARKDOWN-COMPANION
CL-377,377,4,8,The four-castle structure is not dependent on H■ni■.,The four-castle structure is not dependent on H■ni■.,377,False,False,single-statement,True,ART-003,"poppler pdftotext 24.02.0 default mode, per page",b316e304bf2ee3fd95df01cbc707de9f08877bd84238ea5f51f15727b4033664,DERIVATIVE-UNVERIFIED-AGAINST-MARKDOWN-COMPANION
CL-378,378,4,8,H■ni■ is absent from the four-castle enumeration.,H■ni■ is absent from the four-castle enumeration.,378,False,False,single-statement,True,ART-003,"poppler pdftotext 24.02.0 default mode, per page",0f8bc32da18956e7e7563aa672cd0af2ff8cc1b86480d2456293238fd9e46960,DERIVATIVE-UNVERIFIED-AGAINST-MARKDOWN-COMPANION
CL-379,379,4,8,Four-castle structure is independently coherent.,Four-castle structure is independently coherent.,379,False,False,single-statement,False,ART-003,"poppler pdftotext 24.02.0 default mode, per page",cc69f00940806eea594590ea97453d4adab6397e48dff04322afa23eab5c9061,DERIVATIVE-UNVERIFIED-AGAINST-MARKDOWN-COMPANION
CL-380,380,4,8,Four-castle layer does not require H■ni■.,Four-castle layer does not require H■ni■.,380,False,False,single-statement,True,ART-003,"poppler pdftotext 24.02.0 default mode, per page",da482308357e73c8de60ed9867700c6dc3604a4920161cecebe2f9b3104f0d03,DERIVATIVE-UNVERIFIED-AGAINST-MARKDOWN-COMPANION
CL-381,381,4,8,Iyas has strongest direct urban/administrative attachment.,Iyas has strongest direct urban/administrative attachment.,381,False,False,single-statement,False,ART-003,"poppler pdftotext 24.02.0 default mode, per page",0bbb25e48e670f05f711df24f40ca480e9f550c041bbf2594a265e6efe4eb11e,DERIVATIVE-UNVERIFIED-AGAINST-MARKDOWN-COMPANION
CL-382,382,4,8,Buqayla has strong house/physical-locus attachment.,Buqayla has strong house/physical-locus attachment.,382,False,False,single-statement,False,ART-003,"poppler pdftotext 24.02.0 default mode, per page",a65d39276ce98de56295949befdf5a9fc0ef5ed2ab94b2b22c843bad24fa929d,DERIVATIVE-UNVERIFIED-AGAINST-MARKDOWN-COMPANION
CL-383,383,4,8,H■ni■ belongs to a different evidentiary layer.,H■ni■ belongs to a different evidentiary layer.,383,False,False,single-statement,True,ART-003,"poppler pdftotext 24.02.0 default mode, per page",b89d25e7d2525d51fbe30c07957c831999e7904544bb4908bb424f5efb5d1523,DERIVATIVE-UNVERIFIED-AGAINST-MARKDOWN-COMPANION
CL-384,384,4,8,H■ni■ correction supports layered modeling.,H■ni■ correction supports layered modeling.,384,False,False,single-statement,True,ART-003,"poppler pdftotext 24.02.0 default mode, per page",d8f80632fa092730748d9122141b141e7f206ad590b1784f9f68f9708266416a,DERIVATIVE-UNVERIFIED-AGAINST-MARKDOWN-COMPANION
CL-385,385,4,8,Network survives source-layer separation.,Network survives source-layer separation.,385,False,False,single-statement,False,ART-003,"poppler pdftotext 24.02.0 default mode, per page",acf0c2bebb41bb2465fe00d255a349550c51f63323adb8196d7c67ce99741989,DERIVATIVE-UNVERIFIED-AGAINST-MARKDOWN-COMPANION
CL-386,386,4,8,Importance in political transition ≠ castle command.,Importance in political transition ≠ castle command.,386,False,False,single-statement,False,ART-003,"poppler pdftotext 24.02.0 default mode, per page",72c92fd94305c6fb4d82329277702dea987ed7221073a20470fdd5071320621e,DERIVATIVE-UNVERIFIED-AGAINST-MARKDOWN-COMPANION
CL-387,387,4,8,Four-castle account indexes physical concentration; treaty tradition indexes representation; H■ni■ indexes dynastic/tribal property.,Four-castle account indexes physical concentration; treaty tradition indexes representation; H■ni■ indexes dynastic/tribal property.,387,False,False,single-statement,True,ART-003,"poppler pdftotext 24.02.0 default mode, per page",2296d1e0c89a40dd864083b58be5d391ed5695fe3f5d7b94a9b8d5bd54132f2f,DERIVATIVE-UNVERIFIED-AGAINST-MARKDOWN-COMPANION
CL-388,388,4,8,“Network survives; indexing breaks” is observable as spatial/institutional/genealogical indexing.,“Network survives; indexing breaks” is observable as spatial/institutional/genealogical indexing.,388,False,False,single-statement,False,ART-003,"poppler pdftotext 24.02.0 default mode, per page",252b0a261b390e60f55c2c383db7e0a054e853afc14deb0aebe3cf39f31e57dd,DERIVATIVE-UNVERIFIED-AGAINST-MARKDOWN-COMPANION
CL-389,389,4,8,Female evidence fits architecture without being necessary to construct it.,Female evidence fits architecture without being necessary to construct it.,389,False,False,single-statement,False,ART-003,"poppler pdftotext 24.02.0 default mode, per page",d5af85f9c13d5a34166c5080f54ecf4119b23d296d3a18fc044263ea374f6400,DERIVATIVE-UNVERIFIED-AGAINST-MARKDOWN-COMPANION
CL-390,390,4,8,Network passes independence test when nodes are supported by different evidence types.,Network passes independence test when nodes are supported by different evidence types.,390,False,False,single-statement,False,ART-003,"poppler pdftotext 24.02.0 default mode, per page",4e5e66d3609fe1b34fe10218be3985ab77abef6a8329722a56ae1b57008aa7d1,DERIVATIVE-UNVERIFIED-AGAINST-MARKDOWN-COMPANION
CL-391,391,4,8,No formal unified governing council is demonstrated.,No formal unified governing council is demonstrated.,391,False,False,single-statement,False,ART-003,"poppler pdftotext 24.02.0 default mode, per page",94158c73b20e259b3ef0f7757c2565644311201abf208ed0250c68321e75b047,DERIVATIVE-UNVERIFIED-AGAINST-MARKDOWN-COMPANION
CL-392,392,4,8,Network is better modeled as overlapping jurisdictions.,Network is better modeled as overlapping jurisdictions.,392,False,False,single-statement,False,ART-003,"poppler pdftotext 24.02.0 default mode, per page",1eb97b84babf92d9a7d006029415bb0fe5e20f5e4140f22fb20c17ebaf5c39d3,DERIVATIVE-UNVERIFIED-AGAINST-MARKDOWN-COMPANION
CL-393,393,4,8,R8 = overlapping jurisdiction.,R8 = overlapping jurisdiction.,393,False,False,single-statement,False,ART-003,"poppler pdftotext 24.02.0 default mode, per page",c885249076fe463462ee50b82115d48338f04691dd624b1b87d148c96d7881b9,DERIVATIVE-UNVERIFIED-AGAINST-MARKDOWN-COMPANION
CL-394,394,4,8,633 settlement is better modeled as absorption event than simple victory.,633 settlement is better modeled as absorption event than simple victory.,394,False,False,single-statement,False,ART-003,"poppler pdftotext 24.02.0 default mode, per page",8fa32c1f8d6d34b5cf7a6e4d0173755bbb14b80455aa5743d6d910e9854d2507,DERIVATIVE-UNVERIFIED-AGAINST-MARKDOWN-COMPANION
CL-395,395,4,8,Longitudinal model: differentiated network → succession crisis → Sasanian reconfiguration → custody networks → 633 transition → negotiated surrender → Muslim incorporation.,Longitudinal model: differentiated network → succession crisis → Sasanian reconfiguration → custody networks → 633 transition →,395,True,True,single-statement,False,ART-003,"poppler pdftotext 24.02.0 default mode, per page",b13cb94c95f305c4631039a1ff61ff44089a42307ff71a7a045770a329d83424,DERIVATIVE-UNVERIFIED-AGAINST-MARKDOWN-COMPANION
CL-396,396,4,8,Stress test passed with qualifications.,Stress test passed with qualifications.,396,False,False,single-statement,False,ART-003,"poppler pdftotext 24.02.0 default mode, per page",279053848fd53ddf9d27fc896429f0a55c1106332f8a14272c21f78bf70d4f0e,DERIVATIVE-UNVERIFIED-AGAINST-MARKDOWN-COMPANION
CL-397,397,4,8,Ruq■sh competing tribal attribution is genuine C2.,Ruq■sh competing tribal attribution is genuine C2.,397,False,False,single-statement,True,ART-003,"poppler pdftotext 24.02.0 default mode, per page",b3096197f404547d160baf5e1641511951ef7697f1f1731ebe2064685f75b017,DERIVATIVE-UNVERIFIED-AGAINST-MARKDOWN-COMPANION
CL-398,398,4,8,Ruq■sh political/military role is stronger than tribal attribution.,Ruq■sh political/military role is stronger than tribal attribution.,398,False,False,single-statement,True,ART-003,"poppler pdftotext 24.02.0 default mode, per page",71515270b4bb85bb692a4c4274958b5f52abcdb1adfcb818e58de0272c486437,DERIVATIVE-UNVERIFIED-AGAINST-MARKDOWN-COMPANION
CL-399,399,4,8,Ruq■sh preserves political-role memory while losing tribal indexing.,Ruq■sh preserves political-role memory while losing tribal indexing.,399,False,False,single-statement,True,ART-003,"poppler pdftotext 24.02.0 default mode, per page",875fa3e783b050cff802921bb41407282b2f1d899e3a2d32b34ea3e0a3a1eac0,DERIVATIVE-UNVERIFIED-AGAINST-MARKDOWN-COMPANION
CL-400,400,4,8,Ruq■sh is negative control against universal ■■ra-network hypothesis.,Ruq■sh is negative control against universal ■■ra-network hypothesis.,400,False,False,single-statement,True,ART-003,"poppler pdftotext 24.02.0 default mode, per page",265e3a9ce03fd99da846723571b91759dc089d46e76d91e93ebe1af857cc4bbf,DERIVATIVE-UNVERIFIED-AGAINST-MARKDOWN-COMPANION
CL-401,401,4,8,Correction class must remain separate from network destination.,Correction class must remain separate from network destination.,401,False,False,single-statement,False,ART-003,"poppler pdftotext 24.02.0 default mode, per page",bdca24d7c1bff2df3246cd8d3038abea0b78cfab517959d1621d66f3c70e49d1,DERIVATIVE-UNVERIFIED-AGAINST-MARKDOWN-COMPANION
CL-402,402,4,8,"Field-selective transmission drift is visible across Bay■n/Iyas, H■ni■, Iyas/Farwah, Hind/■urqa and Ruq■sh.","Field-selective transmission drift is visible across Bay■n/Iyas, H■ni■, Iyas/Farwah, Hind/■urqa and Ruq■sh.",402,False,False,single-statement,True,ART-003,"poppler pdftotext 24.02.0 default mode, per page",acf57d7905c57bcbb02e9f3a325f8e0b2f7ec14950a2c5f022a246bacf178cf6,DERIVATIVE-UNVERIFIED-AGAINST-MARKDOWN-COMPANION
CL-403,403,4,8,“Field-selective transmission drift” is a working model.,“Field-selective transmission drift” is a working model.,403,False,False,single-statement,False,ART-003,"poppler pdftotext 24.02.0 default mode, per page",7a49f183f61c38eca8b0a88fed6311e64d224b40c44c9a007d7dba14e2141d95,DERIVATIVE-UNVERIFIED-AGAINST-MARKDOWN-COMPANION
CL-404,404,4,8,“Network survives; indexing breaks” refined to heterogeneous institutional fields.,“Network survives; indexing breaks” refined to heterogeneous institutional fields.,404,False,False,single-statement,False,ART-003,"poppler pdftotext 24.02.0 default mode, per page",9217797e93593a55f775b58b52d8ffa0e3669d2c4a2c0b4e08050fec3b29fc2a,DERIVATIVE-UNVERIFIED-AGAINST-MARKDOWN-COMPANION
CL-405,405,4,8,H■ni■ is strongest chronological correction control.,H■ni■ is strongest chronological correction control.,405,False,False,single-statement,True,ART-003,"poppler pdftotext 24.02.0 default mode, per page",cb4244a853fab2386ea876603096f4fb02a71a4319686f3c8fba5f588bd10490,DERIVATIVE-UNVERIFIED-AGAINST-MARKDOWN-COMPANION
CL-406,406,4,8,Chronology can function as independent indexing control.,Chronology can function as independent indexing control.,406,False,False,single-statement,False,ART-003,"poppler pdftotext 24.02.0 default mode, per page",081c80740709d8e0a8649a6a8ad8369b5d1adc92576709e8b5257f86fbee39a5,DERIVATIVE-UNVERIFIED-AGAINST-MARKDOWN-COMPANION
CL-407,407,4,8,Bay■n/Iyas and H■ni■ represent different correction directions.,Bay■n/Iyas and H■ni■ represent different correction directions.,407,False,False,single-statement,True,ART-003,"poppler pdftotext 24.02.0 default mode, per page",04fa94c2548d5f507916669d19350954773c93e7bbd880240bd50095d4de3e5b,DERIVATIVE-UNVERIFIED-AGAINST-MARKDOWN-COMPANION
CL-408,408,4,8,Correction-variable field CV-1 through CV-8.,Correction-variable field CV-1 through CV-8.,408,False,False,single-statement,False,ART-003,"poppler pdftotext 24.02.0 default mode, per page",68d4b2acd7d6109febbce4c3c9004a9aade4010a3d2a51fcfca910d6e10ac52d,DERIVATIVE-UNVERIFIED-AGAINST-MARKDOWN-COMPANION
CL-409,409,4,8,Model does not predict every correction converges on same network.,Model does not predict every correction converges on same network.,409,False,False,single-statement,False,ART-003,"poppler pdftotext 24.02.0 default mode, per page",940979124f622d19aaffe60c65271aa451fa3923de79de4fdd0505bd0f6ab6a1,DERIVATIVE-UNVERIFIED-AGAINST-MARKDOWN-COMPANION
CL-410,410,4,8,Model upgraded from collection of corrections to testable transmission model.,Model upgraded from collection of corrections to testable transmission model.,410,False,False,single-statement,False,ART-003,"poppler pdftotext 24.02.0 default mode, per page",65512a2388c4142456d5168c10cc3ad79fa1bfa1359574c0d7ccd1af6ed9bee3,DERIVATIVE-UNVERIFIED-AGAINST-MARKDOWN-COMPANION
CL-411,411,4,8,Ruq■sh is a negative-control result.,Ruq■sh is a negative-control result.,411,False,False,single-statement,True,ART-003,"poppler pdftotext 24.02.0 default mode, per page",89f9d5df7719d90f835b51f1860eee7cf54e9ea9265b1e0500f593feb491ca9a,DERIVATIVE-UNVERIFIED-AGAINST-MARKDOWN-COMPANION
CL-412,412,5,8,Rothstein 1899 is major German Lakhmid control corpus.,Rothstein 1899 is major German Lakhmid control corpus.,412,False,False,single-statement,False,ART-003,"poppler pdftotext 24.02.0 default mode, per page",952ea51dcde252fca69cc119c5ec3e1e27518755a2b333a039019d5120ec8b74,DERIVATIVE-UNVERIFIED-AGAINST-MARKDOWN-COMPANION
CL-413,413,5,8,Rothstein cross-indexes Arabic literary/genealogical/Persian material.,Rothstein cross-indexes Arabic literary/genealogical/Persian material.,413,False,False,single-statement,False,ART-003,"poppler pdftotext 24.02.0 default mode, per page",14bb390f7564c26b203f73322b23eafe6f5a87f2524890305ff8acc9c6dbdfc4,DERIVATIVE-UNVERIFIED-AGAINST-MARKDOWN-COMPANION
CL-414,414,5,8,Rothstein has Arabic reception/translation history.,Rothstein has Arabic reception/translation history.,414,False,False,single-statement,False,ART-003,"poppler pdftotext 24.02.0 default mode, per page",2fa3657e99ce53c6c17c818fd72b21deb2314a2a18bbe8b6f046b6e78d0f3d0e,DERIVATIVE-UNVERIFIED-AGAINST-MARKDOWN-COMPANION
CL-415,415,5,8,Arabic reception of Rothstein is partial.,Arabic reception of Rothstein is partial.,415,False,False,single-statement,False,ART-003,"poppler pdftotext 24.02.0 default mode, per page",56415f006f2b3b3dad15a777ab9461e3e010897d3e70f3522f4c535d792426a2,DERIVATIVE-UNVERIFIED-AGAINST-MARKDOWN-COMPANION
CL-416,416,5,8,Nöldeke 1879 provides German Sasanian/■abar■ control.,Nöldeke 1879 provides German Sasanian/■abar■ control.,416,False,False,single-statement,True,ART-003,"poppler pdftotext 24.02.0 default mode, per page",eedd6aa4aa14506d458b5972e5dac1692ed215dc5757fc1c9ff3e910ca684101,DERIVATIVE-UNVERIFIED-AGAINST-MARKDOWN-COMPANION
CL-417,417,5,8,Nöldeke useful for Sasanian administrative context.,Nöldeke useful for Sasanian administrative context.,417,False,False,single-statement,False,ART-003,"poppler pdftotext 24.02.0 default mode, per page",a8ae3d118d5239ef7702a6f425ba4ff35019858e829f46ae083f415e375275e4,DERIVATIVE-UNVERIFIED-AGAINST-MARKDOWN-COMPANION
CL-418,418,5,8,Toral-Niehoff represents modern German multicultural-frontier scholarship.,Toral-Niehoff represents modern German multicultural-frontier scholarship.,418,False,False,single-statement,False,ART-003,"poppler pdftotext 24.02.0 default mode, per page",8a1f1fb498e59a6fd42dcdd2cfae0d3206fd27853115b14a2b326af9d6576b13,DERIVATIVE-UNVERIFIED-AGAINST-MARKDOWN-COMPANION
CL-419,419,5,8,"Information mobility via commerce, missionaries and poets.","Information mobility via commerce, missionaries and poets.",419,False,False,single-statement,False,ART-003,"poppler pdftotext 24.02.0 default mode, per page",df8b157e51d2a2f5ca52a54adbb7827b0557b51e3b97551e193abc4ad87974e6,DERIVATIVE-UNVERIFIED-AGAINST-MARKDOWN-COMPANION
CL-420,420,5,8,Fiey supplies French/Syriac ecclesiastical layer.,Fiey supplies French/Syriac ecclesiastical layer.,420,False,False,single-statement,False,ART-003,"poppler pdftotext 24.02.0 default mode, per page",34f5a2e73e85107c13e1a8fe3e2e7c1f09ffbcd4eb61d706f6503fcb4d4c048a,DERIVATIVE-UNVERIFIED-AGAINST-MARKDOWN-COMPANION
CL-421,421,5,8,Ecclesiastical network is larger than political-house network.,Ecclesiastical network is larger than political-house network.,421,False,False,single-statement,False,ART-003,"poppler pdftotext 24.02.0 default mode, per page",417954f4088c5967288fb203f7cf2b6ee632f75a099dad2101fa866be447b412,DERIVATIVE-UNVERIFIED-AGAINST-MARKDOWN-COMPANION
CL-422,422,5,8,Family/tribal names of churches bridge ecclesiastical and genealogical evidence.,Family/tribal names of churches bridge ecclesiastical and genealogical evidence.,422,False,False,single-statement,False,ART-003,"poppler pdftotext 24.02.0 default mode, per page",1d6c3566847d4b55e66ebda647eeeb6527f0cd538bc2465a4b62ee8fe83481e6,DERIVATIVE-UNVERIFIED-AGAINST-MARKDOWN-COMPANION
CL-423,423,5,8,Archaeological church evidence extends Christian institutional layer.,Archaeological church evidence extends Christian institutional layer.,423,False,False,single-statement,False,ART-003,"poppler pdftotext 24.02.0 default mode, per page",6870c93a885465730fc26eea475a1528b4c9fb654ca2c54c8d23b90478bc5b70,DERIVATIVE-UNVERIFIED-AGAINST-MARKDOWN-COMPANION
CL-424,424,5,9,Christian network cannot be reduced to Lakhmid royal court.,Christian network cannot be reduced to Lakhmid royal court.,424,False,False,single-statement,False,ART-003,"poppler pdftotext 24.02.0 default mode, per page",635299a2bddd8779e85b42b75070ed604d4bc55031aa13344f5fb6357daf5bb2,DERIVATIVE-UNVERIFIED-AGAINST-MARKDOWN-COMPANION
CL-425,425,5,9,Kister 1968 is major Arabic-tribal interface corpus.,Kister 1968 is major Arabic-tribal interface corpus.,425,False,False,single-statement,False,ART-003,"poppler pdftotext 24.02.0 default mode, per page",6ea95b9ff5c5d70d92fee273a747657ce03050bd5dc500581aed831cd69e9365,DERIVATIVE-UNVERIFIED-AGAINST-MARKDOWN-COMPANION
CL-426,426,5,9,Combined German/Arabic/French/Syriac/archaeological traditions create layered evidence architecture.,Combined German/Arabic/French/Syriac/archaeological traditions create layered evidence architecture.,426,False,False,single-statement,False,ART-003,"poppler pdftotext 24.02.0 default mode, per page",37acb27b47f83635848dcd484b811dbfd309224f2f7d190702ab0e66ecbeb5ad,DERIVATIVE-UNVERIFIED-AGAINST-MARKDOWN-COMPANION
CL-427,427,5,9,Priority should be given to interfaces between layers.,Priority should be given to interfaces between layers.,427,False,False,single-statement,False,ART-003,"poppler pdftotext 24.02.0 default mode, per page",0ccb1de15273db26bc25aff97427fe4d71b97a9382b732db83f6075afcca4fbf,DERIVATIVE-UNVERIFIED-AGAINST-MARKDOWN-COMPANION
CL-428,428,5,9,Hish■m had a dedicated ■■ra work with churches/monasteries/■Ib■d material.,Hish■m had a dedicated ■■ra work with churches/monasteries/■Ib■d material.,428,False,False,single-statement,True,ART-003,"poppler pdftotext 24.02.0 default mode, per page",f75430576d58e2f96adf62ca7263c13c07ec67407674936c0c1374f05ec2bb62,DERIVATIVE-UNVERIFIED-AGAINST-MARKDOWN-COMPANION
CL-429,429,5,9,Lost Kit■b al-■■ra is a major missing source layer.,Lost Kit■b al-■■ra is a major missing source layer.,429,False,False,single-statement,True,ART-003,"poppler pdftotext 24.02.0 default mode, per page",48ef1d42e38267d0e57409138ebc7902bed7036973c21cbdaba0dbd76c713ed5,DERIVATIVE-UNVERIFIED-AGAINST-MARKDOWN-COMPANION
CL-430,430,5,9,Reported use of church archives by Hish■m is plausible but should remain B/A until source control.,Reported use of church archives by Hish■m is plausible but should remain B/A until source control.,430,False,False,single-statement,True,ART-003,"poppler pdftotext 24.02.0 default mode, per page",d49c55a03ae44e049854b684c12de95a9b06cc17180f38e907888212ffc026f3,DERIVATIVE-UNVERIFIED-AGAINST-MARKDOWN-COMPANION
CL-431,431,5,9,Diy■r■t genre preserves political memory through sites.,Diy■r■t genre preserves political memory through sites.,431,False,False,single-statement,True,ART-003,"poppler pdftotext 24.02.0 default mode, per page",5091f7ff31a3e3748b87251e72e1315985fde386032ae3e99ff5d25131f15586,DERIVATIVE-UNVERIFIED-AGAINST-MARKDOWN-COMPANION
CL-432,432,5,9,Monastery traditions preserve female Lakhmid identities independently of succession lists.,Monastery traditions preserve female Lakhmid identities independently of succession lists.,432,False,False,single-statement,False,ART-003,"poppler pdftotext 24.02.0 default mode, per page",58ae2fea8202e41c3015f0b88415f6471fd4bad312123cc1eeab3b36a9e0c010,DERIVATIVE-UNVERIFIED-AGAINST-MARKDOWN-COMPANION
CL-433,433,5,9,Hind bint al-Nu■m■n monastery is woman/place/dynasty/Christian identity.,Hind bint al-Nu■m■n monastery is woman/place/dynasty/Christian identity.,433,False,False,single-statement,True,ART-003,"poppler pdftotext 24.02.0 default mode, per page",7bc1b2a8cf3d5bc0768ecf1f2d6339cf5fe79b15c20cbafc495b90b08c171382,DERIVATIVE-UNVERIFIED-AGAINST-MARKDOWN-COMPANION
CL-434,434,5,9,Hind monastery tradition includes property/household autonomy.,Hind monastery tradition includes property/household autonomy.,434,False,False,single-statement,False,ART-003,"poppler pdftotext 24.02.0 default mode, per page",6d17e6877e2ed2e00d9df72d27ea4f1af3656f9740ededddea31ed53101f83ce,DERIVATIVE-UNVERIFIED-AGAINST-MARKDOWN-COMPANION
CL-435,435,5,9,Hind asks/provides protection for Christians under Muslim rule in later tradition; historicity of wording must be controlled.,Hind asks/provides protection for Christians under Muslim rule in later tradition; historicity of wording must be controlled.,435,False,False,single-statement,False,ART-003,"poppler pdftotext 24.02.0 default mode, per page",942ad2b38b89ecb566c0aced080afdabdd8ec5ee93b5aea9bbd6b869606d7922,DERIVATIVE-UNVERIFIED-AGAINST-MARKDOWN-COMPANION
CL-436,436,5,9,Hind monastery becomes post-conquest memory node.,Hind monastery becomes post-conquest memory node.,436,False,False,single-statement,False,ART-003,"poppler pdftotext 24.02.0 default mode, per page",f6d0116e62f8461bafc8ef66eeed3e1ef5f2a63a1b620fa527d12f8c01c9c431,DERIVATIVE-UNVERIFIED-AGAINST-MARKDOWN-COMPANION
CL-437,437,5,9,A10 institutional-foundation access.,A10 institutional-foundation access.,437,False,False,single-statement,False,ART-003,"poppler pdftotext 24.02.0 default mode, per page",f62b5fa1d73f83cc4ffb6c403839464f6c1abcbde18a5997462899327f618c6a,DERIVATIVE-UNVERIFIED-AGAINST-MARKDOWN-COMPANION
CL-438,438,5,9,Hind property continuity is an independent research field.,Hind property continuity is an independent research field.,438,False,False,single-statement,False,ART-003,"poppler pdftotext 24.02.0 default mode, per page",d5eff26f43b37200ac06e1c9b9a5f553fafef1599f7c243f373e9939f3db805f,DERIVATIVE-UNVERIFIED-AGAINST-MARKDOWN-COMPANION
CL-439,439,5,9,Two Hind monasterial memories distinguish women/place traditions.,Two Hind monasterial memories distinguish women/place traditions.,439,False,False,single-statement,False,ART-003,"poppler pdftotext 24.02.0 default mode, per page",2742ce4870d502bcdc2600ca18512974deaf30c23cdb603a5d80bbcdcdb62db2,DERIVATIVE-UNVERIFIED-AGAINST-MARKDOWN-COMPANION
CL-440,440,5,9,Place/institution can function as disambiguation system.,Place/institution can function as disambiguation system.,440,False,False,single-statement,False,ART-003,"poppler pdftotext 24.02.0 default mode, per page",ab99a593f1e826bc0c58f47b251b80584f2e19138a6dd16820bf9ac841bdccfa,DERIVATIVE-UNVERIFIED-AGAINST-MARKDOWN-COMPANION
CL-441,441,5,9,Hind/■urqa gains monastery-geography layer.,Hind/■urqa gains monastery-geography layer.,441,False,False,single-statement,True,ART-003,"poppler pdftotext 24.02.0 default mode, per page",ac0af077eade6a30439e3956c64f27bf2fbe7b903674ff81d89d30526f923c5c,DERIVATIVE-UNVERIFIED-AGAINST-MARKDOWN-COMPANION
CL-442,442,5,9,Diy■r■t preserves poetry as institutional memory.,Diy■r■t preserves poetry as institutional memory.,442,False,False,single-statement,True,ART-003,"poppler pdftotext 24.02.0 default mode, per page",abce4d0fb71f755bdf1f3f1fac831d9f92211c2e9d0abe5c89c2b794a67fa79c,DERIVATIVE-UNVERIFIED-AGAINST-MARKDOWN-COMPANION
CL-443,443,5,9,Woman → monastery → place → poetry → compiler is a recurring memory chain.,Woman → monastery → place → poetry → compiler is a recurring memory chain.,443,False,False,single-statement,False,ART-003,"poppler pdftotext 24.02.0 default mode, per page",b8dc606fd2f052ad0840230acc21639cc2ae106464042d10626121221d9c50e0,DERIVATIVE-UNVERIFIED-AGAINST-MARKDOWN-COMPANION
CL-444,444,5,9,Six/eight memory-storage mechanisms now identified.,Six/eight memory-storage mechanisms now identified.,444,False,False,single-statement,False,ART-003,"poppler pdftotext 24.02.0 default mode, per page",8123a2ce307011e3ffaecbaac3f1e0e413b26957851d428b8b7b61f2f336d650,DERIVATIVE-UNVERIFIED-AGAINST-MARKDOWN-COMPANION
CL-445,445,5,9,German “third space” model explains multiplicity of surviving indexes.,German “third space” model explains multiplicity of surviving indexes.,445,False,False,single-statement,False,ART-003,"poppler pdftotext 24.02.0 default mode, per page",ce1ea9f5c919567322e4870098a4bedabe81c823f7aef3a77c21bae870adf484,DERIVATIVE-UNVERIFIED-AGAINST-MARKDOWN-COMPANION
CL-446,446,5,9,Third-space model explains information mobility.,Third-space model explains information mobility.,446,False,False,single-statement,False,ART-003,"poppler pdftotext 24.02.0 default mode, per page",43db410e9c2da4b6e44721b34f4e458a7c8b0f116d0d0d17c03f2e9f059acd14,DERIVATIVE-UNVERIFIED-AGAINST-MARKDOWN-COMPANION
CL-447,447,5,9,Commerce/missionaries/poets are circulation mechanisms.,Commerce/missionaries/poets are circulation mechanisms.,447,False,False,single-statement,False,ART-003,"poppler pdftotext 24.02.0 default mode, per page",966256ccbf766aa6b33e074b817e4eb02dacf90b3c39efe87ac119c5a9d3adf6,DERIVATIVE-UNVERIFIED-AGAINST-MARKDOWN-COMPANION
CL-448,448,5,9,Kister provides Arabic-tribal interface.,Kister provides Arabic-tribal interface.,448,False,False,single-statement,False,ART-003,"poppler pdftotext 24.02.0 default mode, per page",e9c1cf34d1f3a3477dd843119392711d9c066e4cb7279af60cb13e203530543f,DERIVATIVE-UNVERIFIED-AGAINST-MARKDOWN-COMPANION
CL-449,449,5,9,"■■ra should be mapped through Arabian tribal relations, not only dynasty.","■■ra should be mapped through Arabian tribal relations, not only dynasty.",449,False,False,single-statement,True,ART-003,"poppler pdftotext 24.02.0 default mode, per page",5e5b3e7c65ec91f15d0975332c9bee1639329c16a9eac125fea877efb2d1717f,DERIVATIVE-UNVERIFIED-AGAINST-MARKDOWN-COMPANION
CL-450,450,5,9,Combined evidence supports memory ecology.,Combined evidence supports memory ecology.,450,False,False,single-statement,False,ART-003,"poppler pdftotext 24.02.0 default mode, per page",816cd5c34925476b1ada001fcc2a572307c5d4862bdf3e134a54a8a203901a94,DERIVATIVE-UNVERIFIED-AGAINST-MARKDOWN-COMPANION
CL-451,451,5,9,“Network survives; memory fragments by institution.”,“Network survives; memory fragments by institution.”,451,False,False,single-statement,False,ART-003,"poppler pdftotext 24.02.0 default mode, per page",6ef7bfa209eb6cc89ac447dd0f3c5f7b17f3d72293e0a55796757f110dfe9e8e,DERIVATIVE-UNVERIFIED-AGAINST-MARKDOWN-COMPANION
CL-452,452,5,9,Fortified residences were clan-indexed urban structures.,Fortified residences were clan-indexed urban structures.,452,False,False,single-statement,False,ART-003,"poppler pdftotext 24.02.0 default mode, per page",6a466602ef98a3fb9961dddf7bae2fac465790ca3d5745110faf6279101fe786,DERIVATIVE-UNVERIFIED-AGAINST-MARKDOWN-COMPANION
CL-453,453,5,9,Church affiliation could preserve clan identity independently of political office.,Church affiliation could preserve clan identity independently of political office.,453,False,False,single-statement,False,ART-003,"poppler pdftotext 24.02.0 default mode, per page",3429bda7f660702a15064159de5eefee38b758e9b16aab80465f681d321f39d7,DERIVATIVE-UNVERIFIED-AGAINST-MARKDOWN-COMPANION
CL-454,454,5,9,Hish■m's lost work likely broader than royal king-list.,Hish■m's lost work likely broader than royal king-list.,454,False,False,single-statement,True,ART-003,"poppler pdftotext 24.02.0 default mode, per page",668cd8c5f836f0a948ac1d228c43d6a4d42fd02ca392f86c42bb980bce68e4f1,DERIVATIVE-UNVERIFIED-AGAINST-MARKDOWN-COMPANION
CL-455,455,5,9,Hish■m's material survives through geographical transmission.,Hish■m's material survives through geographical transmission.,455,False,False,single-statement,True,ART-003,"poppler pdftotext 24.02.0 default mode, per page",eb27f3ce7d2bd84713f1dea2ca2cda25212b72c4ee8e31179386d7ee8f85595e,DERIVATIVE-UNVERIFIED-AGAINST-MARKDOWN-COMPANION
CL-456,456,5,9,Diy■r■t is an independent memory archive.,Diy■r■t is an independent memory archive.,456,False,False,single-statement,True,ART-003,"poppler pdftotext 24.02.0 default mode, per page",33e910e0dd5ac7f10366d1e7cf0d550c2161025edfce469004d69211797513a1,DERIVATIVE-UNVERIFIED-AGAINST-MARKDOWN-COMPANION
CL-457,457,5,9,Monastic literature preserves political history through literary memory.,Monastic literature preserves political history through literary memory.,457,False,False,single-statement,False,ART-003,"poppler pdftotext 24.02.0 default mode, per page",5fdfbbb133d31cec0745a1e37a44ac1b3a480babf728471b6bc6ca05c032a8c3,DERIVATIVE-UNVERIFIED-AGAINST-MARKDOWN-COMPANION
CL-458,458,5,9,Hind al-■ughr■ foundation tradition is part of Hish■m-linked monastic memory.,Hind al-■ughr■ foundation tradition is part of Hish■m-linked monastic memory.,458,False,False,single-statement,True,ART-003,"poppler pdftotext 24.02.0 default mode, per page",4d98d5d3601f10f88b47f0b34a0591d5774180b927fd46ad405787b54af2c095,DERIVATIVE-UNVERIFIED-AGAINST-MARKDOWN-COMPANION
CL-459,459,5,9,Hind/■urqa appears in geographical-institutional tradition.,Hind/■urqa appears in geographical-institutional tradition.,459,False,False,single-statement,True,ART-003,"poppler pdftotext 24.02.0 default mode, per page",30eb394bcc054ee0e805c382d7fce4dd4344e4791a9691c42641167cfd79ea62,DERIVATIVE-UNVERIFIED-AGAINST-MARKDOWN-COMPANION
CL-460,460,5,9,Place can stabilize person.,Place can stabilize person.,460,False,False,single-statement,False,ART-003,"poppler pdftotext 24.02.0 default mode, per page",18861ef6393dd072c9b3742525a907a5bb5a329fa285b223ed4c13bd2228a7ae,DERIVATIVE-UNVERIFIED-AGAINST-MARKDOWN-COMPANION
CL-461,461,5,9,Hind al-Kubr■ links Kinda/Lakhmid royalty/Christianity/Sasanian chronology.,Hind al-Kubr■ links Kinda/Lakhmid royalty/Christianity/Sasanian chronology.,461,False,False,single-statement,True,ART-003,"poppler pdftotext 24.02.0 default mode, per page",2bc0b81fca85a98a1ca8cca2c593badd16bc1692f5c8861c4172cde7bd33fb59,DERIVATIVE-UNVERIFIED-AGAINST-MARKDOWN-COMPANION
CL-462,462,5,9,Inscriptional tradition provides chronological control.,Inscriptional tradition provides chronological control.,462,False,False,single-statement,False,ART-003,"poppler pdftotext 24.02.0 default mode, per page",fd16f4aaf4c651ba9a4ea691209aaf8e25d74b8aca0db45b93be925078804845,DERIVATIVE-UNVERIFIED-AGAINST-MARKDOWN-COMPANION
CL-463,463,5,9,Monastery preserves dynastic-collapse memory.,Monastery preserves dynastic-collapse memory.,463,False,False,single-statement,False,ART-003,"poppler pdftotext 24.02.0 default mode, per page",6db2e3280460e91a6dd3a32644759a9b3e97ae5daf58ce780680be7e315e41cd,DERIVATIVE-UNVERIFIED-AGAINST-MARKDOWN-COMPANION
CL-464,464,5,9,Female institutional memory can preserve individual and dynasty simultaneously.,Female institutional memory can preserve individual and dynasty simultaneously.,464,False,False,single-statement,False,ART-003,"poppler pdftotext 24.02.0 default mode, per page",779b936cb75f0c559a03ef169537a6836cf18ada6a27b02933d18dda74aaa9d3,DERIVATIVE-UNVERIFIED-AGAINST-MARKDOWN-COMPANION
CL-465,465,5,9,Poetry is demonstrably part of monastery memory.,Poetry is demonstrably part of monastery memory.,465,False,False,single-statement,False,ART-003,"poppler pdftotext 24.02.0 default mode, per page",931f4c5effb080a3866b98de71324c54f12303bc13d3ac8a2dda94d84b32b095,DERIVATIVE-UNVERIFIED-AGAINST-MARKDOWN-COMPANION
CL-466,466,5,9,Rothstein cross-indexes multiple Arabic corpora.,Rothstein cross-indexes multiple Arabic corpora.,466,False,False,single-statement,False,ART-003,"poppler pdftotext 24.02.0 default mode, per page",90318e2168f6e227851f9937ec8661865948deee7d93343bcb334a3a68dc6eb3,DERIVATIVE-UNVERIFIED-AGAINST-MARKDOWN-COMPANION
CL-467,467,5,9,Iyas is embedded in a much larger historiographical field.,Iyas is embedded in a much larger historiographical field.,467,False,False,single-statement,False,ART-003,"poppler pdftotext 24.02.0 default mode, per page",384fb17516fddab3fc42f6a1eca550291e281f5dd3b05f67d2b38e158ca6d9ef,DERIVATIVE-UNVERIFIED-AGAINST-MARKDOWN-COMPANION
CL-468,468,5,9,German tradition bridges Arabic Christian memory and Sasanian political history.,German tradition bridges Arabic Christian memory and Sasanian political history.,468,False,False,single-statement,False,ART-003,"poppler pdftotext 24.02.0 default mode, per page",d0967ba5d60bc45b0c47276fc1714f0e9e1590df27d897a43760ec7dfa9df2cc,DERIVATIVE-UNVERIFIED-AGAINST-MARKDOWN-COMPANION
CL-469,469,5,9,Modern bibliography confirms German/French/Arabic/Christian source ecology.,Modern bibliography confirms German/French/Arabic/Christian source ecology.,469,False,False,single-statement,False,ART-003,"poppler pdftotext 24.02.0 default mode, per page",29ac640f0ec9afd7fabf8aca70250ca8a912844c0cc1fde3618831d747426dce,DERIVATIVE-UNVERIFIED-AGAINST-MARKDOWN-COMPANION
CL-470,470,5,9,Memory ecology expanded to ten functional layers.,Memory ecology expanded to ten functional layers.,470,False,False,single-statement,False,ART-003,"poppler pdftotext 24.02.0 default mode, per page",5175432ec42856f11bf7b6d233df71203ee52c5379f04270f58dc2af1fb3f1af,DERIVATIVE-UNVERIFIED-AGAINST-MARKDOWN-COMPANION
CL-471,471,5,9,Hish■m title preserved in fuller form: Kit■b al-■■ra wa-tasmiyat al-biya■ wa-l-diy■r■t wa-nasab al-■Ib■d.,Hish■m title preserved in fuller form: Kit■b al-■■ra wa-tasmiyat al-biya■ wa-l-diy■r■t wa-nasab al-■Ib■d.,471,False,False,single-statement,True,ART-003,"poppler pdftotext 24.02.0 default mode, per page",274cdad49f0bf1d21af77cc41160e6fefd1909bfc28aebeef0b21fd56c4aa2c6,DERIVATIVE-UNVERIFIED-AGAINST-MARKDOWN-COMPANION
CL-472,472,5,9,Hish■m reported use of church archives.,Hish■m reported use of church archives.,472,False,False,single-statement,True,ART-003,"poppler pdftotext 24.02.0 default mode, per page",577e519b5121ad841d0cc0a63105c3c9b71772282b5515e6f510b35b23d42910,DERIVATIVE-UNVERIFIED-AGAINST-MARKDOWN-COMPANION
CL-473,473,5,9,Monastery corpus is genealogical as well as devotional.,Monastery corpus is genealogical as well as devotional.,473,False,False,single-statement,False,ART-003,"poppler pdftotext 24.02.0 default mode, per page",7a66eaaeed20ab0d4b212c4c302026b2aedec470ec6b7943f8b0005be9cdcc6c,DERIVATIVE-UNVERIFIED-AGAINST-MARKDOWN-COMPANION
CL-474,474,5,9,Multiple generations of Lakhmid women survive through distinct monastery indexes.,Multiple generations of Lakhmid women survive through distinct monastery indexes.,474,False,False,single-statement,False,ART-003,"poppler pdftotext 24.02.0 default mode, per page",0c608dc5d15f039be5223d776d1a396597aac429c91aab3fc3d2acc521bfb067,DERIVATIVE-UNVERIFIED-AGAINST-MARKDOWN-COMPANION
CL-475,475,5,9,Agh■n■ preserves competing chronology for Hind.,Agh■n■ preserves competing chronology for Hind.,475,False,False,single-statement,True,ART-003,"poppler pdftotext 24.02.0 default mode, per page",35e37a0fec03cb6e502310a771e59362c0624df70b3571b34aa9496219ac3238,DERIVATIVE-UNVERIFIED-AGAINST-MARKDOWN-COMPANION
CL-476,476,5,9,Hind monastery becomes interface with post-Lakhmid Islamic authority.,Hind monastery becomes interface with post-Lakhmid Islamic authority.,476,False,False,single-statement,False,ART-003,"poppler pdftotext 24.02.0 default mode, per page",947fa9ecd9475b83edb6099b52f197b06553180f87cc277020c19ae4ecb67382,DERIVATIVE-UNVERIFIED-AGAINST-MARKDOWN-COMPANION
CL-477,477,5,9,"Refusal of al-Mugh■ra marriage proposal preserves dynastic-status memory, but wording historicity is uncertain.","Refusal of al-Mugh■ra marriage proposal preserves dynastic-status memory, but wording historicity is uncertain.",477,False,False,single-statement,True,ART-003,"poppler pdftotext 24.02.0 default mode, per page",8b0f8026c5e11a5f6c237f25e36f5bc48852795aea82fbee0bfb9597f7930969,DERIVATIVE-UNVERIFIED-AGAINST-MARKDOWN-COMPANION
CL-478,478,5,9,Hind monastery links Lakhmid sovereignty → conquest → Umayyad administration.,Hind monastery links Lakhmid sovereignty → conquest → Umayyad administration.,478,False,False,single-statement,False,ART-003,"poppler pdftotext 24.02.0 default mode, per page",a674d1ea44e5f6b9891ecedd32e8d93b1a2019beda161ed19963c4688923112b,DERIVATIVE-UNVERIFIED-AGAINST-MARKDOWN-COMPANION
CL-479,479,5,9,Dayr Hind al-■ughr■ has multiple foundation narratives.,Dayr Hind al-■ughr■ has multiple foundation narratives.,479,False,False,single-statement,True,ART-003,"poppler pdftotext 24.02.0 default mode, per page",c15b878d2f93acfff557bd1bcc973cc74b8aa964b6ae28e30a58caedd58c1d90,DERIVATIVE-UNVERIFIED-AGAINST-MARKDOWN-COMPANION
CL-480,480,5,9,Physical monastery identity can be more stable than attached biography.,Physical monastery identity can be more stable than attached biography.,480,False,False,single-statement,False,ART-003,"poppler pdftotext 24.02.0 default mode, per page",aa43a839a985bdd0cc9abee467a0c6436208240e118af598404371e19dbdc2ef,DERIVATIVE-UNVERIFIED-AGAINST-MARKDOWN-COMPANION
CL-481,481,5,9,Dayr Hind al-Kubr■ links Kinda + Lakhmid royalty + Christianity.,Dayr Hind al-Kubr■ links Kinda + Lakhmid royalty + Christianity.,481,False,False,single-statement,True,ART-003,"poppler pdftotext 24.02.0 default mode, per page",af45b5152a9727d5b295f89d38bead6257314c05bd49c8f0c51ca2d3f731e73d,DERIVATIVE-UNVERIFIED-AGAINST-MARKDOWN-COMPANION
CL-482,482,5,9,Kinda connection to ■■ra has physical/institutional anchor.,Kinda connection to ■■ra has physical/institutional anchor.,482,False,False,single-statement,True,ART-003,"poppler pdftotext 24.02.0 default mode, per page",212486bbd7245db542e22c52446675e53fdd33ce85fc6a9062d71854edab99ba,DERIVATIVE-UNVERIFIED-AGAINST-MARKDOWN-COMPANION
CL-483,483,5,9,Monastery landscape contains route/geographic information.,Monastery landscape contains route/geographic information.,483,False,False,single-statement,False,ART-003,"poppler pdftotext 24.02.0 default mode, per page",8345cd38c2dc50e4f91a00293f1582612e399838efbfa045554dc32bb821980c,DERIVATIVE-UNVERIFIED-AGAINST-MARKDOWN-COMPANION
CL-484,484,5,9,Bishop-monastery landscape is spatially integrated with palace landscape.,Bishop-monastery landscape is spatially integrated with palace landscape.,484,False,False,single-statement,False,ART-003,"poppler pdftotext 24.02.0 default mode, per page",a233ef49bcd675942d4d66e028d714d57df7bfdf4075e8c3ce12f34ed6bd8b09,DERIVATIVE-UNVERIFIED-AGAINST-MARKDOWN-COMPANION
CL-485,485,5,9,German archaeology identifies continuous settlement Late Antique → Early Islamic with transformation after the seventh century.,German archaeology identifies continuous settlement Late Antique → Early Islamic with transformation after the seventh century.,485,False,False,single-statement,False,ART-003,"poppler pdftotext 24.02.0 default mode, per page",10a09e262621acc604c4a670cef4c7191ae1ba5d2677a63caaba8e6e6593a64c,DERIVATIVE-UNVERIFIED-AGAINST-MARKDOWN-COMPANION
CL-486,486,5,9,Archaeology shifts question from “capital” to urban transformation/contact zone.,Archaeology shifts question from “capital” to urban transformation/contact zone.,486,False,False,single-statement,False,ART-003,"poppler pdftotext 24.02.0 default mode, per page",45b7d897a3b610b03227cc20651ee9f6e28195c7d0f625257b52e3a597746867,DERIVATIVE-UNVERIFIED-AGAINST-MARKDOWN-COMPANION
CL-487,487,5,9,Modern synthesis identifies Sasanian Persia + Christianity + Arabian society as major interfaces.,Modern synthesis identifies Sasanian Persia + Christianity + Arabian society as major interfaces.,487,False,False,single-statement,False,ART-003,"poppler pdftotext 24.02.0 default mode, per page",e644739f9e5f34b91870d20758f569ca34c9ae6a1a27b6c9ccb8ac66004ffbba,DERIVATIVE-UNVERIFIED-AGAINST-MARKDOWN-COMPANION
CL-488,488,5,9,■Ad■ b. Zayd = Christian Arab/Ctesiphon educated/Persian-Arabic secretary/translator/intermediary.,■Ad■ b. Zayd = Christian Arab/Ctesiphon educated/Persian-Arabic secretary/translator/intermediary.,488,False,False,single-statement,True,ART-003,"poppler pdftotext 24.02.0 default mode, per page",0624d4523e58b32f282d572add72bd8c536b43033797b573f33091eae17916f2,DERIVATIVE-UNVERIFIED-AGAINST-MARKDOWN-COMPANION
CL-489,489,5,9,■Ad■ is second major court-interface node alongside Iyas.,■Ad■ is second major court-interface node alongside Iyas.,489,False,False,single-statement,True,ART-003,"poppler pdftotext 24.02.0 default mode, per page",3c0616b6df53a115c6e1b09f844c7ff1ef078da44c57ca3b76e292389698162a,DERIVATIVE-UNVERIFIED-AGAINST-MARKDOWN-COMPANION
CL-490,490,5,9,Fisher/Wood warn against simple “Lakhmid” dynastic categorization.,Fisher/Wood warn against simple “Lakhmid” dynastic categorization.,490,False,False,single-statement,False,ART-003,"poppler pdftotext 24.02.0 default mode, per page",43f3af2bb56bc3358ed9b2b25fea926f81a2bf3828a5f07052214eb53ca365bd,DERIVATIVE-UNVERIFIED-AGAINST-MARKDOWN-COMPANION
CL-491,491,5,9,French 2023 “Al-■■ra au croisement de traditions monastiques” is a major modern monastic-memory control.,French 2023 “Al-■■ra au croisement de traditions monastiques” is a major modern monastic-memory control.,491,False,False,single-statement,True,ART-003,"poppler pdftotext 24.02.0 default mode, per page",491e0084b061bcf4c61e0a13cfb8ab92968dfe7de3e3db66409002fb3d22f48d,DERIVATIVE-UNVERIFIED-AGAINST-MARKDOWN-COMPANION
CL-492,492,5,9,Hainthaler gives German ecclesiastical/educational personnel control.,Hainthaler gives German ecclesiastical/educational personnel control.,492,False,False,single-statement,False,ART-003,"poppler pdftotext 24.02.0 default mode, per page",564425cca23fadc294b153dacc8f82a9559d6729dfbbcbc49bde1cfda41fba95,DERIVATIVE-UNVERIFIED-AGAINST-MARKDOWN-COMPANION
CL-493,493,5,9,■■ra was an educational/intellectual node.,■■ra was an educational/intellectual node.,493,False,False,single-statement,True,ART-003,"poppler pdftotext 24.02.0 default mode, per page",b794843d3a0d34dcbf22b8c09f0165839e62894024a83bd0e378aa99afbf9971,DERIVATIVE-UNVERIFIED-AGAINST-MARKDOWN-COMPANION
CL-494,494,5,9,Memory ecology therefore includes education/intellectual transmission.,Memory ecology therefore includes education/intellectual transmission.,494,False,False,single-statement,False,ART-003,"poppler pdftotext 24.02.0 default mode, per page",4fa8022dc02b7e9dfe72fb78178ec4e4d843850be2c101e19dce0232690dd063,DERIVATIVE-UNVERIFIED-AGAINST-MARKDOWN-COMPANION
CL-495,495,5,9,■■ra is a multi-archive civilization node.,■■ra is a multi-archive civilization node.,495,False,False,single-statement,True,ART-003,"poppler pdftotext 24.02.0 default mode, per page",dc5d3c8eecf5c2e45dfc788440c564688e165c0d93310d0b3ba4a6d1fa9790f5,DERIVATIVE-UNVERIFIED-AGAINST-MARKDOWN-COMPANION
CL-496,496,5,9,"Royal, tribal, ecclesiastical, monastic and intellectual archives must be modeled independently.","Royal, tribal, ecclesiastical, monastic and intellectual archives must be modeled independently.",496,False,False,single-statement,False,ART-003,"poppler pdftotext 24.02.0 default mode, per page",86d491f6ad746f42d6ec503713413b0e487280db5b707909c43a0999fd188801,DERIVATIVE-UNVERIFIED-AGAINST-MARKDOWN-COMPANION
CL-497,497,5,9,A single later source can preserve several earlier traditions simultaneously.,A single later source can preserve several earlier traditions simultaneously.,497,False,False,single-statement,False,ART-003,"poppler pdftotext 24.02.0 default mode, per page",0c1f0700faa053e654965c3fae399656b86dabe36cec8f19876f60eae7420dca,DERIVATIVE-UNVERIFIED-AGAINST-MARKDOWN-COMPANION
CL-498,498,5,9,Source decomposition is therefore mandatory.,Source decomposition is therefore mandatory.,498,False,False,single-statement,False,ART-003,"poppler pdftotext 24.02.0 default mode, per page",d35ad14f01f0f5f5df2bb2743074c29208eff4894ec062ca24a993735d3f6df2,DERIVATIVE-UNVERIFIED-AGAINST-MARKDOWN-COMPANION
CL-499,499,5,9,The project should reconstruct source traditions before reconstructing events.,The project should reconstruct source traditions before reconstructing events.,499,False,False,single-statement,False,ART-003,"poppler pdftotext 24.02.0 default mode, per page",b0c6dd53ee5c5301040326a2a0386b28658654b681fa5efe60a28aeb70969c6a,DERIVATIVE-UNVERIFIED-AGAINST-MARKDOWN-COMPANION
CL-500,500,5,10,Historiographical architecture is now itself a controlled object.,Historiographical architecture is now itself a controlled object.,500,False,False,single-statement,False,ART-003,"poppler pdftotext 24.02.0 default mode, per page",b05144dc21a12d43d7723c09057f6f5983b9f4b2764576ecf0f6e3259284e8bd,DERIVATIVE-UNVERIFIED-AGAINST-MARKDOWN-COMPANION
CL-501,501,6,10,Archaeological evidence must remain distinct from literary reconstruction.,Archaeological evidence must remain distinct from literary reconstruction.,501,False,False,single-statement,False,ART-003,"poppler pdftotext 24.02.0 default mode, per page",fb83c85ae2bda6f91ad94163827011fbfbf6241cc84942e2a3505d4835100940,DERIVATIVE-UNVERIFIED-AGAINST-MARKDOWN-COMPANION
CL-502,502,6,10,Syriac inscriptional evidence is an independent control.,Syriac inscriptional evidence is an independent control.,502,False,False,single-statement,False,ART-003,"poppler pdftotext 24.02.0 default mode, per page",5d45eeb5accbb4ed0d9c8e983d7674c105efd6452a4c92db6f9d9fb620e42fa1,DERIVATIVE-UNVERIFIED-AGAINST-MARKDOWN-COMPANION
CL-503,503,6,10,Hunter 1996 provides a peer-reviewed Syriac-inscription corpus.,Hunter 1996 provides a peer-reviewed Syriac-inscription corpus.,503,False,False,single-statement,False,ART-003,"poppler pdftotext 24.02.0 default mode, per page",30bffe46fd7fde12ba9d55ced8b3194e4ce7b87ad9bf4e8d809fcf3860ff524d,DERIVATIVE-UNVERIFIED-AGAINST-MARKDOWN-COMPANION
CL-504,504,6,10,Syriac inscriptions situate ■■ra within wider Mesopotamian Aramaic/Sasanian geography.,Syriac inscriptions situate ■■ra within wider Mesopotamian Aramaic/Sasanian geography.,504,False,False,single-statement,True,ART-003,"poppler pdftotext 24.02.0 default mode, per page",7dc3881e3044154a27ddf8af57aff4e551dc9838612ee2a194efeb30a83cb4ca,DERIVATIVE-UNVERIFIED-AGAINST-MARKDOWN-COMPANION
CL-505,505,6,10,Syriac evidence controls over-Arabization.,Syriac evidence controls over-Arabization.,505,False,False,single-statement,False,ART-003,"poppler pdftotext 24.02.0 default mode, per page",fcf24ea39e21ab052692b963fd1d29674d039e9455acfd77383a62f2cc4af9f0,DERIVATIVE-UNVERIFIED-AGAINST-MARKDOWN-COMPANION
CL-506,506,6,10,Church architecture provides a physical Christian layer.,Church architecture provides a physical Christian layer.,506,False,False,single-statement,False,ART-003,"poppler pdftotext 24.02.0 default mode, per page",aae22c0e2dece02a82f8a6f0100dc95325728f414599422503c1e429e9e34910,DERIVATIVE-UNVERIFIED-AGAINST-MARKDOWN-COMPANION
CL-507,507,6,10,Fifth–seventh-century Christian building activity is independently important.,Fifth–seventh-century Christian building activity is independently important.,507,False,False,single-statement,False,ART-003,"poppler pdftotext 24.02.0 default mode, per page",9202374fc35dfde96ccc1d4aff7a727b30950cc9cf068c9fa5f8ebc3e7a1ff06,DERIVATIVE-UNVERIFIED-AGAINST-MARKDOWN-COMPANION
CL-508,508,6,10,Church/family/tribal naming can bridge architecture and genealogy.,Church/family/tribal naming can bridge architecture and genealogy.,508,False,False,single-statement,False,ART-003,"poppler pdftotext 24.02.0 default mode, per page",fb109f711d8208127d8666c38ce6638dfd39c255619bd68304ec0592d1a1c1f4,DERIVATIVE-UNVERIFIED-AGAINST-MARKDOWN-COMPANION
CL-509,509,6,10,Christian population ≠ ecclesiastical jurisdiction.,Christian population ≠ ecclesiastical jurisdiction.,509,False,False,single-statement,False,ART-003,"poppler pdftotext 24.02.0 default mode, per page",28b37d31257f5577c11f2c531cfd2388446430cf08f96d599eaf913504c6ed6f,DERIVATIVE-UNVERIFIED-AGAINST-MARKDOWN-COMPANION
CL-510,510,6,10,Ecclesiastical jurisdiction ≠ political allegiance.,Ecclesiastical jurisdiction ≠ political allegiance.,510,False,False,single-statement,False,ART-003,"poppler pdftotext 24.02.0 default mode, per page",f23a26b335dd48ef554d84aa579abc2653d095bb14e3fb72f448bfc84ab96932,DERIVATIVE-UNVERIFIED-AGAINST-MARKDOWN-COMPANION
CL-511,511,6,10,Hind inscription is a high-value cross-layer document.,Hind inscription is a high-value cross-layer document.,511,False,False,single-statement,False,ART-003,"poppler pdftotext 24.02.0 default mode, per page",78b50c200a2a162ff646c7c88fe81ae99aa0032fa1b70df52c18d092d766ad77,DERIVATIVE-UNVERIFIED-AGAINST-MARKDOWN-COMPANION
CL-512,512,6,10,"It combines woman, genealogy, kingship, Christianity, Sasanian ruler and bishop.","It combines woman, genealogy, kingship, Christianity, Sasanian ruler and bishop.",512,False,False,single-statement,False,ART-003,"poppler pdftotext 24.02.0 default mode, per page",7ea41a81d3c1567246836fe6dab41bc59147f3ffa1c27077b37935f2944a2653,DERIVATIVE-UNVERIFIED-AGAINST-MARKDOWN-COMPANION
CL-513,513,6,10,Bishop Ephraim supplies ecclesiastical chronology.,Bishop Ephraim supplies ecclesiastical chronology.,513,False,False,single-statement,False,ART-003,"poppler pdftotext 24.02.0 default mode, per page",9bab8f9aef0c11a815f0cebfa96ac39e2f7d5d0218829328dbee9f71bffd85e4,DERIVATIVE-UNVERIFIED-AGAINST-MARKDOWN-COMPANION
CL-514,514,6,10,Khusraw An■shirw■n supplies imperial chronology.,Khusraw An■shirw■n supplies imperial chronology.,514,False,False,single-statement,True,ART-003,"poppler pdftotext 24.02.0 default mode, per page",5729f656532631a715b0d1cf8953c6a39780484b7329eb2c2817a632bfc75667,DERIVATIVE-UNVERIFIED-AGAINST-MARKDOWN-COMPANION
CL-515,515,6,10,Arabic Christian epigraphy provides independent documentary evidence.,Arabic Christian epigraphy provides independent documentary evidence.,515,False,False,single-statement,False,ART-003,"poppler pdftotext 24.02.0 default mode, per page",6955f96db785d4f3a47426b0deee8eaf940d5ac7be6ac94c22ce050beb60deba,DERIVATIVE-UNVERIFIED-AGAINST-MARKDOWN-COMPANION
CL-516,516,6,10,■l■h occurs in the inscriptional tradition.,■l■h occurs in the inscriptional tradition.,516,False,False,single-statement,True,ART-003,"poppler pdftotext 24.02.0 default mode, per page",37e575b5146f1c104ee7238e3b81b5d08dbd86c75233fb3d9e25b698254458af,DERIVATIVE-UNVERIFIED-AGAINST-MARKDOWN-COMPANION
CL-517,517,6,10,Inscription bridges early Arabic Christian epigraphy and later literary monastery memory.,Inscription bridges early Arabic Christian epigraphy and later literary monastery memory.,517,False,False,single-statement,False,ART-003,"poppler pdftotext 24.02.0 default mode, per page",b9f18570a4732af66d0dd29100987ca6f2658b6482a778a35876a40985ea2d29,DERIVATIVE-UNVERIFIED-AGAINST-MARKDOWN-COMPANION
CL-518,518,6,10,Female foundation becomes a documentary memory mechanism.,Female foundation becomes a documentary memory mechanism.,518,False,False,single-statement,False,ART-003,"poppler pdftotext 24.02.0 default mode, per page",de1ae8e3bc37eaa49be33da39b0f72ff00a7fd98790e7c8e190443eb69817dd5,DERIVATIVE-UNVERIFIED-AGAINST-MARKDOWN-COMPANION
CL-519,519,6,10,Foundation evidence ≠ proof of political sovereignty.,Foundation evidence ≠ proof of political sovereignty.,519,False,False,single-statement,False,ART-003,"poppler pdftotext 24.02.0 default mode, per page",741234d83de5a647aaf15866b9873601b5cbdd6de4f6ab8bdfd0040c59310fd9,DERIVATIVE-UNVERIFIED-AGAINST-MARKDOWN-COMPANION
CL-520,520,6,10,Hind is an AD-6 candidate.,Hind is an AD-6 candidate.,520,False,False,single-statement,False,ART-003,"poppler pdftotext 24.02.0 default mode, per page",f2af8aeea947b52ca77d4bf2f6b9592f6f4c1e49fc281358a5b8d48c879c18c4,DERIVATIVE-UNVERIFIED-AGAINST-MARKDOWN-COMPANION
CL-521,521,6,10,Hunter 1996 is an independent Syriac evidence corpus.,Hunter 1996 is an independent Syriac evidence corpus.,521,False,False,single-statement,False,ART-003,"poppler pdftotext 24.02.0 default mode, per page",e03aeb94f729033b6638a586e54c8a308be1c9eaf0dbd4e1f887814f55bbe15a,DERIVATIVE-UNVERIFIED-AGAINST-MARKDOWN-COMPANION
CL-522,522,6,10,The corpus includes inscriptions and an ostracon.,The corpus includes inscriptions and an ostracon.,522,False,False,single-statement,False,ART-003,"poppler pdftotext 24.02.0 default mode, per page",bba002cf3f7e412b3cedbb4c616c2b7d5d56716f71f0b2c9ad7d1bc564bd928e,DERIVATIVE-UNVERIFIED-AGAINST-MARKDOWN-COMPANION
CL-523,523,6,10,Syriac inscriptions demonstrate Aramaic-language institutional presence.,Syriac inscriptions demonstrate Aramaic-language institutional presence.,523,False,False,single-statement,False,ART-003,"poppler pdftotext 24.02.0 default mode, per page",503aae73bac520506951d21a1ac8181fa53b8f27f1cf5e43b5640f005ff79be4,DERIVATIVE-UNVERIFIED-AGAINST-MARKDOWN-COMPANION
CL-524,524,6,10,"The inscription corpus must be mined for names, dates, locations and ecclesiastical affiliations.","The inscription corpus must be mined for names, dates, locations and ecclesiastical affiliations.",524,False,False,single-statement,False,ART-003,"poppler pdftotext 24.02.0 default mode, per page",94b03204b940f7d9eab313f9a14d424bc7e621ae757be67a70475a60183654d5,DERIVATIVE-UNVERIFIED-AGAINST-MARKDOWN-COMPANION
CL-525,525,6,10,Epigraphy should be cross-indexed with Arabic monastery traditions.,Epigraphy should be cross-indexed with Arabic monastery traditions.,525,False,False,single-statement,False,ART-003,"poppler pdftotext 24.02.0 default mode, per page",68fee9c87295e3674602ebe7c2420ce390feef657b2843e0efaa922b3e33a6ea,DERIVATIVE-UNVERIFIED-AGAINST-MARKDOWN-COMPANION
CL-526,526,6,10,Dayr Hind inscription survives through al-Bakr■/Y■q■t literary transmission.,Dayr Hind inscription survives through al-Bakr■/Y■q■t literary transmission.,526,False,False,single-statement,True,ART-003,"poppler pdftotext 24.02.0 default mode, per page",57afa4929a9597d223bcb0cdaeb3663830fb4cb71b8fdaf45a3f9f8c5dee37e7,DERIVATIVE-UNVERIFIED-AGAINST-MARKDOWN-COMPANION
CL-527,527,6,10,"Inscription places woman, dynasties, Sasanian ruler and bishop in one frame.","Inscription places woman, dynasties, Sasanian ruler and bishop in one frame.",527,False,False,single-statement,False,ART-003,"poppler pdftotext 24.02.0 default mode, per page",08b1100abf25a60d1658651081675f8450d5bbaa695178fc85512416425577d1,DERIVATIVE-UNVERIFIED-AGAINST-MARKDOWN-COMPANION
CL-528,528,6,10,Female institutional foundation crosses political boundaries.,Female institutional foundation crosses political boundaries.,528,False,False,single-statement,False,ART-003,"poppler pdftotext 24.02.0 default mode, per page",bd5901b9838909edfdcbb1f8d33307d0416971fc5c41d87f68fe7d1eed23e588,DERIVATIVE-UNVERIFIED-AGAINST-MARKDOWN-COMPANION
CL-529,529,6,10,Bishop Ephraim provides chronological anchor.,Bishop Ephraim provides chronological anchor.,529,False,False,single-statement,False,ART-003,"poppler pdftotext 24.02.0 default mode, per page",1c713633ad7455181203235488ee18a9e78ab6d63b3570a08398dff14c013caa,DERIVATIVE-UNVERIFIED-AGAINST-MARKDOWN-COMPANION
CL-530,530,6,10,Dayr Hind inscription is Arabic Christian epigraphy before Islam.,Dayr Hind inscription is Arabic Christian epigraphy before Islam.,530,False,False,single-statement,False,ART-003,"poppler pdftotext 24.02.0 default mode, per page",91b5e4ac6a7fd9fe29dfb1968416dca369d542fffe732b096668ebd2681e5bfb,DERIVATIVE-UNVERIFIED-AGAINST-MARKDOWN-COMPANION
CL-531,531,6,10,Divine name ■l■h occurs.,Divine name ■l■h occurs.,531,False,False,single-statement,True,ART-003,"poppler pdftotext 24.02.0 default mode, per page",b667747d74c78c8f6c8731c8f9633119c81f607f24782a27c339972d81fa4d2e,DERIVATIVE-UNVERIFIED-AGAINST-MARKDOWN-COMPANION
CL-532,532,6,10,Inscription bridges Arabic Christian epigraphy and later monastery literature.,Inscription bridges Arabic Christian epigraphy and later monastery literature.,532,False,False,single-statement,False,ART-003,"poppler pdftotext 24.02.0 default mode, per page",5195ed4e5fdeeb0ebf5899c676079283d8d2f87ad78e893860f430ae764bcbe8,DERIVATIVE-UNVERIFIED-AGAINST-MARKDOWN-COMPANION
CL-533,533,7,10,Hunter's Syriac inscription corpus independently anchors Christian institutional history.,Hunter's Syriac inscription corpus independently anchors Christian institutional history.,533,False,False,single-statement,False,ART-003,"poppler pdftotext 24.02.0 default mode, per page",00e9bf1afd1b3a8c9bb7259569b383f2910fdf67571b58a34e53d309c0ee3cce,DERIVATIVE-UNVERIFIED-AGAINST-MARKDOWN-COMPANION
CL-534,534,7,10,Syriac corpus includes documentary material beyond Arabic literary tradition.,Syriac corpus includes documentary material beyond Arabic literary tradition.,534,False,False,single-statement,False,ART-003,"poppler pdftotext 24.02.0 default mode, per page",636d7e3cf344d5e160607595cce632588e8656dc4e9a922b8e502c4f27611a4d,DERIVATIVE-UNVERIFIED-AGAINST-MARKDOWN-COMPANION
CL-535,535,7,10,■■ra is part of the wider Aramaic/Sasanian Christian world.,■■ra is part of the wider Aramaic/Sasanian Christian world.,535,False,False,single-statement,True,ART-003,"poppler pdftotext 24.02.0 default mode, per page",d21a8ada7224ad0bfcc40c01e5127c15e6141861501608d6cad1be4385701928,DERIVATIVE-UNVERIFIED-AGAINST-MARKDOWN-COMPANION
CL-536,536,7,10,Syriac evidence prevents a purely Arabizing reconstruction.,Syriac evidence prevents a purely Arabizing reconstruction.,536,False,False,single-statement,False,ART-003,"poppler pdftotext 24.02.0 default mode, per page",bbb1f0ff2841c3e2d5c86c8492f3735918e6411da074e3fd682db05f43534b86,DERIVATIVE-UNVERIFIED-AGAINST-MARKDOWN-COMPANION
CL-537,537,7,10,Cyrus/Qiy■r■ of Edessa is associated with a monastery-school at ■■ra.,Cyrus/Qiy■r■ of Edessa is associated with a monastery-school at ■■ra.,537,False,False,single-statement,True,ART-003,"poppler pdftotext 24.02.0 default mode, per page",65309e912e7fd144e00b44dbecb722c12b3784e736bb4912540bc9f726f20eaf,DERIVATIVE-UNVERIFIED-AGAINST-MARKDOWN-COMPANION
CL-538,538,7,10,Qiy■r■ links ■■ra with Edessa/Nisibis/Seleucia-Ctesiphon intellectual networks.,Qiy■r■ links ■■ra with Edessa/Nisibis/Seleucia-Ctesiphon intellectual networks.,538,False,False,single-statement,True,ART-003,"poppler pdftotext 24.02.0 default mode, per page",a1557fbd5017391953efe135f2959e5e91095ab13a89bdf0b00afc9751e8575c,DERIVATIVE-UNVERIFIED-AGAINST-MARKDOWN-COMPANION
CL-539,539,7,10,■■ra school belongs to a wider Sasanian intellectual world.,■■ra school belongs to a wider Sasanian intellectual world.,539,False,False,single-statement,True,ART-003,"poppler pdftotext 24.02.0 default mode, per page",0a1b7bf124fd2b5de857ed460e7235a0fd39e7d934f6ea6315be3ae5cc4dda00,DERIVATIVE-UNVERIFIED-AGAINST-MARKDOWN-COMPANION
CL-540,540,7,10,Qiy■r■ is an intermediary between external and local institutions.,Qiy■r■ is an intermediary between external and local institutions.,540,False,False,single-statement,True,ART-003,"poppler pdftotext 24.02.0 default mode, per page",5396a9124e26036285bc4dd2609508a0f805a1af94d888e8a429af6d0208e91d,DERIVATIVE-UNVERIFIED-AGAINST-MARKDOWN-COMPANION
CL-541,541,7,10,Educational network predates conquest and has later ecclesiastical memory.,Educational network predates conquest and has later ecclesiastical memory.,541,False,False,single-statement,False,ART-003,"poppler pdftotext 24.02.0 default mode, per page",2568fb43ff22a5ada54f2b4ee39918506a836a351158a9d66c47fc6759d1e899,DERIVATIVE-UNVERIFIED-AGAINST-MARKDOWN-COMPANION
CL-542,542,7,10,■■ra was not exclusively one Christian confession in every period.,■■ra was not exclusively one Christian confession in every period.,542,False,False,single-statement,True,ART-003,"poppler pdftotext 24.02.0 default mode, per page",1cc0418720c5d31efc6cefe7ed574ef10a5243f61202820603f3638f3b6e0ce9,DERIVATIVE-UNVERIFIED-AGAINST-MARKDOWN-COMPANION
CL-543,543,7,10,Syriac Orthodox evidence exists before the conquest.,Syriac Orthodox evidence exists before the conquest.,543,False,False,single-statement,False,ART-003,"poppler pdftotext 24.02.0 default mode, per page",02d5f43781ca3c78643f206d6263b684a1b1c0f6325f196409752537287bcc6d,DERIVATIVE-UNVERIFIED-AGAINST-MARKDOWN-COMPANION
CL-544,544,7,10,Christian population ≠ ecclesiastical jurisdiction.,Christian population ≠ ecclesiastical jurisdiction.,544,False,False,single-statement,False,ART-003,"poppler pdftotext 24.02.0 default mode, per page",28b37d31257f5577c11f2c531cfd2388446430cf08f96d599eaf913504c6ed6f,DERIVATIVE-UNVERIFIED-AGAINST-MARKDOWN-COMPANION
CL-545,545,7,10,R9 ecclesiastical affiliation category established.,R9 ecclesiastical affiliation category established.,545,False,False,single-statement,False,ART-003,"poppler pdftotext 24.02.0 default mode, per page",96a3774a34324d4e19d44e181e3e7ff12ce81415b79177f2f3d68e72d2d08f0f,DERIVATIVE-UNVERIFIED-AGAINST-MARKDOWN-COMPANION
CL-546,546,7,10,Excavated ■■ra church gives seventh-century architectural evidence.,Excavated ■■ra church gives seventh-century architectural evidence.,546,False,False,single-statement,True,ART-003,"poppler pdftotext 24.02.0 default mode, per page",25f61c9de02d3bdb11986505350e94b464162fe8604d0a4fa56a6d5d1ae56b05,DERIVATIVE-UNVERIFIED-AGAINST-MARKDOWN-COMPANION
CL-547,547,7,10,Church architecture has parallels with Church of the East traditions.,Church architecture has parallels with Church of the East traditions.,547,False,False,single-statement,False,ART-003,"poppler pdftotext 24.02.0 default mode, per page",053dea4b2ebda77c71da4573f527397ab6a6656feca50b0299e95709fe81d821,DERIVATIVE-UNVERIFIED-AGAINST-MARKDOWN-COMPANION
CL-548,548,7,10,German archaeological work identifies fifth–seventh-century Christian building activity.,German archaeological work identifies fifth–seventh-century Christian building activity.,548,False,False,single-statement,False,ART-003,"poppler pdftotext 24.02.0 default mode, per page",20a6fc6317644ec9f1b5d5c9bd5fc82ea5ed613aea3ce123401c57417c665aea,DERIVATIVE-UNVERIFIED-AGAINST-MARKDOWN-COMPANION
CL-549,549,7,10,Family/tribal naming of churches/monasteries is an independent social index.,Family/tribal naming of churches/monasteries is an independent social index.,549,False,False,single-statement,False,ART-003,"poppler pdftotext 24.02.0 default mode, per page",9e85ac1b14b22ac7ad63776d18b1256e4593f1ac951b51ea0c0aff74635286e8,DERIVATIVE-UNVERIFIED-AGAINST-MARKDOWN-COMPANION
CL-550,550,7,10,Clan-indexed Christianity is part of ■■ra's urban social structure.,Clan-indexed Christianity is part of ■■ra's urban social structure.,550,False,False,single-statement,True,ART-003,"poppler pdftotext 24.02.0 default mode, per page",a860a98a74d72dbe66b648c86e535030c45e8307c6d148d4bade0b71dfb6b3cf,DERIVATIVE-UNVERIFIED-AGAINST-MARKDOWN-COMPANION
CL-551,551,7,10,At least five documentary/language traditions are relevant:,At least five documentary/language traditions are relevant:,551,False,False,single-statement,False,ART-003,"poppler pdftotext 24.02.0 default mode, per page",178cdb456c706f4609b23e9581a94faa73b521e16df3b11281ad8e4279bb3488,DERIVATIVE-UNVERIFIED-AGAINST-MARKDOWN-COMPANION
CL-552,552,7,10,Archaeology constitutes a sixth evidence class.,Archaeology constitutes a sixth evidence class.,552,False,False,single-statement,False,ART-003,"poppler pdftotext 24.02.0 default mode, per page",9ce8af40154059a5e9bb0d6ba0405a41f44d42668c65b211cc03163ce630c0c9,DERIVATIVE-UNVERIFIED-AGAINST-MARKDOWN-COMPANION
CL-553,553,7,10,Memory fragments by institution and language.,Memory fragments by institution and language.,553,False,False,single-statement,False,ART-003,"poppler pdftotext 24.02.0 default mode, per page",4c3a1588b0b9826e43d8c701a08daf83759e6b7cc8f5672c065995c37f63cd1e,DERIVATIVE-UNVERIFIED-AGAINST-MARKDOWN-COMPANION
CL-554,554,7,10,AD-1–AD-6 convergence scale applies across these classes.,AD-1–AD-6 convergence scale applies across these classes.,554,False,False,single-statement,False,ART-003,"poppler pdftotext 24.02.0 default mode, per page",5dc77f5b30fb2bc5726ee0ebd3f69fe0bcb70c5662177a8af9fa1ee2cd3b4c0a,DERIVATIVE-UNVERIFIED-AGAINST-MARKDOWN-COMPANION
CL-555,555,7,10,"Reconstruction should be multi-source, not narrative reconstruction from one source.","Reconstruction should be multi-source, not narrative reconstruction from one source.",555,False,False,single-statement,False,ART-003,"poppler pdftotext 24.02.0 default mode, per page",2239db94c6eacd01df05f2aa567d8c8c0c94a1e4dadfc5024a17b2951273215a,DERIVATIVE-UNVERIFIED-AGAINST-MARKDOWN-COMPANION
CL-556,556,7,10,Hosha■ is the earliest securely identifiable ■■ra bishop in the controlled record.,Hosha■ is the earliest securely identifiable ■■ra bishop in the controlled record.,556,False,False,single-statement,True,ART-003,"poppler pdftotext 24.02.0 default mode, per page",573b138e0404acba9390d3046a29f785aa80fc5f5fe3e9f2f82e8e07e6dd7f3f,DERIVATIVE-UNVERIFIED-AGAINST-MARKDOWN-COMPANION
CL-557,557,7,10,Hosha■ attestation predates mature Lakhmid-Christian court memory.,Hosha■ attestation predates mature Lakhmid-Christian court memory.,557,False,False,single-statement,True,ART-003,"poppler pdftotext 24.02.0 default mode, per page",ff050d213cf93a227fff713a6ec2633516fd2ca873944189bc457c663d4ecd76,DERIVATIVE-UNVERIFIED-AGAINST-MARKDOWN-COMPANION
CL-558,558,7,10,410 synod provides an independent chronological anchor.,410 synod provides an independent chronological anchor.,558,False,False,single-statement,False,ART-003,"poppler pdftotext 24.02.0 default mode, per page",10d796689a48fc9de1cb46b2f0c5a2e4cc543e13467f6cd15dc3a4dc634168da,DERIVATIVE-UNVERIFIED-AGAINST-MARKDOWN-COMPANION
CL-559,559,7,10,Bishopric belongs to wider Church of the East administrative geography.,Bishopric belongs to wider Church of the East administrative geography.,559,False,False,single-statement,False,ART-003,"poppler pdftotext 24.02.0 default mode, per page",223651ad6d45c6d80b9a7eca46149809d63823931d7f67ec39acadf834bd17b1,DERIVATIVE-UNVERIFIED-AGAINST-MARKDOWN-COMPANION
CL-560,560,7,10,■■ra hosted high-ranking Church of the East leadership.,■■ra hosted high-ranking Church of the East leadership.,560,False,False,single-statement,True,ART-003,"poppler pdftotext 24.02.0 default mode, per page",3c7995a611b58a53481696f8c0907274be6c9e023e58a5b2f2896d8f21a2e093,DERIVATIVE-UNVERIFIED-AGAINST-MARKDOWN-COMPANION
CL-561,561,7,10,At least five catholicoi are associated with burial at ■■ra:,At least five catholicoi are associated with burial at ■■ra:,561,False,False,single-statement,True,ART-003,"poppler pdftotext 24.02.0 default mode, per page",b8c86c89e5354aca23e02e316ab3f5242bbf91d7c307fe690fe7765f78f0ffae,DERIVATIVE-UNVERIFIED-AGAINST-MARKDOWN-COMPANION
CL-562,562,7,10,Possible additional figures require separate verification.,Possible additional figures require separate verification.,562,False,False,single-statement,False,ART-003,"poppler pdftotext 24.02.0 default mode, per page",154148bbb2f68bed585f0df9bec52916b003070e3046f84f6a4642e41441d88e,DERIVATIVE-UNVERIFIED-AGAINST-MARKDOWN-COMPANION
CL-563,563,7,10,This creates a supra-local ecclesiastical funerary/memorial center.,This creates a supra-local ecclesiastical funerary/memorial center.,563,False,False,single-statement,False,ART-003,"poppler pdftotext 24.02.0 default mode, per page",2580cf69fd1eb047ce7819c071109171048e5a392eb1d3ac06e5b323c1954fb5,DERIVATIVE-UNVERIFIED-AGAINST-MARKDOWN-COMPANION
CL-564,564,7,10,Burial memory is an independent physical-memory pathway.,Burial memory is an independent physical-memory pathway.,564,False,False,single-statement,False,ART-003,"poppler pdftotext 24.02.0 default mode, per page",02c06af093337b7f3d45b543cba23bb900b6697538dfa797cbd5cb0fcb29fb6a,DERIVATIVE-UNVERIFIED-AGAINST-MARKDOWN-COMPANION
CL-565,565,7,10,Catholicos burial does not automatically mean ordinary residence throughout episcopal tenure.,Catholicos burial does not automatically mean ordinary residence throughout episcopal tenure.,565,False,False,single-statement,False,ART-003,"poppler pdftotext 24.02.0 default mode, per page",f7f05b0c5ef9b23b2bb0e503919e6e44f456306c79fe8ba6774467f610be3ea2,DERIVATIVE-UNVERIFIED-AGAINST-MARKDOWN-COMPANION
CL-566,566,7,10,IF-11 = supra-local ecclesiastical funerary center.,IF-11 = supra-local ecclesiastical funerary center.,566,False,False,single-statement,False,ART-003,"poppler pdftotext 24.02.0 default mode, per page",63aa42c5939f6488c0f47031f102ddaf20655b31ac23bfceb8c7fea2df62037c,DERIVATIVE-UNVERIFIED-AGAINST-MARKDOWN-COMPANION
CL-567,567,7,11,Burial evidence should not be merged with political capital status.,Burial evidence should not be merged with political capital status.,567,False,False,single-statement,False,ART-003,"poppler pdftotext 24.02.0 default mode, per page",038bdcd1ed758ea8db652dd854d785e2caa6c972ccaaf76d09fbd7d556efcbae,DERIVATIVE-UNVERIFIED-AGAINST-MARKDOWN-COMPANION
CL-568,568,7,11,Funerary geography can preserve institutional importance after political change.,Funerary geography can preserve institutional importance after political change.,568,False,False,single-statement,False,ART-003,"poppler pdftotext 24.02.0 default mode, per page",8a3b82fc914e97e62f22f081080c267a342ed13be06b904c72c968c426f7f473,DERIVATIVE-UNVERIFIED-AGAINST-MARKDOWN-COMPANION
CL-569,569,7,11,■■ra therefore had ecclesiastical prestige independent of Lakhmid sovereignty.,■■ra therefore had ecclesiastical prestige independent of Lakhmid sovereignty.,569,False,False,single-statement,True,ART-003,"poppler pdftotext 24.02.0 default mode, per page",2db6ceb899bee78172f26f6f316f52d01ef2d2e5dc189d2f3efb069ebf967cc2,DERIVATIVE-UNVERIFIED-AGAINST-MARKDOWN-COMPANION
CL-570,570,7,11,This is a strong example of institutional succession without dynastic succession.,This is a strong example of institutional succession without dynastic succession.,570,False,False,single-statement,False,ART-003,"poppler pdftotext 24.02.0 default mode, per page",6beb50cee967619d9a3a6406f4c9f63612aaab92c4a9d697b902f65bcbcd55f7,DERIVATIVE-UNVERIFIED-AGAINST-MARKDOWN-COMPANION
CL-571,571,7,11,Qiy■r■/Cyrus of Edessa is a named founder/teacher associated with ■■ra.,Qiy■r■/Cyrus of Edessa is a named founder/teacher associated with ■■ra.,571,False,False,single-statement,True,ART-003,"poppler pdftotext 24.02.0 default mode, per page",6230aebd5a7c81592db0a183d2383fef81b939e056198ba03ed19f52565cf1e1,DERIVATIVE-UNVERIFIED-AGAINST-MARKDOWN-COMPANION
CL-572,572,7,11,Dayr al-Ask■l is a physical institutional anchor.,Dayr al-Ask■l is a physical institutional anchor.,572,False,False,single-statement,True,ART-003,"poppler pdftotext 24.02.0 default mode, per page",81b3d88ff773522b11dfe5c58db7a34888cf7c100aeb13036c8f1804f57d592c,DERIVATIVE-UNVERIFIED-AGAINST-MARKDOWN-COMPANION
CL-573,573,7,11,School function is theological/educational.,School function is theological/educational.,573,False,False,single-statement,False,ART-003,"poppler pdftotext 24.02.0 default mode, per page",5305d65a3267fd9b9a6c9105174ff652c44c33c98002a6324b7563035aec1b0c,DERIVATIVE-UNVERIFIED-AGAINST-MARKDOWN-COMPANION
CL-574,574,7,11,N7a = theological education.,N7a = theological education.,574,False,False,single-statement,False,ART-003,"poppler pdftotext 24.02.0 default mode, per page",c2ab4a901645c16c9e0ed8352c74f33436f47cd15602f9b968323d3009aa1cba,DERIVATIVE-UNVERIFIED-AGAINST-MARKDOWN-COMPANION
CL-575,575,7,11,Qiy■r■ provides named founder + monastery + school.,Qiy■r■ provides named founder + monastery + school.,575,False,False,single-statement,True,ART-003,"poppler pdftotext 24.02.0 default mode, per page",e8509c64a006b32fcd8e41c6902121f05032803eac2baff5b66aef462e18b89c,DERIVATIVE-UNVERIFIED-AGAINST-MARKDOWN-COMPANION
CL-576,576,7,11,Sergius b. S■■iq succeeds Qiy■r■ as teacher.,Sergius b. S■■iq succeeds Qiy■r■ as teacher.,576,False,False,single-statement,True,ART-003,"poppler pdftotext 24.02.0 default mode, per page",eae219d46f5d85a672bfe3a81eeec318eb07cdf049784a340f6799f12c8b60b6,DERIVATIVE-UNVERIFIED-AGAINST-MARKDOWN-COMPANION
CL-577,577,7,11,Sergius is associated with biblical exegesis.,Sergius is associated with biblical exegesis.,577,False,False,single-statement,False,ART-003,"poppler pdftotext 24.02.0 default mode, per page",48024a41518673989de5c5c90c5290e862ffb395ac3c660042a97148b67030b1,DERIVATIVE-UNVERIFIED-AGAINST-MARKDOWN-COMPANION
CL-578,578,7,11,Educational succession demonstrates institutional continuity.,Educational succession demonstrates institutional continuity.,578,False,False,single-statement,False,ART-003,"poppler pdftotext 24.02.0 default mode, per page",5a7e18d6d9030526908857b32f1caa8f2c13a704551bec4e10b9cb9d50d1a46a,DERIVATIVE-UNVERIFIED-AGAINST-MARKDOWN-COMPANION
CL-579,579,7,11,Teacher succession should be treated separately from episcopal succession.,Teacher succession should be treated separately from episcopal succession.,579,False,False,single-statement,False,ART-003,"poppler pdftotext 24.02.0 default mode, per page",38e1c1be97576b22ba351ac528a6775e9a16fca537cd1bb33fcd22749fa225d8,DERIVATIVE-UNVERIFIED-AGAINST-MARKDOWN-COMPANION
CL-580,580,7,11,Educational institutions can survive through personnel even when political structures collapse.,Educational institutions can survive through personnel even when political structures collapse.,580,False,False,single-statement,False,ART-003,"poppler pdftotext 24.02.0 default mode, per page",1253fa68551c7720e6d18c2a99dcf462a6327c6fbbe7f1626dff1f8628359352,DERIVATIVE-UNVERIFIED-AGAINST-MARKDOWN-COMPANION
CL-581,581,7,11,Bar■auma of ■■ra became metropolitan of Nisibis under Isho■yahb II.,Bar■auma of ■■ra became metropolitan of Nisibis under Isho■yahb II.,581,False,False,single-statement,True,ART-003,"poppler pdftotext 24.02.0 default mode, per page",455a423d70aa84474074081d096044a30707dd55c7ab3b03fede6b62b89d1965,DERIVATIVE-UNVERIFIED-AGAINST-MARKDOWN-COMPANION
CL-582,582,7,11,Bar■auma is identified as an exegete of ■■ra.,Bar■auma is identified as an exegete of ■■ra.,582,False,False,single-statement,True,ART-003,"poppler pdftotext 24.02.0 default mode, per page",15dbc98495e8d73c04c6f73521ac36798bb1a8acbe787d8384e77446d1a7d469,DERIVATIVE-UNVERIFIED-AGAINST-MARKDOWN-COMPANION
CL-583,583,7,11,■■ra → Nisibis is an outward educational/ecclesiastical corridor.,■■ra → Nisibis is an outward educational/ecclesiastical corridor.,583,False,False,single-statement,True,ART-003,"poppler pdftotext 24.02.0 default mode, per page",c81ae5f568df9d372a25be60c86f040bc120856960f8dd1f68f708b07efe6b68,DERIVATIVE-UNVERIFIED-AGAINST-MARKDOWN-COMPANION
CL-584,584,7,11,Mar El■ya studied at ■■ra and later founded Dayr Sa■■d near Mosul.,Mar El■ya studied at ■■ra and later founded Dayr Sa■■d near Mosul.,584,False,False,single-statement,True,ART-003,"poppler pdftotext 24.02.0 default mode, per page",e928b5fc466ec9b57e65dad58fea069602bfdf0925914da8560c0db3ca4440e3,DERIVATIVE-UNVERIFIED-AGAINST-MARKDOWN-COMPANION
CL-585,585,7,11,■■ra educational influence extends toward Mosul.,■■ra educational influence extends toward Mosul.,585,False,False,single-statement,True,ART-003,"poppler pdftotext 24.02.0 default mode, per page",61e9e23331e2eaca9a7d238d9e26400ff69c716b0c98f1f9dd3b54810b42fe29,DERIVATIVE-UNVERIFIED-AGAINST-MARKDOWN-COMPANION
CL-586,586,7,11,"Educational transmission is bidirectional, not merely imported into ■■ra.","Educational transmission is bidirectional, not merely imported into ■■ra.",586,False,False,single-statement,True,ART-003,"poppler pdftotext 24.02.0 default mode, per page",5a8f81fe11126ff340e641cd439f50c33e56c11987669223a7d7ace020317a1e,DERIVATIVE-UNVERIFIED-AGAINST-MARKDOWN-COMPANION
CL-587,587,7,11,■■ra therefore functions as an educational source node.,■■ra therefore functions as an educational source node.,587,False,False,single-statement,True,ART-003,"poppler pdftotext 24.02.0 default mode, per page",7e6ad9ed3abfdbbddaea7a9c3fe104de0d7facfa815adc11815fbd758c1525ec,DERIVATIVE-UNVERIFIED-AGAINST-MARKDOWN-COMPANION
CL-588,588,7,11,N7 captures this institutional layer.,N7 captures this institutional layer.,588,False,False,single-statement,False,ART-003,"poppler pdftotext 24.02.0 default mode, per page",e79ff45fa81cc5eb67a922c5242b318926d4b3d69e91becd4e740bf977580da1,DERIVATIVE-UNVERIFIED-AGAINST-MARKDOWN-COMPANION
CL-589,589,7,11,N7d translation education should be added where textual transmission is demonstrable.,N7d translation education should be added where textual transmission is demonstrable.,589,False,False,single-statement,False,ART-003,"poppler pdftotext 24.02.0 default mode, per page",7782c1499b099e5d9bd184ebdab15d96995b27ca4b5c288ae4fba4cde84c0394,DERIVATIVE-UNVERIFIED-AGAINST-MARKDOWN-COMPANION
CL-590,590,7,11,Ecclesiastical prosopography provides an independent chronological spine.,Ecclesiastical prosopography provides an independent chronological spine.,590,False,False,single-statement,False,ART-003,"poppler pdftotext 24.02.0 default mode, per page",029da85d240808e404c701fdd7457e8504824e1964f68831d5a488b97ec3236c,DERIVATIVE-UNVERIFIED-AGAINST-MARKDOWN-COMPANION
CL-591,591,7,11,"Hosha■ is earliest securely attested bishop, not simply first remembered in Arabic.","Hosha■ is earliest securely attested bishop, not simply first remembered in Arabic.",591,False,False,single-statement,True,ART-003,"poppler pdftotext 24.02.0 default mode, per page",dd7913303f2a48031b67cca35214253f8a19c0800a1b2935ca5386a633bb1789,DERIVATIVE-UNVERIFIED-AGAINST-MARKDOWN-COMPANION
CL-592,592,7,11,410 episcopal evidence implies substantial organized Christian presence.,410 episcopal evidence implies substantial organized Christian presence.,592,False,False,single-statement,False,ART-003,"poppler pdftotext 24.02.0 default mode, per page",2ae1879cff17019e0ce801d73a68bd174b2e76e491f834c4db2d771c058c86e6,DERIVATIVE-UNVERIFIED-AGAINST-MARKDOWN-COMPANION
CL-593,593,7,11,■■ra belongs to B■t ■Aram■y■/Seleucia-Ctesiphon ecclesiastical geography.,■■ra belongs to B■t ■Aram■y■/Seleucia-Ctesiphon ecclesiastical geography.,593,False,False,single-statement,True,ART-003,"poppler pdftotext 24.02.0 default mode, per page",f02048c541b02b501b1aace749f979f1b026bae7705df8dfb3578492d3c99980,DERIVATIVE-UNVERIFIED-AGAINST-MARKDOWN-COMPANION
CL-594,594,7,11,Bishopric and Lakhmid court are two pre-existing institutions capable of interaction.,Bishopric and Lakhmid court are two pre-existing institutions capable of interaction.,594,False,False,single-statement,False,ART-003,"poppler pdftotext 24.02.0 default mode, per page",39debcc3ddfa2320cd0bd49baf58dc58401b6c382dbaab0d74fcef243cf40ba5,DERIVATIVE-UNVERIFIED-AGAINST-MARKDOWN-COMPANION
CL-595,595,7,11,■■ra hosted high-ranking Church of the East leadership.,■■ra hosted high-ranking Church of the East leadership.,595,False,False,single-statement,True,ART-003,"poppler pdftotext 24.02.0 default mode, per page",3c7995a611b58a53481696f8c0907274be6c9e023e58a5b2f2896d8f21a2e093,DERIVATIVE-UNVERIFIED-AGAINST-MARKDOWN-COMPANION
CL-596,596,7,11,Multiple catholicoi associated with burial.,Multiple catholicoi associated with burial.,596,False,False,single-statement,False,ART-003,"poppler pdftotext 24.02.0 default mode, per page",ef1137a0f3b9cde897951cb11e3bd6f9988ea9a56ed003e076010925fcbaafe6,DERIVATIVE-UNVERIFIED-AGAINST-MARKDOWN-COMPANION
CL-597,597,7,11,■■ra had supra-local ecclesiastical funerary status.,■■ra had supra-local ecclesiastical funerary status.,597,False,False,single-statement,True,ART-003,"poppler pdftotext 24.02.0 default mode, per page",6d98d312c854b0f00c4f353ee50b7fba3007bb57d120165d6f340881049d2844,DERIVATIVE-UNVERIFIED-AGAINST-MARKDOWN-COMPANION
CL-598,598,7,11,Funerary memory is a separate physical-memory system.,Funerary memory is a separate physical-memory system.,598,False,False,single-statement,False,ART-003,"poppler pdftotext 24.02.0 default mode, per page",d7698ad138524084ef6ddf8b6887c0f58e983cb485c038331f3b16425689771b,DERIVATIVE-UNVERIFIED-AGAINST-MARKDOWN-COMPANION
CL-599,599,7,11,Aba I → Qiy■r■ → monastery → school is an institutional chain.,Aba I → Qiy■r■ → monastery → school is an institutional chain.,599,False,False,single-statement,True,ART-003,"poppler pdftotext 24.02.0 default mode, per page",d06f3724bd15b88e90f7f624dfe790d2f994b36c7d2717dde9abb4cf96621cbf,DERIVATIVE-UNVERIFIED-AGAINST-MARKDOWN-COMPANION
CL-600,600,7,11,Qiy■r■ is a named founder within that chain.,Qiy■r■ is a named founder within that chain.,600,False,False,single-statement,True,ART-003,"poppler pdftotext 24.02.0 default mode, per page",4c2451bef2123499056bfea2fdbe6c2e43f17eacaea6a8aca6fc02ebacd599c1,DERIVATIVE-UNVERIFIED-AGAINST-MARKDOWN-COMPANION
CL-601,601,7,11,CL-680 — Institutional continuity / ■Ib■d / Georgius correction,CL-680 — Institutional continuity / ■Ib■d / Georgius correction,601,False,False,range-style-statement,True,ART-003,"poppler pdftotext 24.02.0 default mode, per page",4e18db68b8a0f2a5b69be293c162073466c96ad824fd627b24d00047fac8d98b,DERIVATIVE-UNVERIFIED-AGAINST-MARKDOWN-COMPANION
CL-602,602,7,11,School is a concrete institution: founder + monastery + theological function + teacher succession.,School is a concrete institution: founder + monastery + theological function + teacher succession.,602,False,False,single-statement,False,ART-003,"poppler pdftotext 24.02.0 default mode, per page",9728042daeac5e38e67affe9decaa6f7dadad10c98b725f443a3cba9c46c3bcd,DERIVATIVE-UNVERIFIED-AGAINST-MARKDOWN-COMPANION
CL-603,603,7,11,Sergius b. S■■iq is the first identifiable successor teacher.,Sergius b. S■■iq is the first identifiable successor teacher.,603,False,False,single-statement,True,ART-003,"poppler pdftotext 24.02.0 default mode, per page",9a89e50e87d98254532a009c9f2f3127e165c756f6d491a4a39e09a840e6f71f,DERIVATIVE-UNVERIFIED-AGAINST-MARKDOWN-COMPANION
CL-604,604,7,11,Sergius is linked to biblical exegesis.,Sergius is linked to biblical exegesis.,604,False,False,single-statement,False,ART-003,"poppler pdftotext 24.02.0 default mode, per page",ed07f015e5e555f64b4dc8d475b467ca50fe6abfa0178b3e184580489e4e6d0c,DERIVATIVE-UNVERIFIED-AGAINST-MARKDOWN-COMPANION
CL-605,605,7,11,Bar■auma provides ■■ra → Nisibis institutional transmission.,Bar■auma provides ■■ra → Nisibis institutional transmission.,605,False,False,single-statement,True,ART-003,"poppler pdftotext 24.02.0 default mode, per page",98bb7386855403f1ceb1f459d781911c06a5ca915f3ba536e11a63b2fc76480a,DERIVATIVE-UNVERIFIED-AGAINST-MARKDOWN-COMPANION
CL-606,606,7,11,Educational network is bidirectional.,Educational network is bidirectional.,606,False,False,single-statement,False,ART-003,"poppler pdftotext 24.02.0 default mode, per page",adebd90e6be13d4c116a3ee2ee4e752f50274010726490f321c577d22fd4ac9e,DERIVATIVE-UNVERIFIED-AGAINST-MARKDOWN-COMPANION
CL-607,607,7,11,Mar El■ya provides ■■ra → Mosul transmission.,Mar El■ya provides ■■ra → Mosul transmission.,607,False,False,single-statement,True,ART-003,"poppler pdftotext 24.02.0 default mode, per page",ec4fcb05ff5ae72c231746139f1ea7fbe64aef6566f05de8fedd6dffa2ed0f48,DERIVATIVE-UNVERIFIED-AGAINST-MARKDOWN-COMPANION
CL-608,608,7,11,■Ib■d is a community designation.,■Ib■d is a community designation.,608,False,False,single-statement,True,ART-003,"poppler pdftotext 24.02.0 default mode, per page",8f569254b0ddffdcd7aa36406a6f22760329be1caeb0b2e9715b20d260284316,DERIVATIVE-UNVERIFIED-AGAINST-MARKDOWN-COMPANION
CL-609,609,7,11,■Ib■d must not be converted into a single genealogy.,■Ib■d must not be converted into a single genealogy.,609,False,False,single-statement,True,ART-003,"poppler pdftotext 24.02.0 default mode, per page",8cbe8e655b65e084df8abe4ffb090697a6641071033c506dc37119bd93d5ae8c,DERIVATIVE-UNVERIFIED-AGAINST-MARKDOWN-COMPANION
CL-610,610,7,11,■Ib■d identity survives into Abbasid intellectual history.,■Ib■d identity survives into Abbasid intellectual history.,610,False,False,single-statement,True,ART-003,"poppler pdftotext 24.02.0 default mode, per page",b8a1c78c7ca6b430dd2e6434ecc776e342c9deaf41c161d4e2fab40d03aafd07,DERIVATIVE-UNVERIFIED-AGAINST-MARKDOWN-COMPANION
CL-611,611,7,11,■unayn's nisba links him to the ■Ib■d community.,■unayn's nisba links him to the ■Ib■d community.,611,False,False,single-statement,True,ART-003,"poppler pdftotext 24.02.0 default mode, per page",3c0fca357269597b3189ef1cfa4ba45cde636221a0aa2339dcaa458e2282cbbe,DERIVATIVE-UNVERIFIED-AGAINST-MARKDOWN-COMPANION
CL-612,612,7,11,■unayn demonstrates downstream intellectual reach.,■unayn demonstrates downstream intellectual reach.,612,False,False,single-statement,True,ART-003,"poppler pdftotext 24.02.0 default mode, per page",9506c10ae257afa85177ab0768f17d1deb8a6117669828c7386690a0829927dd,DERIVATIVE-UNVERIFIED-AGAINST-MARKDOWN-COMPANION
CL-613,613,7,11,Christian network survives Lakhmid collapse by changing function.,Christian network survives Lakhmid collapse by changing function.,613,False,False,single-statement,False,ART-003,"poppler pdftotext 24.02.0 default mode, per page",8133fa0d540381167028180d3b988537686869b50a95293781f4492768bfe192,DERIVATIVE-UNVERIFIED-AGAINST-MARKDOWN-COMPANION
CL-614,614,7,11,Networks survive selectively by changing institutional form.,Networks survive selectively by changing institutional form.,614,False,False,single-statement,False,ART-003,"poppler pdftotext 24.02.0 default mode, per page",9febe8e9906bbe201d3c468e1b25564e1dc7c51dd7c5b05111785d8a3b514512,DERIVATIVE-UNVERIFIED-AGAINST-MARKDOWN-COMPANION
CL-615,615,7,11,Institutional succession can occur without dynastic succession.,Institutional succession can occur without dynastic succession.,615,False,False,single-statement,False,ART-003,"poppler pdftotext 24.02.0 default mode, per page",edafef8354a2e2a4ff6d693c19d280a49b233f446a37f25ac0f6ba2b1c8d0539,DERIVATIVE-UNVERIFIED-AGAINST-MARKDOWN-COMPANION
CL-616,616,7,11,■enanisho■ bar Seroshway is a bishop/lexicographer.,■enanisho■ bar Seroshway is a bishop/lexicographer.,616,False,False,single-statement,True,ART-003,"poppler pdftotext 24.02.0 default mode, per page",a445aec2ca032b56edbefa36b3b988efcf2472fdc75180b7b0333adbbc49ac19,DERIVATIVE-UNVERIFIED-AGAINST-MARKDOWN-COMPANION
CL-617,617,7,11,■■ra's ecclesiastical institution participates in linguistic scholarship centuries later.,■■ra's ecclesiastical institution participates in linguistic scholarship centuries later.,617,False,False,single-statement,True,ART-003,"poppler pdftotext 24.02.0 default mode, per page",1b8b54dd3e7d2ca91ddbce5aa5ec2cfe2de6c344335373bfd9d8d7411a5f8b1a,DERIVATIVE-UNVERIFIED-AGAINST-MARKDOWN-COMPANION
CL-618,618,7,11,Y■■ann■ b. N■z■k became catholicos in 1012.,Y■■ann■ b. N■z■k became catholicos in 1012.,618,False,False,single-statement,True,ART-003,"poppler pdftotext 24.02.0 default mode, per page",b6b85a7c4425a1e97abe7832b8730692807bc126f3e5e89ef6add024420bc283,DERIVATIVE-UNVERIFIED-AGAINST-MARKDOWN-COMPANION
CL-619,619,7,11,"Episcopal lifespan extends from 410 into the early eleventh century, with documented gaps.","Episcopal lifespan extends from 410 into the early eleventh century, with documented gaps.",619,False,False,single-statement,False,ART-003,"poppler pdftotext 24.02.0 default mode, per page",3b1fb90b600e250c6aa6620107853b2a3a9f870474b084c98496d3874639c3f9,DERIVATIVE-UNVERIFIED-AGAINST-MARKDOWN-COMPANION
CL-620,620,7,11,Christian institutional continuity is longer-lived than the Lakhmid dynasty.,Christian institutional continuity is longer-lived than the Lakhmid dynasty.,620,False,False,single-statement,False,ART-003,"poppler pdftotext 24.02.0 default mode, per page",ae5d8855f35ffbea5e50e14996aac8c28c959da04cb22fd23132249e06b5a130,DERIVATIVE-UNVERIFIED-AGAINST-MARKDOWN-COMPANION
CL-621,621,7,11,"Epigraphy, ecclesiastical literature and Arabic tradition remain separate evidence streams.","Epigraphy, ecclesiastical literature and Arabic tradition remain separate evidence streams.",621,False,False,single-statement,False,ART-003,"poppler pdftotext 24.02.0 default mode, per page",dc8131f471363de024a76b1eb004890bff37e4fbe38f3189267bb2d4de4803c3,DERIVATIVE-UNVERIFIED-AGAINST-MARKDOWN-COMPANION
CL-622,622,7,11,Christian evidence architecture = EP + EC + EL + ARCH.,Christian evidence architecture = EP + EC + EL + ARCH.,622,False,False,single-statement,False,ART-003,"poppler pdftotext 24.02.0 default mode, per page",acb285687b1b6bf153c845c5f73c52831d8d9d6548955acfd7f747e5517c013a,DERIVATIVE-UNVERIFIED-AGAINST-MARKDOWN-COMPANION
CL-623,623,7,11,Strongest intersections occur where all four channels converge.,Strongest intersections occur where all four channels converge.,623,False,False,single-statement,False,ART-003,"poppler pdftotext 24.02.0 default mode, per page",a465c6d9f4f0dffa21e9d921c2b558c64ff504736c861181c1ab75fb805eb820,DERIVATIVE-UNVERIFIED-AGAINST-MARKDOWN-COMPANION
CL-624,624,7,11,Priority targets are people moving between institutions.,Priority targets are people moving between institutions.,624,False,False,single-statement,False,ART-003,"poppler pdftotext 24.02.0 default mode, per page",fd66820dcb565925fba01f3f86f5119327066f7ba6cb26d1550bc3f309f774f9,DERIVATIVE-UNVERIFIED-AGAINST-MARKDOWN-COMPANION
CL-625,625,7,11,"High-value bridge candidates include ■Abd al-Mas■■/Buqayla, ■Ad■ b. Zayd, ■an■ala/■Alqama, Ibn Wa■■■■, Qiy■r■, Sergius, Bar■auma and later ■Ib■d■ intellectuals.","High-value bridge candidates include ■Abd al-Mas■■/Buqayla, ■Ad■ b. Zayd, ■an■ala/■Alqama, Ibn Wa■■■■, Qiy■r■, Sergius,",625,True,True,single-statement,True,ART-003,"poppler pdftotext 24.02.0 default mode, per page",5e0582af33fd8b30d0a56dc31c1b141d6bc6431e7956522cb412d2f336de75c0,DERIVATIVE-UNVERIFIED-AGAINST-MARKDOWN-COMPANION
CL-626,626,8,11,Miaphysite activity at ■■ra is independently attested.,Miaphysite activity at ■■ra is independently attested.,626,False,False,single-statement,True,ART-003,"poppler pdftotext 24.02.0 default mode, per page",3f2149fe836a22b860d4e404ebfff35f621206a2d56086a9abd56777d35562c6,DERIVATIVE-UNVERIFIED-AGAINST-MARKDOWN-COMPANION
CL-627,627,8,11,Shem■un of Beth Arsham provides a named Miaphysite missionary/information node.,Shem■un of Beth Arsham provides a named Miaphysite missionary/information node.,627,False,False,single-statement,True,ART-003,"poppler pdftotext 24.02.0 default mode, per page",96074c36868755a37f12cb3abb2a6ab7b8eb6014c1312b42ade8ca65bfe6360e,DERIVATIVE-UNVERIFIED-AGAINST-MARKDOWN-COMPANION
CL-628,628,8,11,■■ra could function as an information point for southern Arabian Christian affairs.,■■ra could function as an information point for southern Arabian Christian affairs.,628,False,False,single-statement,True,ART-003,"poppler pdftotext 24.02.0 default mode, per page",80a54baed83cc815692df3d26edba98c585bbd8a8dc7222d19644c9399789b42,DERIVATIVE-UNVERIFIED-AGAINST-MARKDOWN-COMPANION
CL-629,629,8,11,Miaphysite refugees entered the ■■ra sphere and were later displaced.,Miaphysite refugees entered the ■■ra sphere and were later displaced.,629,False,False,single-statement,True,ART-003,"poppler pdftotext 24.02.0 default mode, per page",f2e1cf992e8f443ebb35e11008c2191999c1627f2a0077f9c8f55b630d97b7c5,DERIVATIVE-UNVERIFIED-AGAINST-MARKDOWN-COMPANION
CL-630,630,8,11,Catholicos Shila exercised jurisdictional authority over the Christian situation.,Catholicos Shila exercised jurisdictional authority over the Christian situation.,630,False,False,single-statement,False,ART-003,"poppler pdftotext 24.02.0 default mode, per page",7fa62e60c4ecb0a0e09c9e23f8cfc71b0d332a6165c2b0fdf7404f3665b0c923,DERIVATIVE-UNVERIFIED-AGAINST-MARKDOWN-COMPANION
CL-631,631,8,11,■Ayn al-Tamr/Payram became a secondary Christian node linked to displacement from ■■ra.,■Ayn al-Tamr/Payram became a secondary Christian node linked to displacement from ■■ra.,631,False,False,single-statement,True,ART-003,"poppler pdftotext 24.02.0 default mode, per page",c461cf1aa0684308cdef88b0751855b1f605eafa33bdb6f3dbc23b3461d0f135,DERIVATIVE-UNVERIFIED-AGAINST-MARKDOWN-COMPANION
CL-632,632,8,11,Julianist/Miaphysite community survived into the late eighth century.,Julianist/Miaphysite community survived into the late eighth century.,632,False,False,single-statement,False,ART-003,"poppler pdftotext 24.02.0 default mode, per page",2ddd5c31f7600855603f7e408bf11bf1c1cf856620ecb1916b424d8f69f9ea76,DERIVATIVE-UNVERIFIED-AGAINST-MARKDOWN-COMPANION
CL-633,633,8,11,Institutional identity can survive after displacement from the original city.,Institutional identity can survive after displacement from the original city.,633,False,False,single-statement,False,ART-003,"poppler pdftotext 24.02.0 default mode, per page",cb09d980085d9afcf7c8c1317018d3056bff8960faf0c2ffe65366eecf0c4b0f,DERIVATIVE-UNVERIFIED-AGAINST-MARKDOWN-COMPANION
CL-634,634,8,11,Sergios was sent to ■■ra and became associated with the Julianist network.,Sergios was sent to ■■ra and became associated with the Julianist network.,634,False,False,single-statement,True,ART-003,"poppler pdftotext 24.02.0 default mode, per page",377389e7ef271af96625862d09467ef20c09758ef112413ab574a792bcf7b019,DERIVATIVE-UNVERIFIED-AGAINST-MARKDOWN-COMPANION
CL-635,635,8,11,Julianist institutional history must be kept distinct from Church of the East history.,Julianist institutional history must be kept distinct from Church of the East history.,635,False,False,single-statement,False,ART-003,"poppler pdftotext 24.02.0 default mode, per page",5d65b0125499210f81cb314f62ccbca77c52c18a8a0f80701d841291cbfcad5d,DERIVATIVE-UNVERIFIED-AGAINST-MARKDOWN-COMPANION
CL-636,636,8,11,Christian population of ■■ra cannot be represented as a single confessional block.,Christian population of ■■ra cannot be represented as a single confessional block.,636,False,False,single-statement,True,ART-003,"poppler pdftotext 24.02.0 default mode, per page",013d8762ee194bb29345781c7dba433f82c525b5fd2ee6fca0b6d5be318e3ad2,DERIVATIVE-UNVERIFIED-AGAINST-MARKDOWN-COMPANION
CL-637,637,8,12,Damast independently records Syriac Orthodox evidence at ■■ra in 605.,Damast independently records Syriac Orthodox evidence at ■■ra in 605.,637,False,False,single-statement,True,ART-003,"poppler pdftotext 24.02.0 default mode, per page",df8e3bc3e64a7ee7c0c1ab6efa984be53965fc069c6c1b2e5c83ef926478e87e,DERIVATIVE-UNVERIFIED-AGAINST-MARKDOWN-COMPANION
CL-638,638,8,12,605 provides a pre-conquest chronological control.,605 provides a pre-conquest chronological control.,638,False,False,single-statement,False,ART-003,"poppler pdftotext 24.02.0 default mode, per page",59a4b5b7d61cb6709915263e3b51c92ba725406bf636056739872d45e5e403cd,DERIVATIVE-UNVERIFIED-AGAINST-MARKDOWN-COMPANION
CL-639,639,8,12,605 Christian plurality and 633 Islamic institutional evidence create a useful transition bracket.,605 Christian plurality and 633 Islamic institutional evidence create a useful transition bracket.,639,False,False,single-statement,False,ART-003,"poppler pdftotext 24.02.0 default mode, per page",4186a67ab241a3553ae2964fffc017102df90445df339df82fc898aa563fb9df,DERIVATIVE-UNVERIFIED-AGAINST-MARKDOWN-COMPANION
CL-640,640,9,12,Later “Bishop of the Arabs” terminology provides a population-indexed ecclesiastical layer.,Later “Bishop of the Arabs” terminology provides a population-indexed ecclesiastical layer.,640,False,False,single-statement,False,ART-003,"poppler pdftotext 24.02.0 default mode, per page",d0909edaccc61c3f515a0c766e039120ad1420a0667b547fc2398701cface16f,DERIVATIVE-UNVERIFIED-AGAINST-MARKDOWN-COMPANION
CL-641,641,9,12,"Georgius is associated with Tanukh, ■ayy and ■■q■l■ populations.","Georgius is associated with Tanukh, ■ayy and ■■q■l■ populations.",641,False,False,single-statement,True,ART-003,"poppler pdftotext 24.02.0 default mode, per page",8dae0f45157aff2bfadcbd21604d4dc480ae0a57f2a9e50269ccf5943952ec49,DERIVATIVE-UNVERIFIED-AGAINST-MARKDOWN-COMPANION
CL-642,642,9,12,Ecclesiastical jurisdiction does not prove political allegiance.,Ecclesiastical jurisdiction does not prove political allegiance.,642,False,False,single-statement,False,ART-003,"poppler pdftotext 24.02.0 default mode, per page",9919dbfe76bfada778f269b836b2299e83baf192d7c3ec836aeeb0f405ee4c71,DERIVATIVE-UNVERIFIED-AGAINST-MARKDOWN-COMPANION
CL-643,643,9,12,"Tayy/Tanukh ecclesiastical evidence is a bridge candidate, not a political conclusion.","Tayy/Tanukh ecclesiastical evidence is a bridge candidate, not a political conclusion.",643,False,False,single-statement,False,ART-003,"poppler pdftotext 24.02.0 default mode, per page",a7508afe184d4c620c72e178b0479cfc263d03432dff657f5dc6a10e1d646380,DERIVATIVE-UNVERIFIED-AGAINST-MARKDOWN-COMPANION
CL-644,644,9,12,"Diy■r■t al-As■qif, “monasteries of the bishops,” provides geographic/topographical evidence in the former ■■ra area.","Diy■r■t al-As■qif, “monasteries of the bishops,” provides geographic/topographical evidence in the former ■■ra area.",644,False,False,single-statement,True,ART-003,"poppler pdftotext 24.02.0 default mode, per page",224bc5fb7a7da4891be92f48b846cce9ec660c8414a00996ad692f990aea241e,DERIVATIVE-UNVERIFIED-AGAINST-MARKDOWN-COMPANION
CL-645,645,9,12,Episcopal-monastic landscape overlaps spatially with palace/canal landscape.,Episcopal-monastic landscape overlaps spatially with palace/canal landscape.,645,False,False,single-statement,False,ART-003,"poppler pdftotext 24.02.0 default mode, per page",a89948eef3e0508bf24612d4e39a11d03526a1d9b1d758825af14ade6ba21cea,DERIVATIVE-UNVERIFIED-AGAINST-MARKDOWN-COMPANION
CL-646,646,9,12,Ecclesiastical and political landscapes therefore occupy an overlapping physical field.,Ecclesiastical and political landscapes therefore occupy an overlapping physical field.,646,False,False,single-statement,False,ART-003,"poppler pdftotext 24.02.0 default mode, per page",72f9f088d5d54374728725d559155b30eb2c08d2e31ffaf08c1f45356be53c01,DERIVATIVE-UNVERIFIED-AGAINST-MARKDOWN-COMPANION
CL-647,647,9,12,Dayr M■rt Maryam is preserved as a substantial monastery in ■■ra tradition.,Dayr M■rt Maryam is preserved as a substantial monastery in ■■ra tradition.,647,False,False,single-statement,True,ART-003,"poppler pdftotext 24.02.0 default mode, per page",7f0ef5bd19278eeaec122e43938f38c82326d298db28c6d7023bebb7c8404790,DERIVATIVE-UNVERIFIED-AGAINST-MARKDOWN-COMPANION
CL-648,648,9,12,“Many monks” gives demographic evidence for substantial monastic institutions.,“Many monks” gives demographic evidence for substantial monastic institutions.,648,False,False,single-statement,False,ART-003,"poppler pdftotext 24.02.0 default mode, per page",49a6422d721f779de0e9e897dbd702fe4a0dceec7121456ede0b78ea62bcd3d5,DERIVATIVE-UNVERIFIED-AGAINST-MARKDOWN-COMPANION
CL-649,649,9,12,"■Ad■ b. Zayd belongs simultaneously to political, literary and Christian memory.","■Ad■ b. Zayd belongs simultaneously to political, literary and Christian memory.",649,False,False,single-statement,True,ART-003,"poppler pdftotext 24.02.0 default mode, per page",6c418651ca8ac883f17131fcf8ee0839e010c22f2f7df30d7cd66defc145d344,DERIVATIVE-UNVERIFIED-AGAINST-MARKDOWN-COMPANION
CL-650,650,9,12,■Ad■ is a bridge person rather than merely a Christian poet.,■Ad■ is a bridge person rather than merely a Christian poet.,650,False,False,single-statement,True,ART-003,"poppler pdftotext 24.02.0 default mode, per page",d2fdf77c9924949848165b9645f765c216295a15f3ba6e21cd486bf1bb320b7e,DERIVATIVE-UNVERIFIED-AGAINST-MARKDOWN-COMPANION
CL-651,651,9,12,Elite Christian identity could coexist with non-Christian dynastic politics.,Elite Christian identity could coexist with non-Christian dynastic politics.,651,False,False,single-statement,False,ART-003,"poppler pdftotext 24.02.0 default mode, per page",84663844bbd3eaf9ef321afa319012719206e02c7aad82aa791ada6eb05a6040,DERIVATIVE-UNVERIFIED-AGAINST-MARKDOWN-COMPANION
CL-652,652,9,12,Hind's foundation inscription is a multi-layer female institutional witness.,Hind's foundation inscription is a multi-layer female institutional witness.,652,False,False,single-statement,False,ART-003,"poppler pdftotext 24.02.0 default mode, per page",c713e829385db7184445b10e6f07468e6301f269f87fbb2ba9a8af958edbebc4,DERIVATIVE-UNVERIFIED-AGAINST-MARKDOWN-COMPANION
CL-653,653,9,12,Hind inscription is AD-6 candidate.,Hind inscription is AD-6 candidate.,653,False,False,single-statement,False,ART-003,"poppler pdftotext 24.02.0 default mode, per page",90cdf4d12527791caaa30d0309dba0afafbc419906fb1a380a1dcc129236d95f,DERIVATIVE-UNVERIFIED-AGAINST-MARKDOWN-COMPANION
CL-654,654,9,12,Female institutional foundation can preserve multiple political identities.,Female institutional foundation can preserve multiple political identities.,654,False,False,single-statement,False,ART-003,"poppler pdftotext 24.02.0 default mode, per page",44252d27956cb7925af75262f3e0be85b93b3efc7deed17856c3f0c529d5e181,DERIVATIVE-UNVERIFIED-AGAINST-MARKDOWN-COMPANION
CL-655,655,9,12,"Ecclesiastical network is a parallel historical infrastructure, not an appendix to political history.","Ecclesiastical network is a parallel historical infrastructure, not an appendix to political history.",655,False,False,single-statement,False,ART-003,"poppler pdftotext 24.02.0 default mode, per page",786a53815ed6c634d5bbe6f91082d6db4877b9a37747accceeef44917e596fee,DERIVATIVE-UNVERIFIED-AGAINST-MARKDOWN-COMPANION
CL-656,656,9,12,"Major bridge-node class now includes Hind, ■Ad■, Qiy■r■, Bar■auma, Shem■un, Georgius and ■unayn.","Major bridge-node class now includes Hind, ■Ad■, Qiy■r■, Bar■auma, Shem■un, Georgius and ■unayn.",656,False,False,single-statement,True,ART-003,"poppler pdftotext 24.02.0 default mode, per page",7d2ce826d0d41dc19368cc7c0898fb0149f9f93da31d368a76c10be13b94b526,DERIVATIVE-UNVERIFIED-AGAINST-MARKDOWN-COMPANION
CL-657,657,9,12,Georgius is a priority bridge candidate for the Tayy/Tanukh ecclesiastical network.,Georgius is a priority bridge candidate for the Tayy/Tanukh ecclesiastical network.,657,False,False,single-statement,False,ART-003,"poppler pdftotext 24.02.0 default mode, per page",c044ba25f7ba6ef024d307feeb5004580dd5c1c1f4a286b0995a66327cedcc50,DERIVATIVE-UNVERIFIED-AGAINST-MARKDOWN-COMPANION
CL-658,658,10,12,"CORRECTION: Georgius must be separated from the ■■ra episcopal succession. His controlled seat is ■■q■l■, not ■■ra.","CORRECTION: Georgius must be separated from the ■■ra episcopal succession. His controlled seat is ■■q■l■, not ■■ra.",658,False,False,single-statement,True,ART-003,"poppler pdftotext 24.02.0 default mode, per page",087baa26fc752e96701b7e37a804ef2ef47c2341022219d8ae5df485c6b3fc3c,DERIVATIVE-UNVERIFIED-AGAINST-MARKDOWN-COMPANION
CL-659,659,10,12,Georgius nevertheless gives direct ecclesiastical evidence for ■ayy in the ■■q■l■ regional field.,Georgius nevertheless gives direct ecclesiastical evidence for ■ayy in the ■■q■l■ regional field.,659,False,False,single-statement,True,ART-003,"poppler pdftotext 24.02.0 default mode, per page",68a474bd68ae299eb49a054dd57f3a5cf0a8dd6cc55a2e404f1020beb40ae414,DERIVATIVE-UNVERIFIED-AGAINST-MARKDOWN-COMPANION
CL-660,660,10,12,"■ayy appears as an ecclesiastically recognizable population, not merely a genealogical label.","■ayy appears as an ecclesiastically recognizable population, not merely a genealogical label.",660,False,False,single-statement,True,ART-003,"poppler pdftotext 24.02.0 default mode, per page",87e62414b71165701d88d1b3e44ceef24bca5d0bb93dc4b9f6607d06bf798ece,DERIVATIVE-UNVERIFIED-AGAINST-MARKDOWN-COMPANION
CL-661,661,10,12,"Georgius is post-conquest evidence, with episcopal activity beginning around 686.","Georgius is post-conquest evidence, with episcopal activity beginning around 686.",661,False,False,single-statement,False,ART-003,"poppler pdftotext 24.02.0 default mode, per page",6484751c95b2aeaec218250f1f41342f9e623935f9bce5938b0a3bb81af9e37e,DERIVATIVE-UNVERIFIED-AGAINST-MARKDOWN-COMPANION
CL-662,662,10,12,Ecclesiastical jurisdiction can be indexed by population + locality.,Ecclesiastical jurisdiction can be indexed by population + locality.,662,False,False,single-statement,False,ART-003,"poppler pdftotext 24.02.0 default mode, per page",c888d0aa783424094be4eeaaab3b5bab6f9db4b52db8c8a04d1565516a9e5c1a,DERIVATIVE-UNVERIFIED-AGAINST-MARKDOWN-COMPANION
CL-663,663,10,12,Georgius's communities are associated with Syriac/Arabic bilingualism.,Georgius's communities are associated with Syriac/Arabic bilingualism.,663,False,False,single-statement,False,ART-003,"poppler pdftotext 24.02.0 default mode, per page",fde89560725cb9fa28c006c11d970c66bab7abe280ca4b8e12f52b2c7693a928,DERIVATIVE-UNVERIFIED-AGAINST-MARKDOWN-COMPANION
CL-664,664,10,12,"Georgius was a major intellectual intermediary, not merely an administrative bishop.","Georgius was a major intellectual intermediary, not merely an administrative bishop.",664,False,False,single-statement,False,ART-003,"poppler pdftotext 24.02.0 default mode, per page",a1f07854e8b7314030d75e9bda479105c209c45b6d0a383a5a23faa22279b282,DERIVATIVE-UNVERIFIED-AGAINST-MARKDOWN-COMPANION
CL-665,665,10,12,Georgius transmitted/revised Aristotelian philosophical material into Syriac.,Georgius transmitted/revised Aristotelian philosophical material into Syriac.,665,False,False,single-statement,False,ART-003,"poppler pdftotext 24.02.0 default mode, per page",76269e30c3693e57c70d5ebb4a0ac7c2f21a4f7eca58bf8081173c7585277dc0,DERIVATIVE-UNVERIFIED-AGAINST-MARKDOWN-COMPANION
CL-666,666,10,12,Tayyite ecclesiastical evidence therefore intersects the intellectual/translation network.,Tayyite ecclesiastical evidence therefore intersects the intellectual/translation network.,666,False,False,single-statement,False,ART-003,"poppler pdftotext 24.02.0 default mode, per page",bbdcfafbe48b23815c1472c625ed6845a44d031e2a7d1a37aa52cf0f147e4017,DERIVATIVE-UNVERIFIED-AGAINST-MARKDOWN-COMPANION
CL-667,667,10,12,Georgius continued Jacob of Edessa's Hexaemeron after Jacob's death.,Georgius continued Jacob of Edessa's Hexaemeron after Jacob's death.,667,False,False,single-statement,False,ART-003,"poppler pdftotext 24.02.0 default mode, per page",7ea2bb3ad650324bca63387f037769f1690180431ad571bc567321a0692ac0c6,DERIVATIVE-UNVERIFIED-AGAINST-MARKDOWN-COMPANION
CL-668,668,10,12,■■q■l■ provides a second model of Arab-Christian institutionalization outside the original ■■ra center.,■■q■l■ provides a second model of Arab-Christian institutionalization outside the original ■■ra center.,668,False,False,single-statement,True,ART-003,"poppler pdftotext 24.02.0 default mode, per page",8d2f52552cbddaa37b046cc2452fec34dcc87aab3d057208d7454da1a5164a66,DERIVATIVE-UNVERIFIED-AGAINST-MARKDOWN-COMPANION
CL-669,669,10,12,"■■q■l■ becomes a candidate post-633 regional successor node, but literal institutional transfer from ■■ra is unproven.","■■q■l■ becomes a candidate post-633 regional successor node, but literal institutional transfer from ■■ra is unproven.",669,False,False,single-statement,True,ART-003,"poppler pdftotext 24.02.0 default mode, per page",355a577f2733ff34d6ffd428c57cfe92c7618421a5a9eae894d06cb5c377d7b4,DERIVATIVE-UNVERIFIED-AGAINST-MARKDOWN-COMPANION
CL-670,670,10,12,“H■rt■ de-Tayy■y■” terminology must not automatically be equated with Georgius's episcopal jurisdiction.,“H■rt■ de-Tayy■y■” terminology must not automatically be equated with Georgius's episcopal jurisdiction.,670,False,False,single-statement,True,ART-003,"poppler pdftotext 24.02.0 default mode, per page",58bbd0487e72fdaee2561d2c18c1117b8f87a7a37b3249af7b8813b0dc0bd4e7,DERIVATIVE-UNVERIFIED-AGAINST-MARKDOWN-COMPANION
CL-671,671,10,12,■■ra episcopal succession and later Arab-tribal episcopal jurisdiction must remain separate layers.,■■ra episcopal succession and later Arab-tribal episcopal jurisdiction must remain separate layers.,671,False,False,single-statement,True,ART-003,"poppler pdftotext 24.02.0 default mode, per page",7d80d87eb27d1f30aaf395421383c9f5e83e078e1cd70bdc865af6835141ddd5,DERIVATIVE-UNVERIFIED-AGAINST-MARKDOWN-COMPANION
CL-672,672,10,12,German scholarship provides an independent historiographical control for Georgius.,German scholarship provides an independent historiographical control for Georgius.,672,False,False,single-statement,False,ART-003,"poppler pdftotext 24.02.0 default mode, per page",ad075c082bf35043caef9bc114e033781b8120a1f4d5c5cf5bf40a22a4b84b0e,DERIVATIVE-UNVERIFIED-AGAINST-MARKDOWN-COMPANION
CL-673,673,10,12,Ryssel's German edition preserves Georgius's poems/letters and intellectual corpus.,Ryssel's German edition preserves Georgius's poems/letters and intellectual corpus.,673,False,False,single-statement,False,ART-003,"poppler pdftotext 24.02.0 default mode, per page",f30863062bcd9a50b63c32327caaaec7af106b7696102df74b397ac862ea80bd,DERIVATIVE-UNVERIFIED-AGAINST-MARKDOWN-COMPANION
CL-674,674,10,12,Georgius allows testing of Arab tribal identity after 633.,Georgius allows testing of Arab tribal identity after 633.,674,False,False,single-statement,False,ART-003,"poppler pdftotext 24.02.0 default mode, per page",e683506c0e6ab3fa0327550690c11a5ccdf527bd2183f305e0879e071d82a4c0,DERIVATIVE-UNVERIFIED-AGAINST-MARKDOWN-COMPANION
CL-675,675,10,12,Negative-control rule: Tayy in an ecclesiastical source does not automatically equal Tayy in the Muhammad/■■ra political succession network.,Negative-control rule: Tayy in an ecclesiastical source does not automatically equal Tayy in the Muhammad/■■ra political succession,675,True,True,single-statement,True,ART-003,"poppler pdftotext 24.02.0 default mode, per page",fe7940d345b29144781dff400b937ed7741bfb9fbfccb7ac803ff9f566543331,DERIVATIVE-UNVERIFIED-AGAINST-MARKDOWN-COMPANION
CL-676,676,10,12,"Political and ecclesiastical datasets independently contain Tayy/Tanukh, making their intersection high-priority but unproven.","Political and ecclesiastical datasets independently contain Tayy/Tanukh, making their intersection high-priority but unproven.",676,False,False,single-statement,False,ART-003,"poppler pdftotext 24.02.0 default mode, per page",20bf58b203728ebc85ee08fe5c5709cb5b46de69e7fb150f47ca99a09581f5f6,DERIVATIVE-UNVERIFIED-AGAINST-MARKDOWN-COMPANION
CL-677,677,10,12,Georgius strengthens the “network survives selectively through institutional transformation” model.,Georgius strengthens the “network survives selectively through institutional transformation” model.,677,False,False,single-statement,False,ART-003,"poppler pdftotext 24.02.0 default mode, per page",63250aee9147dcb3e107c396f1d0fcdad5ab5c799dacc628306a5f3ea5b98c13,DERIVATIVE-UNVERIFIED-AGAINST-MARKDOWN-COMPANION
CL-678,678,10,12,DR-I = Institutional Displacement: population/function survives while institutional seat or form changes.,DR-I = Institutional Displacement: population/function survives while institutional seat or form changes.,678,False,False,single-statement,False,ART-003,"poppler pdftotext 24.02.0 default mode, per page",50d8c2110c131d439021dec07ebc078ecf2a1af99a075cb58b6aa6ff353975b3,DERIVATIVE-UNVERIFIED-AGAINST-MARKDOWN-COMPANION
CL-679,679,10,12,EC-5 = Population-indexed ecclesiastical jurisdiction.,EC-5 = Population-indexed ecclesiastical jurisdiction.,679,False,False,single-statement,False,ART-003,"poppler pdftotext 24.02.0 default mode, per page",5f6e669313d4ca19f326aba9834368ccd0631ada9c2de2314e688a168ae4632f,DERIVATIVE-UNVERIFIED-AGAINST-MARKDOWN-COMPANION
CL-680,680,10,12,"Current high-value research question: how did Tayyite social identity move through Christian, ecclesiastical and Arabic political institutions between the sixth and eighth centuries?","Current high-value research question: how did Tayyite social identity move through Christian, ecclesiastical and Arabic political",680,True,True,single-statement,False,ART-003,"poppler pdftotext 24.02.0 default mode, per page",61a2640519f6bafe6ec2c11705968b6b01a431c953e938df628e2d0f69ea0fcb,DERIVATIVE-UNVERIFIED-AGAINST-MARKDOWN-COMPANION
