ref_key,ref_num,pdf_page,source_artifact_id,physical_line_count,string_poppler_join_none,string_poppler_join_space,wrap_join_ambiguous,literal_space_inside_physical_line,exact_string_group,exact_group_size,first_occurrence_ref_num,legacy_v2_csv_string_differs,legacy_v2_difference_class,string_sha256,extraction_method,status
REF-001,1,3,ART-001,1,https://substack.com/@secretagentfed,https://substack.com/@secretagentfed,False,False,EXS-001,6,1,False,,1a4afadf1edb5d2806c018d5a3e365c52adde5bfc7d1e2db5407b95a912dec61,"poppler pdftotext 24.02.0 -layout, per page; entry boundaries by visible ""N."" numbering",RAW-OCCURRENCE; NOT-AUTHORITATIVE-RAW-LEDGER
REF-002,2,3,ART-001,2,http://teachmiddleeast.lib.uchicago.edu/historical-perspectives/rulership-and-justice/islamic-period/essay/essay-02.html,http://teachmiddleeast.lib.uchicago.edu/historical-perspectives/rulership-and-justice/islamic-period/essay/essay-02.h tml,True,False,EXS-002,6,2,False,,9c3dcd9fe5d3b4d4f8386c4c1e36113c8ea2629287a2b429c50554cba0f949da,"poppler pdftotext 24.02.0 -layout, per page; entry boundaries by visible ""N."" numbering",RAW-OCCURRENCE; NOT-AUTHORITATIVE-RAW-LEDGER
REF-003,3,3,ART-001,1,https://substack.com/@50501/note/c-288310319,https://substack.com/@50501/note/c-288310319,False,False,EXS-003,4,3,False,,d06bceb5e79e43e3fc5b66fcc72d16e9158e742a130d3048a0647551bf4c1830,"poppler pdftotext 24.02.0 -layout, per page; entry boundaries by visible ""N."" numbering",RAW-OCCURRENCE; NOT-AUTHORITATIVE-RAW-LEDGER
REF-004,4,3,ART-001,1,https://www.yumpu.com/en/document/view/33323425/muhammad,https://www.yumpu.com/en/document/view/33323425/muhammad,False,False,EXS-004,6,4,False,,bf9cb572951cdf724119c86494bcaa5a536cf2149eec24c54899a1a8274e1388,"poppler pdftotext 24.02.0 -layout, per page; entry boundaries by visible ""N."" numbering",RAW-OCCURRENCE; NOT-AUTHORITATIVE-RAW-LEDGER
REF-005,5,3,ART-001,1,https://substack.com/top/news,https://substack.com/top/news,False,False,EXS-005,6,5,False,,199efac3cf714b076690c865a579db16b80d05860b30901c16e32e537bcba9eb,"poppler pdftotext 24.02.0 -layout, per page; entry boundaries by visible ""N."" numbering",RAW-OCCURRENCE; NOT-AUTHORITATIVE-RAW-LEDGER
REF-006,6,3,ART-001,1,https://chemtrails.substack.com/archive,https://chemtrails.substack.com/archive,False,False,EXS-006,4,6,False,,ea07b45f71616c7188f98ae841f64a8e2bfd8c8ccdf2ff7e5aa6d61b272815d9,"poppler pdftotext 24.02.0 -layout, per page; entry boundaries by visible ""N."" numbering",RAW-OCCURRENCE; NOT-AUTHORITATIVE-RAW-LEDGER
REF-007,7,3,ART-001,1,https://andrewsullivan.substack.com/feed,https://andrewsullivan.substack.com/feed,False,False,EXS-007,6,7,False,,252b1c9a89a1dbfd24dc8fee3f7ef694764832e778eb7292084ed4239d8b7b21,"poppler pdftotext 24.02.0 -layout, per page; entry boundaries by visible ""N."" numbering",RAW-OCCURRENCE; NOT-AUTHORITATIVE-RAW-LEDGER
REF-008,8,3,ART-001,1,https://substack.com/@ym12265855,https://substack.com/@ym12265855,False,False,EXS-008,6,8,False,,639530baea31e4d88f4bbe2e7a4b4fc4f57d4c3f692fe2d72edab29ab596eb06,"poppler pdftotext 24.02.0 -layout, per page; entry boundaries by visible ""N."" numbering",RAW-OCCURRENCE; NOT-AUTHORITATIVE-RAW-LEDGER
REF-009,9,3,ART-001,1,https://muse.jhu.edu/pub/320/oa_monograph/chapter/2581109,https://muse.jhu.edu/pub/320/oa_monograph/chapter/2581109,False,False,EXS-009,6,9,False,,3bc6027bd8f4f4845e14856fef5a8a1f6def9a83678d79c322e5a319b994c325,"poppler pdftotext 24.02.0 -layout, per page; entry boundaries by visible ""N."" numbering",RAW-OCCURRENCE; NOT-AUTHORITATIVE-RAW-LEDGER
REF-010,10,3,ART-001,1,https://newmuslim.iera.org/members/chequewitch30/activity/59265/,https://newmuslim.iera.org/members/chequewitch30/activity/59265/,False,False,EXS-010,4,10,False,,c1d509af9d5f7bfdca6353e1f3d8f8369632163fee596ff9b3bce58e2bc442d4,"poppler pdftotext 24.02.0 -layout, per page; entry boundaries by visible ""N."" numbering",RAW-OCCURRENCE; NOT-AUTHORITATIVE-RAW-LEDGER
REF-011,11,3,ART-001,1,https://api.substack.com/feed/podcast/1300522.rss,https://api.substack.com/feed/podcast/1300522.rss,False,False,EXS-011,6,11,False,,564aa946f7daea76da312f3be4ae27282d322a5513688d21c15a2f56e837e2e1,"poppler pdftotext 24.02.0 -layout, per page; entry boundaries by visible ""N."" numbering",RAW-OCCURRENCE; NOT-AUTHORITATIVE-RAW-LEDGER
REF-012,12,3,ART-001,1,https://secretagentfed.substack.com/,https://secretagentfed.substack.com/,False,False,EXS-012,6,12,True,NONREF-PAGE-TEXT-APPENDED(user-message text preceding the list on PDF p3),a6e13c3f5f2eb0d6701f01f5d042d3b7634252093977046bfc0e19d4c7b73ab1,"poppler pdftotext 24.02.0 -layout, per page; entry boundaries by visible ""N."" numbering",RAW-OCCURRENCE; NOT-AUTHORITATIVE-RAW-LEDGER
REF-013,13,4,ART-001,1,https://on.substack.com/feed,https://on.substack.com/feed,False,False,EXS-013,4,13,False,,5e4f0239f667fb4d72c139af074824fc9cf75ba28918d73773cab7d3486b52d2,"poppler pdftotext 24.02.0 -layout, per page; entry boundaries by visible ""N."" numbering",RAW-OCCURRENCE; NOT-AUTHORITATIVE-RAW-LEDGER
REF-014,14,4,ART-001,1,https://al-islam.org/media/popular?page=79,https://al-islam.org/media/popular?page=79,False,False,EXS-014,6,14,False,,d66ae17879827009b2277df3acdff228a1df867cb51258527990fe9cc7e0980c,"poppler pdftotext 24.02.0 -layout, per page; entry boundaries by visible ""N."" numbering",RAW-OCCURRENCE; NOT-AUTHORITATIVE-RAW-LEDGER
REF-015,15,4,ART-001,1,https://www.cambridge.org/core/books/succession-to-muhammad/1F8CA4D35B362EF97EE20004F53763B2,https://www.cambridge.org/core/books/succession-to-muhammad/1F8CA4D35B362EF97EE20004F53763B2,False,False,EXS-015,6,15,False,,7d3c1fddfcd77ee6afcc6070727b12bc0baf8377791b7ef5eeba79978172e621,"poppler pdftotext 24.02.0 -layout, per page; entry boundaries by visible ""N."" numbering",RAW-OCCURRENCE; NOT-AUTHORITATIVE-RAW-LEDGER
REF-016,16,4,ART-001,1,https://sau.posthaven.com/archive?date=1646092800,https://sau.posthaven.com/archive?date=1646092800,False,False,EXS-016,6,16,False,,09061f017f81a7389670b8a6c779077c8aa2650e908248f2d9aa0c87ec765a5c,"poppler pdftotext 24.02.0 -layout, per page; entry boundaries by visible ""N."" numbering",RAW-OCCURRENCE; NOT-AUTHORITATIVE-RAW-LEDGER
REF-017,17,4,ART-001,1,https://substack.com/@sallyekus,https://substack.com/@sallyekus,False,False,EXS-017,6,17,False,,7dca3371dee711aba62b0dd62bf6a82e44122faa99fd6caf8bf9d97cfb33e34e,"poppler pdftotext 24.02.0 -layout, per page; entry boundaries by visible ""N."" numbering",RAW-OCCURRENCE; NOT-AUTHORITATIVE-RAW-LEDGER
REF-018,18,4,ART-001,1,https://substack.com/@mssnfutminna/note/c-354820152,https://substack.com/@mssnfutminna/note/c-354820152,False,False,EXS-018,6,18,False,,3ca5b88ba32c434c3917c3a3d9b115b704168ce787bc92d1cc717eb7223a993f,"poppler pdftotext 24.02.0 -layout, per page; entry boundaries by visible ""N."" numbering",RAW-OCCURRENCE; NOT-AUTHORITATIVE-RAW-LEDGER
REF-019,19,4,ART-001,1,https://substack.com/@fedorito,https://substack.com/@fedorito,False,False,EXS-019,6,19,False,,762ed7ada3cf238bd37aaf3ccb939002337d991431d43c908fbcec87811db301,"poppler pdftotext 24.02.0 -layout, per page; entry boundaries by visible ""N."" numbering",RAW-OCCURRENCE; NOT-AUTHORITATIVE-RAW-LEDGER
REF-020,20,4,ART-001,1,https://api.substack.com/feed/podcast/28308.rss,https://api.substack.com/feed/podcast/28308.rss,False,False,EXS-020,6,20,False,,5e4e40aabab96aceddf6f2690279973723783df9d0dc4a72355fb9304886bc28,"poppler pdftotext 24.02.0 -layout, per page; entry boundaries by visible ""N."" numbering",RAW-OCCURRENCE; NOT-AUTHORITATIVE-RAW-LEDGER
REF-021,21,4,ART-001,1,https://en.wikipedia.org/wiki/Succession_to_Muhammad,https://en.wikipedia.org/wiki/Succession_to_Muhammad,False,False,EXS-021,6,21,False,,84f46d0a68464f4a66436d1eab2ba1f1aeee9a3b760eeba25bdbd0ae12c2422a,"poppler pdftotext 24.02.0 -layout, per page; entry boundaries by visible ""N."" numbering",RAW-OCCURRENCE; NOT-AUTHORITATIVE-RAW-LEDGER
REF-022,22,4,ART-001,1,https://substack.com/@secretstrategist,https://substack.com/@secretstrategist,False,False,EXS-022,6,22,False,,d969ade93a4121e51fe42f3882af645c68f140a05a198532db5863cfa5325104,"poppler pdftotext 24.02.0 -layout, per page; entry boundaries by visible ""N."" numbering",RAW-OCCURRENCE; NOT-AUTHORITATIVE-RAW-LEDGER
REF-023,23,4,ART-001,1,https://secretagentfed.substack.com/p/xlv-the-tayyite-succession-how-muhammad,https://secretagentfed.substack.com/p/xlv-the-tayyite-succession-how-muhammad,False,False,EXS-023,4,23,False,,b6432cae76b82d94aa33b98893e7f11a6614ec738cce79b67e052b9a4b37045b,"poppler pdftotext 24.02.0 -layout, per page; entry boundaries by visible ""N."" numbering",RAW-OCCURRENCE; NOT-AUTHORITATIVE-RAW-LEDGER
REF-024,24,4,ART-001,1,https://notionpress.com/in/read/men-who-carried-islam-forward,https://notionpress.com/in/read/men-who-carried-islam-forward,False,False,EXS-024,6,24,False,,e76700e50c15a17a0b030d224c14c365eb38e5975757002d55da43a402ed65ed,"poppler pdftotext 24.02.0 -layout, per page; entry boundaries by visible ""N."" numbering",RAW-OCCURRENCE; NOT-AUTHORITATIVE-RAW-LEDGER
REF-025,25,4,ART-001,2,https://archive.org/stream/TheSuccessionToMuhammadByWilferdMadelung/The Succession to Muhammad by WilferdMadelung_djvu.txt,https://archive.org/stream/TheSuccessionToMuhammadByWilferdMadelung/The Succession to Muhammad by Wilferd Madelung_djvu.txt,True,True,EXS-025,6,25,False,,68c58a785b71224892adaa415eb5ae4001d3193fe5ec5e7bdc94484899503d3f,"poppler pdftotext 24.02.0 -layout, per page; entry boundaries by visible ""N."" numbering",RAW-OCCURRENCE; NOT-AUTHORITATIVE-RAW-LEDGER
REF-026,26,4,ART-001,1,https://www.cambridge.org/core/books/muhammads-heirs/8CBC3BC09A66C47E0F114311B09BF725,https://www.cambridge.org/core/books/muhammads-heirs/8CBC3BC09A66C47E0F114311B09BF725,False,False,EXS-026,6,26,False,,893ba223d8f7ecc5c4328ad50b38affd3886c37f4b645e2c973a0786bcbcda17,"poppler pdftotext 24.02.0 -layout, per page; entry boundaries by visible ""N."" numbering",RAW-OCCURRENCE; NOT-AUTHORITATIVE-RAW-LEDGER
REF-027,27,4,ART-001,1,https://secretagentfed.substack.com/p/xlvi-the-tayyite-succession-how-muhammad,https://secretagentfed.substack.com/p/xlvi-the-tayyite-succession-how-muhammad,False,False,EXS-027,4,27,False,,0512427096164d0d416fb7465dfec3dae47799e8950a918a85f2cbb527e08cde,"poppler pdftotext 24.02.0 -layout, per page; entry boundaries by visible ""N."" numbering",RAW-OCCURRENCE; NOT-AUTHORITATIVE-RAW-LEDGER
REF-028,28,4,ART-001,1,https://seoulinside.substack.com/p/substack-weekly-this-weeks-must-reads,https://seoulinside.substack.com/p/substack-weekly-this-weeks-must-reads,False,False,EXS-028,4,28,False,,de32fdb20ab98699951687150d76ac52031732d4b29c383cf0d7a7e856b93785,"poppler pdftotext 24.02.0 -layout, per page; entry boundaries by visible ""N."" numbering",RAW-OCCURRENCE; NOT-AUTHORITATIVE-RAW-LEDGER
REF-029,29,4,ART-001,1,https://secretagentfed.substack.com/p/xlviii-the-tayyite-succession-how?r=946r7f,https://secretagentfed.substack.com/p/xlviii-the-tayyite-succession-how?r=946r7f,False,False,EXS-029,4,29,False,,6b3f7df8b69e7650a168eaf10033ba8a190a740150f7a4498d089efd5189f12c,"poppler pdftotext 24.02.0 -layout, per page; entry boundaries by visible ""N."" numbering",RAW-OCCURRENCE; NOT-AUTHORITATIVE-RAW-LEDGER
REF-030,30,4,ART-001,1,https://substack.com/,https://substack.com/,False,False,EXS-030,4,30,False,,a6f7d6026320852be83bd11508794b40d0ae518e8ca347aac0000e73b1659eed,"poppler pdftotext 24.02.0 -layout, per page; entry boundaries by visible ""N."" numbering",RAW-OCCURRENCE; NOT-AUTHORITATIVE-RAW-LEDGER
REF-031,31,4,ART-001,1,https://post.substack.com/,https://post.substack.com/,False,False,EXS-031,4,31,False,,573531dd624b784cd5ca8ac3b4f24488a5f6febcd1c5d07eef0dbf7bcbadf6bc,"poppler pdftotext 24.02.0 -layout, per page; entry boundaries by visible ""N."" numbering",RAW-OCCURRENCE; NOT-AUTHORITATIVE-RAW-LEDGER
REF-032,32,4,ART-001,1,https://on.substack.com/archive,https://on.substack.com/archive,False,False,EXS-032,4,32,False,,ae5691c2896c69841caf1109dc7dd734138bf0b53cd23ec5c79dbe0888040d13,"poppler pdftotext 24.02.0 -layout, per page; entry boundaries by visible ""N."" numbering",RAW-OCCURRENCE; NOT-AUTHORITATIVE-RAW-LEDGER
REF-033,33,4,ART-001,1,https://substack.com/@secretagentfed,https://substack.com/@secretagentfed,False,False,EXS-001,6,1,False,,1a4afadf1edb5d2806c018d5a3e365c52adde5bfc7d1e2db5407b95a912dec61,"poppler pdftotext 24.02.0 -layout, per page; entry boundaries by visible ""N."" numbering",RAW-OCCURRENCE; NOT-AUTHORITATIVE-RAW-LEDGER
REF-034,34,4,ART-001,2,http://teachmiddleeast.lib.uchicago.edu/historical-perspectives/rulership-and-justice/islamic-period/essay/essay-02.html,http://teachmiddleeast.lib.uchicago.edu/historical-perspectives/rulership-and-justice/islamic-period/essay/essay-02.h tml,True,False,EXS-002,6,2,False,,9c3dcd9fe5d3b4d4f8386c4c1e36113c8ea2629287a2b429c50554cba0f949da,"poppler pdftotext 24.02.0 -layout, per page; entry boundaries by visible ""N."" numbering",RAW-OCCURRENCE; NOT-AUTHORITATIVE-RAW-LEDGER
REF-035,35,4,ART-001,1,https://substack.com/@50501/note/c-288310319,https://substack.com/@50501/note/c-288310319,False,False,EXS-003,4,3,False,,d06bceb5e79e43e3fc5b66fcc72d16e9158e742a130d3048a0647551bf4c1830,"poppler pdftotext 24.02.0 -layout, per page; entry boundaries by visible ""N."" numbering",RAW-OCCURRENCE; NOT-AUTHORITATIVE-RAW-LEDGER
REF-036,36,4,ART-001,1,https://www.yumpu.com/en/document/view/33323425/muhammad,https://www.yumpu.com/en/document/view/33323425/muhammad,False,False,EXS-004,6,4,False,,bf9cb572951cdf724119c86494bcaa5a536cf2149eec24c54899a1a8274e1388,"poppler pdftotext 24.02.0 -layout, per page; entry boundaries by visible ""N."" numbering",RAW-OCCURRENCE; NOT-AUTHORITATIVE-RAW-LEDGER
REF-037,37,4,ART-001,1,https://substack.com/top/news,https://substack.com/top/news,False,False,EXS-005,6,5,False,,199efac3cf714b076690c865a579db16b80d05860b30901c16e32e537bcba9eb,"poppler pdftotext 24.02.0 -layout, per page; entry boundaries by visible ""N."" numbering",RAW-OCCURRENCE; NOT-AUTHORITATIVE-RAW-LEDGER
REF-038,38,4,ART-001,1,https://chemtrails.substack.com/archive,https://chemtrails.substack.com/archive,False,False,EXS-006,4,6,False,,ea07b45f71616c7188f98ae841f64a8e2bfd8c8ccdf2ff7e5aa6d61b272815d9,"poppler pdftotext 24.02.0 -layout, per page; entry boundaries by visible ""N."" numbering",RAW-OCCURRENCE; NOT-AUTHORITATIVE-RAW-LEDGER
REF-039,39,4,ART-001,1,https://andrewsullivan.substack.com/feed,https://andrewsullivan.substack.com/feed,False,False,EXS-007,6,7,False,,252b1c9a89a1dbfd24dc8fee3f7ef694764832e778eb7292084ed4239d8b7b21,"poppler pdftotext 24.02.0 -layout, per page; entry boundaries by visible ""N."" numbering",RAW-OCCURRENCE; NOT-AUTHORITATIVE-RAW-LEDGER
REF-040,40,4,ART-001,1,https://substack.com/@ym12265855,https://substack.com/@ym12265855,False,False,EXS-008,6,8,False,,639530baea31e4d88f4bbe2e7a4b4fc4f57d4c3f692fe2d72edab29ab596eb06,"poppler pdftotext 24.02.0 -layout, per page; entry boundaries by visible ""N."" numbering",RAW-OCCURRENCE; NOT-AUTHORITATIVE-RAW-LEDGER
REF-041,41,4,ART-001,1,https://muse.jhu.edu/pub/320/oa_monograph/chapter/2581109,https://muse.jhu.edu/pub/320/oa_monograph/chapter/2581109,False,False,EXS-009,6,9,False,,3bc6027bd8f4f4845e14856fef5a8a1f6def9a83678d79c322e5a319b994c325,"poppler pdftotext 24.02.0 -layout, per page; entry boundaries by visible ""N."" numbering",RAW-OCCURRENCE; NOT-AUTHORITATIVE-RAW-LEDGER
REF-042,42,4,ART-001,1,https://newmuslim.iera.org/members/chequewitch30/activity/59265/,https://newmuslim.iera.org/members/chequewitch30/activity/59265/,False,False,EXS-010,4,10,False,,c1d509af9d5f7bfdca6353e1f3d8f8369632163fee596ff9b3bce58e2bc442d4,"poppler pdftotext 24.02.0 -layout, per page; entry boundaries by visible ""N."" numbering",RAW-OCCURRENCE; NOT-AUTHORITATIVE-RAW-LEDGER
REF-043,43,4,ART-001,1,https://api.substack.com/feed/podcast/1300522.rss,https://api.substack.com/feed/podcast/1300522.rss,False,False,EXS-011,6,11,False,,564aa946f7daea76da312f3be4ae27282d322a5513688d21c15a2f56e837e2e1,"poppler pdftotext 24.02.0 -layout, per page; entry boundaries by visible ""N."" numbering",RAW-OCCURRENCE; NOT-AUTHORITATIVE-RAW-LEDGER
REF-044,44,4,ART-001,1,https://secretagentfed.substack.com/,https://secretagentfed.substack.com/,False,False,EXS-012,6,12,False,,a6e13c3f5f2eb0d6701f01f5d042d3b7634252093977046bfc0e19d4c7b73ab1,"poppler pdftotext 24.02.0 -layout, per page; entry boundaries by visible ""N."" numbering",RAW-OCCURRENCE; NOT-AUTHORITATIVE-RAW-LEDGER
REF-045,45,4,ART-001,1,https://on.substack.com/feed,https://on.substack.com/feed,False,False,EXS-013,4,13,False,,5e4f0239f667fb4d72c139af074824fc9cf75ba28918d73773cab7d3486b52d2,"poppler pdftotext 24.02.0 -layout, per page; entry boundaries by visible ""N."" numbering",RAW-OCCURRENCE; NOT-AUTHORITATIVE-RAW-LEDGER
REF-046,46,4,ART-001,1,https://al-islam.org/media/popular?page=79,https://al-islam.org/media/popular?page=79,False,False,EXS-014,6,14,False,,d66ae17879827009b2277df3acdff228a1df867cb51258527990fe9cc7e0980c,"poppler pdftotext 24.02.0 -layout, per page; entry boundaries by visible ""N."" numbering",RAW-OCCURRENCE; NOT-AUTHORITATIVE-RAW-LEDGER
REF-047,47,4,ART-001,1,https://www.cambridge.org/core/books/succession-to-muhammad/1F8CA4D35B362EF97EE20004F53763B2,https://www.cambridge.org/core/books/succession-to-muhammad/1F8CA4D35B362EF97EE20004F53763B2,False,False,EXS-015,6,15,False,,7d3c1fddfcd77ee6afcc6070727b12bc0baf8377791b7ef5eeba79978172e621,"poppler pdftotext 24.02.0 -layout, per page; entry boundaries by visible ""N."" numbering",RAW-OCCURRENCE; NOT-AUTHORITATIVE-RAW-LEDGER
REF-048,48,5,ART-001,1,https://sau.posthaven.com/archive?date=1646092800,https://sau.posthaven.com/archive?date=1646092800,False,False,EXS-016,6,16,False,,09061f017f81a7389670b8a6c779077c8aa2650e908248f2d9aa0c87ec765a5c,"poppler pdftotext 24.02.0 -layout, per page; entry boundaries by visible ""N."" numbering",RAW-OCCURRENCE; NOT-AUTHORITATIVE-RAW-LEDGER
REF-049,49,5,ART-001,1,https://substack.com/@sallyekus,https://substack.com/@sallyekus,False,False,EXS-017,6,17,False,,7dca3371dee711aba62b0dd62bf6a82e44122faa99fd6caf8bf9d97cfb33e34e,"poppler pdftotext 24.02.0 -layout, per page; entry boundaries by visible ""N."" numbering",RAW-OCCURRENCE; NOT-AUTHORITATIVE-RAW-LEDGER
REF-050,50,5,ART-001,1,https://substack.com/@mssnfutminna/note/c-354820152,https://substack.com/@mssnfutminna/note/c-354820152,False,False,EXS-018,6,18,False,,3ca5b88ba32c434c3917c3a3d9b115b704168ce787bc92d1cc717eb7223a993f,"poppler pdftotext 24.02.0 -layout, per page; entry boundaries by visible ""N."" numbering",RAW-OCCURRENCE; NOT-AUTHORITATIVE-RAW-LEDGER
REF-051,51,5,ART-001,1,https://substack.com/@fedorito,https://substack.com/@fedorito,False,False,EXS-019,6,19,False,,762ed7ada3cf238bd37aaf3ccb939002337d991431d43c908fbcec87811db301,"poppler pdftotext 24.02.0 -layout, per page; entry boundaries by visible ""N."" numbering",RAW-OCCURRENCE; NOT-AUTHORITATIVE-RAW-LEDGER
REF-052,52,5,ART-001,1,https://api.substack.com/feed/podcast/28308.rss,https://api.substack.com/feed/podcast/28308.rss,False,False,EXS-020,6,20,False,,5e4e40aabab96aceddf6f2690279973723783df9d0dc4a72355fb9304886bc28,"poppler pdftotext 24.02.0 -layout, per page; entry boundaries by visible ""N."" numbering",RAW-OCCURRENCE; NOT-AUTHORITATIVE-RAW-LEDGER
REF-053,53,5,ART-001,1,https://en.wikipedia.org/wiki/Succession_to_Muhammad,https://en.wikipedia.org/wiki/Succession_to_Muhammad,False,False,EXS-021,6,21,False,,84f46d0a68464f4a66436d1eab2ba1f1aeee9a3b760eeba25bdbd0ae12c2422a,"poppler pdftotext 24.02.0 -layout, per page; entry boundaries by visible ""N."" numbering",RAW-OCCURRENCE; NOT-AUTHORITATIVE-RAW-LEDGER
REF-054,54,5,ART-001,1,https://substack.com/@secretstrategist,https://substack.com/@secretstrategist,False,False,EXS-022,6,22,False,,d969ade93a4121e51fe42f3882af645c68f140a05a198532db5863cfa5325104,"poppler pdftotext 24.02.0 -layout, per page; entry boundaries by visible ""N."" numbering",RAW-OCCURRENCE; NOT-AUTHORITATIVE-RAW-LEDGER
REF-055,55,5,ART-001,1,https://secretagentfed.substack.com/p/xlv-the-tayyite-succession-how-muhammad,https://secretagentfed.substack.com/p/xlv-the-tayyite-succession-how-muhammad,False,False,EXS-023,4,23,False,,b6432cae76b82d94aa33b98893e7f11a6614ec738cce79b67e052b9a4b37045b,"poppler pdftotext 24.02.0 -layout, per page; entry boundaries by visible ""N."" numbering",RAW-OCCURRENCE; NOT-AUTHORITATIVE-RAW-LEDGER
REF-056,56,5,ART-001,1,https://notionpress.com/in/read/men-who-carried-islam-forward,https://notionpress.com/in/read/men-who-carried-islam-forward,False,False,EXS-024,6,24,False,,e76700e50c15a17a0b030d224c14c365eb38e5975757002d55da43a402ed65ed,"poppler pdftotext 24.02.0 -layout, per page; entry boundaries by visible ""N."" numbering",RAW-OCCURRENCE; NOT-AUTHORITATIVE-RAW-LEDGER
REF-057,57,5,ART-001,2,https://archive.org/stream/TheSuccessionToMuhammadByWilferdMadelung/The Succession to Muhammad by WilferdMadelung_djvu.txt,https://archive.org/stream/TheSuccessionToMuhammadByWilferdMadelung/The Succession to Muhammad by Wilferd Madelung_djvu.txt,True,True,EXS-025,6,25,False,,68c58a785b71224892adaa415eb5ae4001d3193fe5ec5e7bdc94484899503d3f,"poppler pdftotext 24.02.0 -layout, per page; entry boundaries by visible ""N."" numbering",RAW-OCCURRENCE; NOT-AUTHORITATIVE-RAW-LEDGER
REF-058,58,5,ART-001,1,https://www.cambridge.org/core/books/muhammads-heirs/8CBC3BC09A66C47E0F114311B09BF725,https://www.cambridge.org/core/books/muhammads-heirs/8CBC3BC09A66C47E0F114311B09BF725,False,False,EXS-026,6,26,False,,893ba223d8f7ecc5c4328ad50b38affd3886c37f4b645e2c973a0786bcbcda17,"poppler pdftotext 24.02.0 -layout, per page; entry boundaries by visible ""N."" numbering",RAW-OCCURRENCE; NOT-AUTHORITATIVE-RAW-LEDGER
REF-059,59,5,ART-001,1,https://secretagentfed.substack.com/p/xlvi-the-tayyite-succession-how-muhammad,https://secretagentfed.substack.com/p/xlvi-the-tayyite-succession-how-muhammad,False,False,EXS-027,4,27,False,,0512427096164d0d416fb7465dfec3dae47799e8950a918a85f2cbb527e08cde,"poppler pdftotext 24.02.0 -layout, per page; entry boundaries by visible ""N."" numbering",RAW-OCCURRENCE; NOT-AUTHORITATIVE-RAW-LEDGER
REF-060,60,5,ART-001,1,https://seoulinside.substack.com/p/substack-weekly-this-weeks-must-reads,https://seoulinside.substack.com/p/substack-weekly-this-weeks-must-reads,False,False,EXS-028,4,28,False,,de32fdb20ab98699951687150d76ac52031732d4b29c383cf0d7a7e856b93785,"poppler pdftotext 24.02.0 -layout, per page; entry boundaries by visible ""N."" numbering",RAW-OCCURRENCE; NOT-AUTHORITATIVE-RAW-LEDGER
REF-061,61,5,ART-001,1,https://secretagentfed.substack.com/p/xlviii-the-tayyite-succession-how?r=946r7f,https://secretagentfed.substack.com/p/xlviii-the-tayyite-succession-how?r=946r7f,False,False,EXS-029,4,29,False,,6b3f7df8b69e7650a168eaf10033ba8a190a740150f7a4498d089efd5189f12c,"poppler pdftotext 24.02.0 -layout, per page; entry boundaries by visible ""N."" numbering",RAW-OCCURRENCE; NOT-AUTHORITATIVE-RAW-LEDGER
REF-062,62,5,ART-001,1,https://substack.com/,https://substack.com/,False,False,EXS-030,4,30,False,,a6f7d6026320852be83bd11508794b40d0ae518e8ca347aac0000e73b1659eed,"poppler pdftotext 24.02.0 -layout, per page; entry boundaries by visible ""N."" numbering",RAW-OCCURRENCE; NOT-AUTHORITATIVE-RAW-LEDGER
REF-063,63,5,ART-001,1,https://post.substack.com/,https://post.substack.com/,False,False,EXS-031,4,31,False,,573531dd624b784cd5ca8ac3b4f24488a5f6febcd1c5d07eef0dbf7bcbadf6bc,"poppler pdftotext 24.02.0 -layout, per page; entry boundaries by visible ""N."" numbering",RAW-OCCURRENCE; NOT-AUTHORITATIVE-RAW-LEDGER
REF-064,64,5,ART-001,1,https://on.substack.com/archive,https://on.substack.com/archive,False,False,EXS-032,4,32,False,,ae5691c2896c69841caf1109dc7dd734138bf0b53cd23ec5c79dbe0888040d13,"poppler pdftotext 24.02.0 -layout, per page; entry boundaries by visible ""N."" numbering",RAW-OCCURRENCE; NOT-AUTHORITATIVE-RAW-LEDGER
REF-065,65,5,ART-001,1,https://secretagentfed.substack.com/p/xlv-the-tayyite-succession-how-muhammad,https://secretagentfed.substack.com/p/xlv-the-tayyite-succession-how-muhammad,False,False,EXS-023,4,23,False,,b6432cae76b82d94aa33b98893e7f11a6614ec738cce79b67e052b9a4b37045b,"poppler pdftotext 24.02.0 -layout, per page; entry boundaries by visible ""N."" numbering",RAW-OCCURRENCE; NOT-AUTHORITATIVE-RAW-LEDGER
REF-066,66,5,ART-001,1,https://theledgerletter.substack.com/,https://theledgerletter.substack.com/,False,False,EXS-033,1,66,False,,cfbff12ed0a66b300cb7c150107af31dae25143f05846e3b27a890715508df12,"poppler pdftotext 24.02.0 -layout, per page; entry boundaries by visible ""N."" numbering",RAW-OCCURRENCE; NOT-AUTHORITATIVE-RAW-LEDGER
REF-067,67,5,ART-001,1,https://www.islamic-awareness.org/history/islam/inscriptions/earlyislam.html,https://www.islamic-awareness.org/history/islam/inscriptions/earlyislam.html,False,False,EXS-034,4,67,False,,a3b37ee7bdc5dee164ed8e4a481ccd419d522da6b840fa36feb44fc0bc70a212,"poppler pdftotext 24.02.0 -layout, per page; entry boundaries by visible ""N."" numbering",RAW-OCCURRENCE; NOT-AUTHORITATIVE-RAW-LEDGER
REF-068,68,5,ART-001,2,https://archive.org/stream/TheHiddenOriginsOfIslamNewResearchIntoItsEarlyHistory/The Hidden Origins of Islam -New Research into Its Early History_djvu.txt,https://archive.org/stream/TheHiddenOriginsOfIslamNewResearchIntoItsEarlyHistory/The Hidden Origins of Islam - New Research into Its Early History_djvu.txt,True,True,EXS-035,4,68,False,,a51917bf7e6228b7e952c0f4369b9f31a4f8a51f378bb48ea744da0727cb1a32,"poppler pdftotext 24.02.0 -layout, per page; entry boundaries by visible ""N."" numbering",RAW-OCCURRENCE; NOT-AUTHORITATIVE-RAW-LEDGER
REF-069,69,5,ART-001,1,https://almuslih.org/wp-content/uploads/2024/11/Lindstedt-I-–-Pre-Islamic-Arabia-and-Early-Islam.pdf,https://almuslih.org/wp-content/uploads/2024/11/Lindstedt-I-–-Pre-Islamic-Arabia-and-Early-Islam.pdf,False,False,EXS-036,4,69,False,,fe8c7b66e82ac4ebf39450beea2bb2805f9acc0ca798e1c1205dad0e7528ca6b,"poppler pdftotext 24.02.0 -layout, per page; entry boundaries by visible ""N."" numbering",RAW-OCCURRENCE; NOT-AUTHORITATIVE-RAW-LEDGER
REF-070,70,5,ART-001,1,https://ia801506.us.archive.org/21/items/in.ernet.dli.2015.13564/2015.13564.History-Of-The-Arabs_text.pdf,https://ia801506.us.archive.org/21/items/in.ernet.dli.2015.13564/2015.13564.History-Of-The-Arabs_text.pdf,False,False,EXS-037,4,70,False,,ace18433b2200a7272c36476059f176c1a53a06b784b533c1eece97c735f5568,"poppler pdftotext 24.02.0 -layout, per page; entry boundaries by visible ""N."" numbering",RAW-OCCURRENCE; NOT-AUTHORITATIVE-RAW-LEDGER
REF-071,71,5,ART-001,1,https://api.pageplace.de/preview/DT0400.9781474408271_A49299938/preview-9781474408271_A49299938.pdf,https://api.pageplace.de/preview/DT0400.9781474408271_A49299938/preview-9781474408271_A49299938.pdf,False,False,EXS-038,4,71,False,,672fc55ee45a41671a29a5fc56e714644c3033c3a8d5b93067c7e795bf42c31a,"poppler pdftotext 24.02.0 -layout, per page; entry boundaries by visible ""N."" numbering",RAW-OCCURRENCE; NOT-AUTHORITATIVE-RAW-LEDGER
REF-072,72,5,ART-001,1,https://brill.com/display/book/9789004687134/BP000001.xml,https://brill.com/display/book/9789004687134/BP000001.xml,False,False,EXS-039,4,72,False,,925bb8e57334963a1a835f603facf78f0c78b2e7f7d034bd08d8242ff23b49c1,"poppler pdftotext 24.02.0 -layout, per page; entry boundaries by visible ""N."" numbering",RAW-OCCURRENCE; NOT-AUTHORITATIVE-RAW-LEDGER
REF-073,73,5,ART-001,1,https://brill.com/downloadpdf/display/book/9789004687134/BP000001.pdf,https://brill.com/downloadpdf/display/book/9789004687134/BP000001.pdf,False,False,EXS-040,4,73,False,,48982bdd932ce443cc53b2d23acfdf210113c01dcb5b19db2f80021bc072067d,"poppler pdftotext 24.02.0 -layout, per page; entry boundaries by visible ""N."" numbering",RAW-OCCURRENCE; NOT-AUTHORITATIVE-RAW-LEDGER
REF-074,74,5,ART-001,1,https://ora.ox.ac.uk/objects/uuid:7a5c31c1-059a-4f5f-8b86-bb89b11f143a/files/d6395w7791,https://ora.ox.ac.uk/objects/uuid:7a5c31c1-059a-4f5f-8b86-bb89b11f143a/files/d6395w7791,False,False,EXS-041,4,74,False,,aafcb6dc986f95884553b9260f5492d9f55d848eb05bfc72086b965179308dee,"poppler pdftotext 24.02.0 -layout, per page; entry boundaries by visible ""N."" numbering",RAW-OCCURRENCE; NOT-AUTHORITATIVE-RAW-LEDGER
REF-075,75,5,ART-001,2,https://islamspring2012.voices.wooster.edu/wp-content/uploads/sites/192/2018/09/johns_archaeology-and-history-of-early-islam-1.pdf,https://islamspring2012.voices.wooster.edu/wp-content/uploads/sites/192/2018/09/johns_archaeology-and-history-of -early-islam-1.pdf,True,False,EXS-042,4,75,False,,5276a765b5eb143c63de668118730293ea75a9b10f647fa38a97c925bc3a29bd,"poppler pdftotext 24.02.0 -layout, per page; entry boundaries by visible ""N."" numbering",RAW-OCCURRENCE; NOT-AUTHORITATIVE-RAW-LEDGER
REF-076,76,5,ART-001,1,https://academic.oup.com/edited-volume/34293/chapter/290722454,https://academic.oup.com/edited-volume/34293/chapter/290722454,False,False,EXS-043,4,76,False,,952de7db6f4a7d64d542e3481bad146de215f42cef2d7d3ad421787c28cd80b9,"poppler pdftotext 24.02.0 -layout, per page; entry boundaries by visible ""N."" numbering",RAW-OCCURRENCE; NOT-AUTHORITATIVE-RAW-LEDGER
REF-077,77,5,ART-001,1,https://muse.jhu.edu/pub/166/oa_monograph/chapter/3425522,https://muse.jhu.edu/pub/166/oa_monograph/chapter/3425522,False,False,EXS-044,1,77,False,,7457c5c88e3a4a0411a0179bfb4764c8e5f4f935a4b7bf336a64c896d43b4f52,"poppler pdftotext 24.02.0 -layout, per page; entry boundaries by visible ""N."" numbering",RAW-OCCURRENCE; NOT-AUTHORITATIVE-RAW-LEDGER
REF-078,78,5,ART-001,1,https://www.cia.gov/readingroom/search/site/CIA-RDP96-00788R001700210016,https://www.cia.gov/readingroom/search/site/CIA-RDP96-00788R001700210016,False,False,EXS-045,4,78,False,,c1560d14d4903bf222d0a04f66ed6e1620243c1d1104b2b62f687496089f1065,"poppler pdftotext 24.02.0 -layout, per page; entry boundaries by visible ""N."" numbering",RAW-OCCURRENCE; NOT-AUTHORITATIVE-RAW-LEDGER
REF-079,79,5,ART-001,1,https://redef.com/source/56a6f5a258cd06842f4246fd,https://redef.com/source/56a6f5a258cd06842f4246fd,False,False,EXS-046,4,79,False,,79918ff259edc4d6ec7b792a247891c9fe09d9e8f07f19201489236fee5a5ddc,"poppler pdftotext 24.02.0 -layout, per page; entry boundaries by visible ""N."" numbering",RAW-OCCURRENCE; NOT-AUTHORITATIVE-RAW-LEDGER
REF-080,80,5,ART-001,1,https://www.academia.edu/Documents/in/Secret_archives/MostCited,https://www.academia.edu/Documents/in/Secret_archives/MostCited,False,False,EXS-047,4,80,False,,f07d6c89b7a2c8bfb94f97cfea67c43d59bbb876104013999836817cf9edd240,"poppler pdftotext 24.02.0 -layout, per page; entry boundaries by visible ""N."" numbering",RAW-OCCURRENCE; NOT-AUTHORITATIVE-RAW-LEDGER
REF-081,81,5,ART-001,1,https://muse.jhu.edu/pub/5/oa_monograph/chapter/2181243,https://muse.jhu.edu/pub/5/oa_monograph/chapter/2181243,False,False,EXS-048,4,81,False,,258e88b7c1640ad5e84b8eb905736f417f57f1d9174e405329b7ca5f1582ecea,"poppler pdftotext 24.02.0 -layout, per page; entry boundaries by visible ""N."" numbering",RAW-OCCURRENCE; NOT-AUTHORITATIVE-RAW-LEDGER
REF-082,82,5,ART-001,1,https://www.amazon.com.au/Disclosure-Military-Government-Witnesses-Greatest/dp/0967323819,https://www.amazon.com.au/Disclosure-Military-Government-Witnesses-Greatest/dp/0967323819,False,False,EXS-049,4,82,False,,f6ebe364aba23f54b094605124f8ba32078ebdae284cfee2e4c2f009a250961a,"poppler pdftotext 24.02.0 -layout, per page; entry boundaries by visible ""N."" numbering",RAW-OCCURRENCE; NOT-AUTHORITATIVE-RAW-LEDGER
REF-083,83,6,ART-001,1,https://substack.com/@secretagentfed,https://substack.com/@secretagentfed,False,False,EXS-001,6,1,False,,1a4afadf1edb5d2806c018d5a3e365c52adde5bfc7d1e2db5407b95a912dec61,"poppler pdftotext 24.02.0 -layout, per page; entry boundaries by visible ""N."" numbering",RAW-OCCURRENCE; NOT-AUTHORITATIVE-RAW-LEDGER
REF-084,84,6,ART-001,1,https://secretagentfed.substack.com/,https://secretagentfed.substack.com/,False,False,EXS-012,6,12,False,,a6e13c3f5f2eb0d6701f01f5d042d3b7634252093977046bfc0e19d4c7b73ab1,"poppler pdftotext 24.02.0 -layout, per page; entry boundaries by visible ""N."" numbering",RAW-OCCURRENCE; NOT-AUTHORITATIVE-RAW-LEDGER
REF-085,85,6,ART-001,2,http://teachmiddleeast.lib.uchicago.edu/historical-perspectives/rulership-and-justice/islamic-period/essay/essay-02.html,http://teachmiddleeast.lib.uchicago.edu/historical-perspectives/rulership-and-justice/islamic-period/essay/essay-02.h tml,True,False,EXS-002,6,2,False,,9c3dcd9fe5d3b4d4f8386c4c1e36113c8ea2629287a2b429c50554cba0f949da,"poppler pdftotext 24.02.0 -layout, per page; entry boundaries by visible ""N."" numbering",RAW-OCCURRENCE; NOT-AUTHORITATIVE-RAW-LEDGER
REF-086,86,6,ART-001,1,https://www.yumpu.com/en/document/view/33323425/muhammad,https://www.yumpu.com/en/document/view/33323425/muhammad,False,False,EXS-004,6,4,False,,bf9cb572951cdf724119c86494bcaa5a536cf2149eec24c54899a1a8274e1388,"poppler pdftotext 24.02.0 -layout, per page; entry boundaries by visible ""N."" numbering",RAW-OCCURRENCE; NOT-AUTHORITATIVE-RAW-LEDGER
REF-087,87,6,ART-001,1,https://substack.com/top/news,https://substack.com/top/news,False,False,EXS-005,6,5,False,,199efac3cf714b076690c865a579db16b80d05860b30901c16e32e537bcba9eb,"poppler pdftotext 24.02.0 -layout, per page; entry boundaries by visible ""N."" numbering",RAW-OCCURRENCE; NOT-AUTHORITATIVE-RAW-LEDGER
REF-088,88,6,ART-001,1,https://substack.com/@cybdetective/note/c-221329491,https://substack.com/@cybdetective/note/c-221329491,False,False,EXS-050,1,88,False,,cc804e44ce9a7cdbcd88fab15d82a086184fd2fc514654aa65fe5aec35d7c000,"poppler pdftotext 24.02.0 -layout, per page; entry boundaries by visible ""N."" numbering",RAW-OCCURRENCE; NOT-AUTHORITATIVE-RAW-LEDGER
REF-089,89,6,ART-001,1,https://andrewsullivan.substack.com/feed,https://andrewsullivan.substack.com/feed,False,False,EXS-007,6,7,False,,252b1c9a89a1dbfd24dc8fee3f7ef694764832e778eb7292084ed4239d8b7b21,"poppler pdftotext 24.02.0 -layout, per page; entry boundaries by visible ""N."" numbering",RAW-OCCURRENCE; NOT-AUTHORITATIVE-RAW-LEDGER
REF-090,90,6,ART-001,1,https://substack.com/@ym12265855,https://substack.com/@ym12265855,False,False,EXS-008,6,8,False,,639530baea31e4d88f4bbe2e7a4b4fc4f57d4c3f692fe2d72edab29ab596eb06,"poppler pdftotext 24.02.0 -layout, per page; entry boundaries by visible ""N."" numbering",RAW-OCCURRENCE; NOT-AUTHORITATIVE-RAW-LEDGER
REF-091,91,6,ART-001,1,https://muse.jhu.edu/pub/320/oa_monograph/chapter/2581109,https://muse.jhu.edu/pub/320/oa_monograph/chapter/2581109,False,False,EXS-009,6,9,False,,3bc6027bd8f4f4845e14856fef5a8a1f6def9a83678d79c322e5a319b994c325,"poppler pdftotext 24.02.0 -layout, per page; entry boundaries by visible ""N."" numbering",RAW-OCCURRENCE; NOT-AUTHORITATIVE-RAW-LEDGER
REF-092,92,6,ART-001,1,https://newmuslim.iera.org/members/chequewitch30/activity/59265/,https://newmuslim.iera.org/members/chequewitch30/activity/59265/,False,False,EXS-010,4,10,False,,c1d509af9d5f7bfdca6353e1f3d8f8369632163fee596ff9b3bce58e2bc442d4,"poppler pdftotext 24.02.0 -layout, per page; entry boundaries by visible ""N."" numbering",RAW-OCCURRENCE; NOT-AUTHORITATIVE-RAW-LEDGER
REF-093,93,6,ART-001,1,https://api.substack.com/feed/podcast/1300522.rss,https://api.substack.com/feed/podcast/1300522.rss,False,False,EXS-011,6,11,False,,564aa946f7daea76da312f3be4ae27282d322a5513688d21c15a2f56e837e2e1,"poppler pdftotext 24.02.0 -layout, per page; entry boundaries by visible ""N."" numbering",RAW-OCCURRENCE; NOT-AUTHORITATIVE-RAW-LEDGER
REF-094,94,6,ART-001,1,https://on.substack.com/feed,https://on.substack.com/feed,False,False,EXS-013,4,13,False,,5e4f0239f667fb4d72c139af074824fc9cf75ba28918d73773cab7d3486b52d2,"poppler pdftotext 24.02.0 -layout, per page; entry boundaries by visible ""N."" numbering",RAW-OCCURRENCE; NOT-AUTHORITATIVE-RAW-LEDGER
REF-095,95,6,ART-001,1,https://al-islam.org/media/popular?page=79,https://al-islam.org/media/popular?page=79,False,False,EXS-014,6,14,False,,d66ae17879827009b2277df3acdff228a1df867cb51258527990fe9cc7e0980c,"poppler pdftotext 24.02.0 -layout, per page; entry boundaries by visible ""N."" numbering",RAW-OCCURRENCE; NOT-AUTHORITATIVE-RAW-LEDGER
REF-096,96,6,ART-001,1,https://www.cambridge.org/core/books/succession-to-muhammad/1F8CA4D35B362EF97EE20004F53763B2,https://www.cambridge.org/core/books/succession-to-muhammad/1F8CA4D35B362EF97EE20004F53763B2,False,False,EXS-015,6,15,False,,7d3c1fddfcd77ee6afcc6070727b12bc0baf8377791b7ef5eeba79978172e621,"poppler pdftotext 24.02.0 -layout, per page; entry boundaries by visible ""N."" numbering",RAW-OCCURRENCE; NOT-AUTHORITATIVE-RAW-LEDGER
REF-097,97,6,ART-001,1,https://sau.posthaven.com/archive?date=1646092800,https://sau.posthaven.com/archive?date=1646092800,False,False,EXS-016,6,16,False,,09061f017f81a7389670b8a6c779077c8aa2650e908248f2d9aa0c87ec765a5c,"poppler pdftotext 24.02.0 -layout, per page; entry boundaries by visible ""N."" numbering",RAW-OCCURRENCE; NOT-AUTHORITATIVE-RAW-LEDGER
REF-098,98,6,ART-001,1,https://substack.com/@sallyekus,https://substack.com/@sallyekus,False,False,EXS-017,6,17,False,,7dca3371dee711aba62b0dd62bf6a82e44122faa99fd6caf8bf9d97cfb33e34e,"poppler pdftotext 24.02.0 -layout, per page; entry boundaries by visible ""N."" numbering",RAW-OCCURRENCE; NOT-AUTHORITATIVE-RAW-LEDGER
REF-099,99,6,ART-001,1,https://continuouscompounding.substack.com/leaderboard,https://continuouscompounding.substack.com/leaderboard,False,False,EXS-051,1,99,False,,830dc1faf9c3ff089be9087934f1cc2c0f490c90e8c772e011f22f0edd6bb874,"poppler pdftotext 24.02.0 -layout, per page; entry boundaries by visible ""N."" numbering",RAW-OCCURRENCE; NOT-AUTHORITATIVE-RAW-LEDGER
REF-100,100,6,ART-001,1,https://substack.com/@mssnfutminna/note/c-354820152,https://substack.com/@mssnfutminna/note/c-354820152,False,False,EXS-018,6,18,False,,3ca5b88ba32c434c3917c3a3d9b115b704168ce787bc92d1cc717eb7223a993f,"poppler pdftotext 24.02.0 -layout, per page; entry boundaries by visible ""N."" numbering",RAW-OCCURRENCE; NOT-AUTHORITATIVE-RAW-LEDGER
REF-101,101,6,ART-001,1,https://substack.com/@fedorito,https://substack.com/@fedorito,False,False,EXS-019,6,19,False,,762ed7ada3cf238bd37aaf3ccb939002337d991431d43c908fbcec87811db301,"poppler pdftotext 24.02.0 -layout, per page; entry boundaries by visible ""N."" numbering",RAW-OCCURRENCE; NOT-AUTHORITATIVE-RAW-LEDGER
REF-102,102,6,ART-001,1,https://api.substack.com/feed/podcast/28308.rss,https://api.substack.com/feed/podcast/28308.rss,False,False,EXS-020,6,20,False,,5e4e40aabab96aceddf6f2690279973723783df9d0dc4a72355fb9304886bc28,"poppler pdftotext 24.02.0 -layout, per page; entry boundaries by visible ""N."" numbering",RAW-OCCURRENCE; NOT-AUTHORITATIVE-RAW-LEDGER
REF-103,103,6,ART-001,1,https://en.wikipedia.org/wiki/Succession_to_Muhammad,https://en.wikipedia.org/wiki/Succession_to_Muhammad,False,False,EXS-021,6,21,False,,84f46d0a68464f4a66436d1eab2ba1f1aeee9a3b760eeba25bdbd0ae12c2422a,"poppler pdftotext 24.02.0 -layout, per page; entry boundaries by visible ""N."" numbering",RAW-OCCURRENCE; NOT-AUTHORITATIVE-RAW-LEDGER
REF-104,104,6,ART-001,1,https://substack.com/@secretstrategist,https://substack.com/@secretstrategist,False,False,EXS-022,6,22,False,,d969ade93a4121e51fe42f3882af645c68f140a05a198532db5863cfa5325104,"poppler pdftotext 24.02.0 -layout, per page; entry boundaries by visible ""N."" numbering",RAW-OCCURRENCE; NOT-AUTHORITATIVE-RAW-LEDGER
REF-105,105,6,ART-001,1,https://notionpress.com/in/read/men-who-carried-islam-forward,https://notionpress.com/in/read/men-who-carried-islam-forward,False,False,EXS-024,6,24,False,,e76700e50c15a17a0b030d224c14c365eb38e5975757002d55da43a402ed65ed,"poppler pdftotext 24.02.0 -layout, per page; entry boundaries by visible ""N."" numbering",RAW-OCCURRENCE; NOT-AUTHORITATIVE-RAW-LEDGER
REF-106,106,6,ART-001,2,https://archive.org/stream/TheSuccessionToMuhammadByWilferdMadelung/The Succession to Muhammad by WilferdMadelung_djvu.txt,https://archive.org/stream/TheSuccessionToMuhammadByWilferdMadelung/The Succession to Muhammad by Wilferd Madelung_djvu.txt,True,True,EXS-025,6,25,False,,68c58a785b71224892adaa415eb5ae4001d3193fe5ec5e7bdc94484899503d3f,"poppler pdftotext 24.02.0 -layout, per page; entry boundaries by visible ""N."" numbering",RAW-OCCURRENCE; NOT-AUTHORITATIVE-RAW-LEDGER
REF-107,107,6,ART-001,1,https://www.cambridge.org/core/books/muhammads-heirs/8CBC3BC09A66C47E0F114311B09BF725,https://www.cambridge.org/core/books/muhammads-heirs/8CBC3BC09A66C47E0F114311B09BF725,False,False,EXS-026,6,26,False,,893ba223d8f7ecc5c4328ad50b38affd3886c37f4b645e2c973a0786bcbcda17,"poppler pdftotext 24.02.0 -layout, per page; entry boundaries by visible ""N."" numbering",RAW-OCCURRENCE; NOT-AUTHORITATIVE-RAW-LEDGER
REF-108,108,6,ART-001,1,https://atlasnewsletter.substack.com/sitemap,https://atlasnewsletter.substack.com/sitemap,False,False,EXS-052,1,108,False,,6cfbca97aae33cd3b2fac4550149bdbb722548f7212972b1d2cf44ae34433838,"poppler pdftotext 24.02.0 -layout, per page; entry boundaries by visible ""N."" numbering",RAW-OCCURRENCE; NOT-AUTHORITATIVE-RAW-LEDGER
REF-109,109,6,ART-001,1,https://theshoalsledger.substack.com/s/the-dossier,https://theshoalsledger.substack.com/s/the-dossier,False,False,EXS-053,1,109,False,,d4c626a75e88f565de2b62cfbee09b05fbf9768bfefeaf48f6ebe8156b8b13c9,"poppler pdftotext 24.02.0 -layout, per page; entry boundaries by visible ""N."" numbering",RAW-OCCURRENCE; NOT-AUTHORITATIVE-RAW-LEDGER
REF-110,110,6,ART-001,1,https://lmot.substack.com/,https://lmot.substack.com/,False,False,EXS-054,1,110,False,,f9b1e7c6fbad2792ac02d1323f94db50e22e89be328f0489c13b96d6be9f75ed,"poppler pdftotext 24.02.0 -layout, per page; entry boundaries by visible ""N."" numbering",RAW-OCCURRENCE; NOT-AUTHORITATIVE-RAW-LEDGER
REF-111,111,6,ART-001,1,https://himalaya.socanth.cam.ac.uk/collections/journals/ebhr/pdf/EBHR_38_03.pdf,https://himalaya.socanth.cam.ac.uk/collections/journals/ebhr/pdf/EBHR_38_03.pdf,False,False,EXS-055,1,111,False,,06d6f41e73d4853c2f3169493244d7cf91a9c26e44393b91053030dd6f1e80fc,"poppler pdftotext 24.02.0 -layout, per page; entry boundaries by visible ""N."" numbering",RAW-OCCURRENCE; NOT-AUTHORITATIVE-RAW-LEDGER
REF-112,112,6,ART-001,1,https://www.fieldnoteswithryan.com/recommendations,https://www.fieldnoteswithryan.com/recommendations,False,False,EXS-056,1,112,False,,5862b2ebb31289f3db7068135cd4e412c95c0788c81b93e52cbd828df9033ba6,"poppler pdftotext 24.02.0 -layout, per page; entry boundaries by visible ""N."" numbering",RAW-OCCURRENCE; NOT-AUTHORITATIVE-RAW-LEDGER
REF-113,113,6,ART-001,1,https://investingbpd.substack.com/,https://investingbpd.substack.com/,False,False,EXS-057,1,113,False,,d37b94f8dafa1eede98d4d0c171a2fec262b927d30f72d66a00b6bdd1b151c40,"poppler pdftotext 24.02.0 -layout, per page; entry boundaries by visible ""N."" numbering",RAW-OCCURRENCE; NOT-AUTHORITATIVE-RAW-LEDGER
REF-114,114,6,ART-001,1,https://secretagentfed.substack.com/p/xlvi-the-tayyite-succession-how-muhammad,https://secretagentfed.substack.com/p/xlvi-the-tayyite-succession-how-muhammad,False,False,EXS-027,4,27,False,,0512427096164d0d416fb7465dfec3dae47799e8950a918a85f2cbb527e08cde,"poppler pdftotext 24.02.0 -layout, per page; entry boundaries by visible ""N."" numbering",RAW-OCCURRENCE; NOT-AUTHORITATIVE-RAW-LEDGER
REF-115,115,6,ART-001,1,https://undercognitiveload.substack.com/p/the-explanatory-ledger,https://undercognitiveload.substack.com/p/the-explanatory-ledger,False,False,EXS-058,1,115,False,,585fc1757600906fb189ec528533d2bc43b862482ac292630f17081806b753c9,"poppler pdftotext 24.02.0 -layout, per page; entry boundaries by visible ""N."" numbering",RAW-OCCURRENCE; NOT-AUTHORITATIVE-RAW-LEDGER
REF-116,116,6,ART-001,1,https://preipomedia.substack.com/,https://preipomedia.substack.com/,False,False,EXS-059,1,116,False,,f5ea0e831f2d450059b84120ed6739ebf9be21f6666c26bf80ed0e58a7317708,"poppler pdftotext 24.02.0 -layout, per page; entry boundaries by visible ""N."" numbering",RAW-OCCURRENCE; NOT-AUTHORITATIVE-RAW-LEDGER
REF-117,117,6,ART-001,1,https://post.substack.com/,https://post.substack.com/,False,False,EXS-031,4,31,False,,573531dd624b784cd5ca8ac3b4f24488a5f6febcd1c5d07eef0dbf7bcbadf6bc,"poppler pdftotext 24.02.0 -layout, per page; entry boundaries by visible ""N."" numbering",RAW-OCCURRENCE; NOT-AUTHORITATIVE-RAW-LEDGER
REF-118,118,7,ART-001,1,https://substack.com/@auditorsubvenio714910,https://substack.com/@auditorsubvenio714910,False,False,EXS-060,1,118,False,,b6f8f432a14186f3a9726ef547b35fedc2a7fc467072ffb083a986121e1ee557,"poppler pdftotext 24.02.0 -layout, per page; entry boundaries by visible ""N."" numbering",RAW-OCCURRENCE; NOT-AUTHORITATIVE-RAW-LEDGER
REF-119,119,7,ART-001,1,https://secretagentfed.substack.com/p/xlviii-the-tayyite-succession-how?r=946r7f,https://secretagentfed.substack.com/p/xlviii-the-tayyite-succession-how?r=946r7f,False,False,EXS-029,4,29,False,,6b3f7df8b69e7650a168eaf10033ba8a190a740150f7a4498d089efd5189f12c,"poppler pdftotext 24.02.0 -layout, per page; entry boundaries by visible ""N."" numbering",RAW-OCCURRENCE; NOT-AUTHORITATIVE-RAW-LEDGER
REF-120,120,7,ART-001,1,https://futureforecasters.substack.com/p/cosmic-ledger-week-in-review-9142025,https://futureforecasters.substack.com/p/cosmic-ledger-week-in-review-9142025,False,False,EXS-061,1,120,False,,92a198e1e72994471aaecaf7a512029b016dae7c820f7330a7140307c1d4eace,"poppler pdftotext 24.02.0 -layout, per page; entry boundaries by visible ""N."" numbering",RAW-OCCURRENCE; NOT-AUTHORITATIVE-RAW-LEDGER
REF-121,121,7,ART-001,1,https://substack.com/,https://substack.com/,False,False,EXS-030,4,30,False,,a6f7d6026320852be83bd11508794b40d0ae518e8ca347aac0000e73b1659eed,"poppler pdftotext 24.02.0 -layout, per page; entry boundaries by visible ""N."" numbering",RAW-OCCURRENCE; NOT-AUTHORITATIVE-RAW-LEDGER
REF-122,122,7,ART-001,1,https://substack.com/profile/350590849-igor/note/c-343540762,https://substack.com/profile/350590849-igor/note/c-343540762,False,False,EXS-062,1,122,False,,6198c0670c5eb8205bedb84640a553ba9a4a7d5d128052ee2f221505c765ddb2,"poppler pdftotext 24.02.0 -layout, per page; entry boundaries by visible ""N."" numbering",RAW-OCCURRENCE; NOT-AUTHORITATIVE-RAW-LEDGER
REF-123,123,7,ART-001,1,https://substack.com/@conspiracyofequals/note/c-354685485,https://substack.com/@conspiracyofequals/note/c-354685485,False,False,EXS-063,1,123,False,,73058364c89cec011a911c9d7d32dac7487e51986ade8b98794b4fc110c7ce87,"poppler pdftotext 24.02.0 -layout, per page; entry boundaries by visible ""N."" numbering",RAW-OCCURRENCE; NOT-AUTHORITATIVE-RAW-LEDGER
REF-124,124,7,ART-001,1,https://on.substack.com/archive,https://on.substack.com/archive,False,False,EXS-032,4,32,False,,ae5691c2896c69841caf1109dc7dd734138bf0b53cd23ec5c79dbe0888040d13,"poppler pdftotext 24.02.0 -layout, per page; entry boundaries by visible ""N."" numbering",RAW-OCCURRENCE; NOT-AUTHORITATIVE-RAW-LEDGER
REF-125,125,7,ART-001,1,https://seoulinside.substack.com/p/substack-weekly-this-weeks-must-reads,https://seoulinside.substack.com/p/substack-weekly-this-weeks-must-reads,False,False,EXS-028,4,28,False,,de32fdb20ab98699951687150d76ac52031732d4b29c383cf0d7a7e856b93785,"poppler pdftotext 24.02.0 -layout, per page; entry boundaries by visible ""N."" numbering",RAW-OCCURRENCE; NOT-AUTHORITATIVE-RAW-LEDGER
REF-126,126,7,ART-001,1,https://www.srf.ch/play/tv/popupvideoplayer?id=ca3ca017-da0d-41e2-96c8-f5a02b9b69ed,https://www.srf.ch/play/tv/popupvideoplayer?id=ca3ca017-da0d-41e2-96c8-f5a02b9b69ed,False,False,EXS-064,1,126,False,,56b36ddfec2d5f3de4a10f88e255be925b031a7c7b3c243ff15186394ddd00dc,"poppler pdftotext 24.02.0 -layout, per page; entry boundaries by visible ""N."" numbering",RAW-OCCURRENCE; NOT-AUTHORITATIVE-RAW-LEDGER
REF-127,127,7,ART-001,1,https://vault.fbi.gov/the-finders,https://vault.fbi.gov/the-finders,False,False,EXS-065,1,127,False,,ccd8f3b953c69a8e0e6686ff8c9c8562af4ad9a7f55c5197575d177c71c93aaa,"poppler pdftotext 24.02.0 -layout, per page; entry boundaries by visible ""N."" numbering",RAW-OCCURRENCE; NOT-AUTHORITATIVE-RAW-LEDGER
REF-128,128,7,ART-001,1,https://www.amazon.de/Dossier-Corroboration-Spreadsheet-Federal-Investigation/dp/1608881725,https://www.amazon.de/Dossier-Corroboration-Spreadsheet-Federal-Investigation/dp/1608881725,False,False,EXS-066,1,128,False,,cb6da536f943f276802caa01242c1d341539031b1468b058d247cd9d62d264f5,"poppler pdftotext 24.02.0 -layout, per page; entry boundaries by visible ""N."" numbering",RAW-OCCURRENCE; NOT-AUTHORITATIVE-RAW-LEDGER
REF-129,129,7,ART-001,1,https://www.palimpsest.info/data.html,https://www.palimpsest.info/data.html,False,False,EXS-067,1,129,False,,6db46b46f0ed6e8707d154d1e2d2731ad5a36f2b3621e92e6e688b6d107f816a,"poppler pdftotext 24.02.0 -layout, per page; entry boundaries by visible ""N."" numbering",RAW-OCCURRENCE; NOT-AUTHORITATIVE-RAW-LEDGER
REF-130,130,7,ART-001,1,https://evidenceatlas.ai/,https://evidenceatlas.ai/,False,False,EXS-068,1,130,False,,1eb9c8ca8821c7d9c1acfba445582cb5ec223f2ff0878c324267fee892f76ee6,"poppler pdftotext 24.02.0 -layout, per page; entry boundaries by visible ""N."" numbering",RAW-OCCURRENCE; NOT-AUTHORITATIVE-RAW-LEDGER
REF-131,131,7,ART-001,1,https://arxiv.org/pdf/1901.11498.pdf,https://arxiv.org/pdf/1901.11498.pdf,False,False,EXS-069,1,131,False,,1d47a287ea939d84a69ed129d1dfb61087895260d6be36e9dc1b1a614fa690b2,"poppler pdftotext 24.02.0 -layout, per page; entry boundaries by visible ""N."" numbering",RAW-OCCURRENCE; NOT-AUTHORITATIVE-RAW-LEDGER
REF-132,132,7,ART-001,1,https://arxiv.org/pdf/2109.02443.pdf,https://arxiv.org/pdf/2109.02443.pdf,False,False,EXS-070,1,132,False,,1351de97af93a79e461135e06e042bb85c398748f35c11bf3e5697358a44c876,"poppler pdftotext 24.02.0 -layout, per page; entry boundaries by visible ""N."" numbering",RAW-OCCURRENCE; NOT-AUTHORITATIVE-RAW-LEDGER
REF-133,133,7,ART-001,1,https://encyclopediaofstocks.substack.com/,https://encyclopediaofstocks.substack.com/,False,False,EXS-071,1,133,False,,2782d1c4b1eee5d5b335c9bbe1b0c18be5e001811eb0b5753e55f0cdc94b672d,"poppler pdftotext 24.02.0 -layout, per page; entry boundaries by visible ""N."" numbering",RAW-OCCURRENCE; NOT-AUTHORITATIVE-RAW-LEDGER
REF-134,134,7,ART-001,1,https://arxiv.org/pdf/2107.06296.pdf,https://arxiv.org/pdf/2107.06296.pdf,False,False,EXS-072,4,134,False,,d0a26e236f31073fd0eaf2e88b7dbc27d83ad06a6dce28796d4f2068be6e6f88,"poppler pdftotext 24.02.0 -layout, per page; entry boundaries by visible ""N."" numbering",RAW-OCCURRENCE; NOT-AUTHORITATIVE-RAW-LEDGER
REF-135,135,7,ART-001,1,https://substack.com/@revealedeye/note/c-221842058?r=1fcijz,https://substack.com/@revealedeye/note/c-221842058?r=1fcijz,False,False,EXS-073,4,135,False,,0454bec2758ff2df6edb8c9871a88c2e3d1bfc74c34b6e3c4a0c4646c8df2fb8,"poppler pdftotext 24.02.0 -layout, per page; entry boundaries by visible ""N."" numbering",RAW-OCCURRENCE; NOT-AUTHORITATIVE-RAW-LEDGER
REF-136,136,7,ART-001,1,https://help.atlasgov.com/hc/en-us/categories/360002074352-Knowledge-Base,https://help.atlasgov.com/hc/en-us/categories/360002074352-Knowledge-Base,False,False,EXS-074,1,136,False,,33f9847950854eb16023b97488594a40a9aa36ffbaf6a58143230652b4eb99d9,"poppler pdftotext 24.02.0 -layout, per page; entry boundaries by visible ""N."" numbering",RAW-OCCURRENCE; NOT-AUTHORITATIVE-RAW-LEDGER
REF-137,137,7,ART-001,1,https://canmyagentuse.com/atlas,https://canmyagentuse.com/atlas,False,False,EXS-075,4,137,False,,b7670d74948d5647b48c267e0b534acee938861aeea9734bfc504a5b357dd000,"poppler pdftotext 24.02.0 -layout, per page; entry boundaries by visible ""N."" numbering",RAW-OCCURRENCE; NOT-AUTHORITATIVE-RAW-LEDGER
REF-138,138,7,ART-001,1,https://canmyagentuse.com/atlas/sources,https://canmyagentuse.com/atlas/sources,False,False,EXS-076,4,138,False,,6dc94e64e36bb097e459a66e2dee573fd6c88982554e616ac20e0b138b5442b7,"poppler pdftotext 24.02.0 -layout, per page; entry boundaries by visible ""N."" numbering",RAW-OCCURRENCE; NOT-AUTHORITATIVE-RAW-LEDGER
REF-139,139,7,ART-001,1,https://vault.fbi.gov/,https://vault.fbi.gov/,False,False,EXS-077,4,139,False,,ac8221c4339cf09343b82deb6f98a3137a312c3f28cac317c3b277527a3a0e74,"poppler pdftotext 24.02.0 -layout, per page; entry boundaries by visible ""N."" numbering",RAW-OCCURRENCE; NOT-AUTHORITATIVE-RAW-LEDGER
REF-140,140,7,ART-001,1,https://arxiv.org/pdf/2211.10825.pdf,https://arxiv.org/pdf/2211.10825.pdf,False,False,EXS-078,4,140,False,,1e3a114c63ebe8c142abed18673ccaff10c42e5c0401fa8f2b21d264aedacc3e,"poppler pdftotext 24.02.0 -layout, per page; entry boundaries by visible ""N."" numbering",RAW-OCCURRENCE; NOT-AUTHORITATIVE-RAW-LEDGER
REF-141,141,7,ART-001,1,https://atlasecho.substack.com/,https://atlasecho.substack.com/,False,False,EXS-079,4,141,False,,4ccf51e9c389f4c35c5d2c0cebcd8d55ec21c12ecc1046004a10af68feab4713,"poppler pdftotext 24.02.0 -layout, per page; entry boundaries by visible ""N."" numbering",RAW-OCCURRENCE; NOT-AUTHORITATIVE-RAW-LEDGER
REF-142,142,7,ART-001,1,https://github.com/mitre-atlas/atlas-data/releases,https://github.com/mitre-atlas/atlas-data/releases,False,False,EXS-080,4,142,False,,33f68b0525fe5d63ad8d23e0fc13ce32fd7d5fe5f2a93be83813c719453c7420,"poppler pdftotext 24.02.0 -layout, per page; entry boundaries by visible ""N."" numbering",RAW-OCCURRENCE; NOT-AUTHORITATIVE-RAW-LEDGER
REF-143,143,7,ART-001,1,https://lab.ltd/evidence-atlas/,https://lab.ltd/evidence-atlas/,False,False,EXS-081,4,143,False,,e9b0d7407e03276a477c01b7b74f1c8b3a83d6fe383caac1014d9209e8605097,"poppler pdftotext 24.02.0 -layout, per page; entry boundaries by visible ""N."" numbering",RAW-OCCURRENCE; NOT-AUTHORITATIVE-RAW-LEDGER
REF-144,144,7,ART-001,1,https://trapilot.ai/geo/evidence,https://trapilot.ai/geo/evidence,False,False,EXS-082,4,144,False,,cacf500fbf4d3df3e0858a5ec007b3d049c9a16bc04c88b389f5a9b537db8e43,"poppler pdftotext 24.02.0 -layout, per page; entry boundaries by visible ""N."" numbering",RAW-OCCURRENCE; NOT-AUTHORITATIVE-RAW-LEDGER
REF-145,145,7,ART-001,1,https://robertinventor.online/booklets/debunking_doomsday_list.htm,https://robertinventor.online/booklets/debunking_doomsday_list.htm,False,False,EXS-083,4,145,False,,9c1984804fdbfb5dd27bad5c9cdd80ddf10cc80f7bbf9d3b55e675426607c44c,"poppler pdftotext 24.02.0 -layout, per page; entry boundaries by visible ""N."" numbering",RAW-OCCURRENCE; NOT-AUTHORITATIVE-RAW-LEDGER
REF-146,146,7,ART-001,1,https://unpublishablepapers.substack.com/feed,https://unpublishablepapers.substack.com/feed,False,False,EXS-084,4,146,False,,36dfee61bac360aaa8db8e3b4411daa91eb83969d1be9d0ee5d892c0b5e24728,"poppler pdftotext 24.02.0 -layout, per page; entry boundaries by visible ""N."" numbering",RAW-OCCURRENCE; NOT-AUTHORITATIVE-RAW-LEDGER
REF-147,147,7,ART-001,1,https://chainfeeds.substack.com/,https://chainfeeds.substack.com/,False,False,EXS-085,1,147,False,,a32b877cf0c8d3f15f7080969e87e6047012122c3af9a09460c80bce067f8ba4,"poppler pdftotext 24.02.0 -layout, per page; entry boundaries by visible ""N."" numbering",RAW-OCCURRENCE; NOT-AUTHORITATIVE-RAW-LEDGER
REF-148,148,7,ART-001,1,https://substack.com/@liedetector1,https://substack.com/@liedetector1,False,False,EXS-086,4,148,False,,6098488456b246e23e7ca06dfbe2bcb8c594c320286eb65f4e850ccca256c5c1,"poppler pdftotext 24.02.0 -layout, per page; entry boundaries by visible ""N."" numbering",RAW-OCCURRENCE; NOT-AUTHORITATIVE-RAW-LEDGER
REF-149,149,7,ART-001,1,https://substack.com/@factandfocus,https://substack.com/@factandfocus,False,False,EXS-087,4,149,False,,0516c77232a2c161c8ec852c979026dc45e9131148288ddcc5060ac0a28eb533,"poppler pdftotext 24.02.0 -layout, per page; entry boundaries by visible ""N."" numbering",RAW-OCCURRENCE; NOT-AUTHORITATIVE-RAW-LEDGER
REF-150,150,7,ART-001,1,https://secretagentfed.substack.com/about,https://secretagentfed.substack.com/about,False,False,EXS-088,4,150,False,,df38c351da54f5835120827c1e1a19a904a6583e458c666ca47156139320e87c,"poppler pdftotext 24.02.0 -layout, per page; entry boundaries by visible ""N."" numbering",RAW-OCCURRENCE; NOT-AUTHORITATIVE-RAW-LEDGER
REF-151,151,7,ART-001,1,https://secretagentfed.substack.com/archive,https://secretagentfed.substack.com/archive,False,False,EXS-089,4,151,False,,4d88c2d6130f0ce679d4c0b75256fe61d4203d6edb91973950cc20a70226491b,"poppler pdftotext 24.02.0 -layout, per page; entry boundaries by visible ""N."" numbering",RAW-OCCURRENCE; NOT-AUTHORITATIVE-RAW-LEDGER
REF-152,152,7,ART-001,1,https://thereceipts.ca/corrections/,https://thereceipts.ca/corrections/,False,False,EXS-090,4,152,False,,30bc2c16e7149f3e03cfb30220bafbf6dd4806c629c60254939fdc55e06ee7ea,"poppler pdftotext 24.02.0 -layout, per page; entry boundaries by visible ""N."" numbering",RAW-OCCURRENCE; NOT-AUTHORITATIVE-RAW-LEDGER
REF-153,153,7,ART-001,1,https://thefintechledger.substack.com/,https://thefintechledger.substack.com/,False,False,EXS-091,4,153,False,,d4572f309b7b17b8d1fb83575c08a287ac2a755c38d60271fc37ce1298da497c,"poppler pdftotext 24.02.0 -layout, per page; entry boundaries by visible ""N."" numbering",RAW-OCCURRENCE; NOT-AUTHORITATIVE-RAW-LEDGER
REF-154,154,7,ART-001,1,https://thebiotechledger.substack.com/,https://thebiotechledger.substack.com/,False,False,EXS-092,4,154,False,,af9d32e2520c11f2732a45e5bc420a713598b48aff907975aad3623e2888872c,"poppler pdftotext 24.02.0 -layout, per page; entry boundaries by visible ""N."" numbering",RAW-OCCURRENCE; NOT-AUTHORITATIVE-RAW-LEDGER
REF-155,155,8,ART-001,1,https://isoledger.substack.com/,https://isoledger.substack.com/,False,False,EXS-093,4,155,False,,e4397c76f67f3e1201edcd3c3727b23e67a1c0ee6bc9938400e15aa8a8beca52,"poppler pdftotext 24.02.0 -layout, per page; entry boundaries by visible ""N."" numbering",RAW-OCCURRENCE; NOT-AUTHORITATIVE-RAW-LEDGER
REF-156,156,8,ART-001,1,https://support.ledger.com/article/6178949486109-zd,https://support.ledger.com/article/6178949486109-zd,False,False,EXS-094,4,156,False,,c8530077bbb311fc276af49245db4bf9b2277fb5ca694190f729529d5b8a9a77,"poppler pdftotext 24.02.0 -layout, per page; entry boundaries by visible ""N."" numbering",RAW-OCCURRENCE; NOT-AUTHORITATIVE-RAW-LEDGER
REF-157,157,8,ART-001,1,https://spoonfedacademy.substack.com/leaderboard,https://spoonfedacademy.substack.com/leaderboard,False,False,EXS-095,4,157,False,,607246189cf8f2bae15312f2e83f08f5c7996a97d94980de873488ea3c10a5ec,"poppler pdftotext 24.02.0 -layout, per page; entry boundaries by visible ""N."" numbering",RAW-OCCURRENCE; NOT-AUTHORITATIVE-RAW-LEDGER
REF-158,158,8,ART-001,1,https://substack.com/@50501/note/c-288310319,https://substack.com/@50501/note/c-288310319,False,False,EXS-003,4,3,False,,d06bceb5e79e43e3fc5b66fcc72d16e9158e742a130d3048a0647551bf4c1830,"poppler pdftotext 24.02.0 -layout, per page; entry boundaries by visible ""N."" numbering",RAW-OCCURRENCE; NOT-AUTHORITATIVE-RAW-LEDGER
REF-159,159,8,ART-001,1,https://www.lxxvii.co/,https://www.lxxvii.co/,False,False,EXS-096,4,159,False,,ba4e8d116b04d78cff9439fc9339382e554b6b222552f79398a96ab6e2c65680,"poppler pdftotext 24.02.0 -layout, per page; entry boundaries by visible ""N."" numbering",RAW-OCCURRENCE; NOT-AUTHORITATIVE-RAW-LEDGER
REF-160,160,8,ART-001,1,https://unpaidledger.substack.com/,https://unpaidledger.substack.com/,False,False,EXS-097,4,160,False,,0ef619b0ba0df1cb3e27a97e7e6061be5be5aac81be12edd932f7804ec688f79,"poppler pdftotext 24.02.0 -layout, per page; entry boundaries by visible ""N."" numbering",RAW-OCCURRENCE; NOT-AUTHORITATIVE-RAW-LEDGER
REF-161,161,8,ART-001,1,https://fedbudgetguy.substack.com/,https://fedbudgetguy.substack.com/,False,False,EXS-098,4,161,False,,c90c68e786367fac0a14e8645826b1bbcfbcc0823ea1a96cb763abedaba24474,"poppler pdftotext 24.02.0 -layout, per page; entry boundaries by visible ""N."" numbering",RAW-OCCURRENCE; NOT-AUTHORITATIVE-RAW-LEDGER
REF-162,162,8,ART-001,1,https://www.sec.gov/Archives/edgar/data/1159508/000095010313004208/0000950103-13-004208.txt,https://www.sec.gov/Archives/edgar/data/1159508/000095010313004208/0000950103-13-004208.txt,False,False,EXS-099,4,162,False,,307038fac28393c8574daef2ade863cd4852573bd6f88af4fb54524eefabde2a,"poppler pdftotext 24.02.0 -layout, per page; entry boundaries by visible ""N."" numbering",RAW-OCCURRENCE; NOT-AUTHORITATIVE-RAW-LEDGER
REF-163,163,8,ART-001,1,https://www.sec.gov/Archives/edgar/data/1415020/0000912282-09-001586.txt,https://www.sec.gov/Archives/edgar/data/1415020/0000912282-09-001586.txt,False,False,EXS-100,4,163,False,,519e11743f2af121a4f6618d4960bf3e3db67899d64b51abc46d93b9c4a70303,"poppler pdftotext 24.02.0 -layout, per page; entry boundaries by visible ""N."" numbering",RAW-OCCURRENCE; NOT-AUTHORITATIVE-RAW-LEDGER
REF-164,164,8,ART-001,1,https://www.sec.gov/Archives/edgar/data/1535778/000153577820000050/0001535778-20-000050.txt,https://www.sec.gov/Archives/edgar/data/1535778/000153577820000050/0001535778-20-000050.txt,False,False,EXS-101,4,164,False,,0a37f733ace2c5694ec1e49b2091ebc2ef2b19b83c21656802361eae8c4b8693,"poppler pdftotext 24.02.0 -layout, per page; entry boundaries by visible ""N."" numbering",RAW-OCCURRENCE; NOT-AUTHORITATIVE-RAW-LEDGER
REF-165,165,8,ART-001,1,https://theneuralledger.com/corrections,https://theneuralledger.com/corrections,False,False,EXS-102,4,165,False,,2ffbe4b2521af044af640315c3018e037422deeef3cdf2276f84259ef6ab3f2c,"poppler pdftotext 24.02.0 -layout, per page; entry boundaries by visible ""N."" numbering",RAW-OCCURRENCE; NOT-AUTHORITATIVE-RAW-LEDGER
REF-166,166,8,ART-001,1,https://us-kb.sage.com/portal/app/portlets/results/view2.jsp?k2dockey=224924550063855,https://us-kb.sage.com/portal/app/portlets/results/view2.jsp?k2dockey=224924550063855,False,False,EXS-103,4,166,False,,763d61711fff5837fcd10f3c4e796e251ffdfbbaea6b4a723333d39ef0571eb3,"poppler pdftotext 24.02.0 -layout, per page; entry boundaries by visible ""N."" numbering",RAW-OCCURRENCE; NOT-AUTHORITATIVE-RAW-LEDGER
REF-167,167,8,ART-001,1,https://theforensicledger.net/,https://theforensicledger.net/,False,False,EXS-104,4,167,False,,2bd9a48843346ef88622581a3e58cef927c3d55d6c92c3aac6cef75c19c0c8cd,"poppler pdftotext 24.02.0 -layout, per page; entry boundaries by visible ""N."" numbering",RAW-OCCURRENCE; NOT-AUTHORITATIVE-RAW-LEDGER
REF-168,168,8,ART-001,1,https://www.sec.gov/Archives/edgar/data/1698113/000121390020019935/0001213900-20-019935.txt,https://www.sec.gov/Archives/edgar/data/1698113/000121390020019935/0001213900-20-019935.txt,False,False,EXS-105,4,168,False,,79d40454fd823065feb42bc2a334dc710656ce10ea3851530c8fd677e35c0599,"poppler pdftotext 24.02.0 -layout, per page; entry boundaries by visible ""N."" numbering",RAW-OCCURRENCE; NOT-AUTHORITATIVE-RAW-LEDGER
REF-169,169,8,ART-001,1,https://alexledger.substack.com/,https://alexledger.substack.com/,False,False,EXS-106,1,169,False,,102987ff1e77cb4be6fc0cc8ec26519f947c793231efb215846dc3bf1bbae04e,"poppler pdftotext 24.02.0 -layout, per page; entry boundaries by visible ""N."" numbering",RAW-OCCURRENCE; NOT-AUTHORITATIVE-RAW-LEDGER
REF-170,170,8,ART-001,1,https://www.sec.gov/Archives/edgar/data/895421/000095010312000443/0000950103-12-000443.txt,https://www.sec.gov/Archives/edgar/data/895421/000095010312000443/0000950103-12-000443.txt,False,False,EXS-107,4,170,False,,03844f0851d8e781d2c6114bc52f971659febc0a5850d2c16c99e016ffeaee38,"poppler pdftotext 24.02.0 -layout, per page; entry boundaries by visible ""N."" numbering",RAW-OCCURRENCE; NOT-AUTHORITATIVE-RAW-LEDGER
REF-171,171,8,ART-001,1,https://donjon.ledger.com/lsb/023/,https://donjon.ledger.com/lsb/023/,False,False,EXS-108,4,171,False,,77c44fdf2e424f27d5ddf0bc294c9ef10b9ddd41d5b4f4642462819fa55ae6fb,"poppler pdftotext 24.02.0 -layout, per page; entry boundaries by visible ""N."" numbering",RAW-OCCURRENCE; NOT-AUTHORITATIVE-RAW-LEDGER
REF-172,172,8,ART-001,1,https://www.sec.gov/Archives/edgar/data/721994/000072199420000007/0000721994-20-000007.txt,https://www.sec.gov/Archives/edgar/data/721994/000072199420000007/0000721994-20-000007.txt,False,False,EXS-109,4,172,False,,48f0fd33b7f6a845a3e692ec8e2fc24093eaa6498dada4f1d1405e4717fd4ab2,"poppler pdftotext 24.02.0 -layout, per page; entry boundaries by visible ""N."" numbering",RAW-OCCURRENCE; NOT-AUTHORITATIVE-RAW-LEDGER
REF-173,173,8,ART-001,2,https://wikis.mit.edu/confluence/download/attachments/101552355/Combined FIN Notes.xlsx?version=1&modificationDate=1415112305000&api=v2,https://wikis.mit.edu/confluence/download/attachments/101552355/Combined FIN Notes.xlsx? version=1&modificationDate=1415112305000&api=v2,True,True,EXS-110,4,173,False,,c7f328af98ff906b7735617acd0cb2763af3f8060c4d7e213f2cbaf80f50c8b6,"poppler pdftotext 24.02.0 -layout, per page; entry boundaries by visible ""N."" numbering",RAW-OCCURRENCE; NOT-AUTHORITATIVE-RAW-LEDGER
REF-174,174,8,ART-001,1,https://evidencecollective.substack.com/,https://evidencecollective.substack.com/,False,False,EXS-111,4,174,False,,19e8163384fbab37752cbf3691d11a2e4afaf566a663e4a257263a2105a2340f,"poppler pdftotext 24.02.0 -layout, per page; entry boundaries by visible ""N."" numbering",RAW-OCCURRENCE; NOT-AUTHORITATIVE-RAW-LEDGER
REF-175,175,8,ART-001,1,https://trusttheevidence.substack.com/,https://trusttheevidence.substack.com/,False,False,EXS-112,4,175,False,,22d8aa3ca85d253bd14bfeba9d2f90fd1645a176915d5f0567eb9d288393f5cc,"poppler pdftotext 24.02.0 -layout, per page; entry boundaries by visible ""N."" numbering",RAW-OCCURRENCE; NOT-AUTHORITATIVE-RAW-LEDGER
REF-176,176,8,ART-001,1,https://catalog.data.gov/dataset/?tags=account-reconciliation,https://catalog.data.gov/dataset/?tags=account-reconciliation,False,False,EXS-113,4,176,False,,500921a20925be9160392d08dc126182fcad41e0d9591b40b290ee8f5e2546ea,"poppler pdftotext 24.02.0 -layout, per page; entry boundaries by visible ""N."" numbering",RAW-OCCURRENCE; NOT-AUTHORITATIVE-RAW-LEDGER
REF-177,177,8,ART-001,1,https://exposed1.substack.com/p/evidence-locker-the-department-of,https://exposed1.substack.com/p/evidence-locker-the-department-of,False,False,EXS-114,4,177,False,,29a67db267be8905b766be7826c519d21faace37c9cd3f6c18c9e9b415ebbbdc,"poppler pdftotext 24.02.0 -layout, per page; entry boundaries by visible ""N."" numbering",RAW-OCCURRENCE; NOT-AUTHORITATIVE-RAW-LEDGER
REF-178,178,8,ART-001,1,https://evidenceofabsence.substack.com/,https://evidenceofabsence.substack.com/,False,False,EXS-115,4,178,False,,57e706526b1bea14354dd36f187a6fadddf8b2ec4aee9ef681e0ef5affba1b97,"poppler pdftotext 24.02.0 -layout, per page; entry boundaries by visible ""N."" numbering",RAW-OCCURRENCE; NOT-AUTHORITATIVE-RAW-LEDGER
REF-179,179,8,ART-001,1,https://evidencepress.org/ai/,https://evidencepress.org/ai/,False,False,EXS-116,4,179,False,,4d210950691eed4d6b4c7b126a09d64ff0352fe32da28de11e4aea3f30e95642,"poppler pdftotext 24.02.0 -layout, per page; entry boundaries by visible ""N."" numbering",RAW-OCCURRENCE; NOT-AUTHORITATIVE-RAW-LEDGER
REF-180,180,8,ART-001,1,https://atlaslimits.com/en/search,https://atlaslimits.com/en/search,False,False,EXS-117,1,180,False,,54e0b85318a0e1f238b679e97982da614cbed1784f037fccc8572e2b1b6dfb95,"poppler pdftotext 24.02.0 -layout, per page; entry boundaries by visible ""N."" numbering",RAW-OCCURRENCE; NOT-AUTHORITATIVE-RAW-LEDGER
REF-181,181,8,ART-001,1,https://thedivision-archive.fandom.com/wiki/Category:Evidence,https://thedivision-archive.fandom.com/wiki/Category:Evidence,False,False,EXS-118,4,181,False,,b58afa966c04c4b1000be60f4a1a72b9d1dfca5985b733c9b7f70824c7803c90,"poppler pdftotext 24.02.0 -layout, per page; entry boundaries by visible ""N."" numbering",RAW-OCCURRENCE; NOT-AUTHORITATIVE-RAW-LEDGER
REF-182,182,8,ART-001,1,https://play.google.com/store/apps/details?id=com.evidenceAtlas.android&hl=pl,https://play.google.com/store/apps/details?id=com.evidenceAtlas.android&hl=pl,False,False,EXS-119,4,182,False,,57a2f9245416a1ed4c9c95a2e5d9d30186b2b17916d04ec83de6e29875991fd1,"poppler pdftotext 24.02.0 -layout, per page; entry boundaries by visible ""N."" numbering",RAW-OCCURRENCE; NOT-AUTHORITATIVE-RAW-LEDGER
REF-183,183,8,ART-001,1,https://qed.online/wp-content/uploads/2018/09/EvidenceMgt.pdf,https://qed.online/wp-content/uploads/2018/09/EvidenceMgt.pdf,False,False,EXS-120,4,183,False,,a80fede93a8368f4c7a3f0a74d605dee42d87b9a84191eeaff344d1701a743df,"poppler pdftotext 24.02.0 -layout, per page; entry boundaries by visible ""N."" numbering",RAW-OCCURRENCE; NOT-AUTHORITATIVE-RAW-LEDGER
REF-184,184,8,ART-001,1,https://killchains.com/atlas.php,https://killchains.com/atlas.php,False,False,EXS-121,4,184,False,,39b22a03273311ae2f89570b71d57da4501571911669a61c493783668f17afea,"poppler pdftotext 24.02.0 -layout, per page; entry boundaries by visible ""N."" numbering",RAW-OCCURRENCE; NOT-AUTHORITATIVE-RAW-LEDGER
REF-185,185,8,ART-001,1,https://download.microsoft.com/download/2/c/4/2c453a0c-ea37-4b1e-97dc-5c16f15c4432/e_discovery_datasheet.pdf,https://download.microsoft.com/download/2/c/4/2c453a0c-ea37-4b1e-97dc-5c16f15c4432/e_discovery_datasheet.pdf,False,False,EXS-122,4,185,True,GLYPH-ft-AS-NUL,4bda21bd89c7866733b31511be5339ca18c428c0188ffd6b9f1a180d579bbc18,"poppler pdftotext 24.02.0 -layout, per page; entry boundaries by visible ""N."" numbering",RAW-OCCURRENCE; NOT-AUTHORITATIVE-RAW-LEDGER
REF-186,186,8,ART-001,1,https://davidmasters.substack.com/p/3i-atlas-something-terrifying-has,https://davidmasters.substack.com/p/3i-atlas-something-terrifying-has,False,False,EXS-123,4,186,False,,b17c959c941a1eb0123715eb556369e548fb78d374858b0d788119b9a2618d31,"poppler pdftotext 24.02.0 -layout, per page; entry boundaries by visible ""N."" numbering",RAW-OCCURRENCE; NOT-AUTHORITATIVE-RAW-LEDGER
REF-187,187,8,ART-001,1,https://chemtrails.substack.com/archive,https://chemtrails.substack.com/archive,False,False,EXS-006,4,6,False,,ea07b45f71616c7188f98ae841f64a8e2bfd8c8ccdf2ff7e5aa6d61b272815d9,"poppler pdftotext 24.02.0 -layout, per page; entry boundaries by visible ""N."" numbering",RAW-OCCURRENCE; NOT-AUTHORITATIVE-RAW-LEDGER
REF-188,188,8,ART-001,1,https://biblesecrets.substack.com/,https://biblesecrets.substack.com/,False,False,EXS-124,4,188,False,,33865f18f21c53a180deaab0704b91e58377bbc0ec7e0465860c76b43860be40,"poppler pdftotext 24.02.0 -layout, per page; entry boundaries by visible ""N."" numbering",RAW-OCCURRENCE; NOT-AUTHORITATIVE-RAW-LEDGER
REF-189,189,8,ART-001,1,https://evidencebyrelentless.substack.com/p/evidence-19,https://evidencebyrelentless.substack.com/p/evidence-19,False,False,EXS-125,4,189,False,,157219656a28b8fdcf08817c55cd647e8d4c11d2a555edbc924101a31a81fb60,"poppler pdftotext 24.02.0 -layout, per page; entry boundaries by visible ""N."" numbering",RAW-OCCURRENCE; NOT-AUTHORITATIVE-RAW-LEDGER
REF-190,190,8,ART-001,1,https://secretagentfed.substack.com/feed,https://secretagentfed.substack.com/feed,False,False,EXS-126,2,190,False,,459bd3bfedddaf479a6374544c0bfd4d3fac1995f9d47f485f9974d6258510c4,"poppler pdftotext 24.02.0 -layout, per page; entry boundaries by visible ""N."" numbering",RAW-OCCURRENCE; NOT-AUTHORITATIVE-RAW-LEDGER
REF-191,191,9,ART-001,1,https://muse.jhu.edu/pub/166/oa_monograph/chapter/3025023,https://muse.jhu.edu/pub/166/oa_monograph/chapter/3025023,False,False,EXS-127,1,191,False,,a724b73d8ffb5d6e31a5874c2352b111983b7ebd2433d2d5d53dcee16f70ef24,"poppler pdftotext 24.02.0 -layout, per page; entry boundaries by visible ""N."" numbering",RAW-OCCURRENCE; NOT-AUTHORITATIVE-RAW-LEDGER
REF-192,192,9,ART-001,1,https://secretagentfed.substack.com/p/lxxvii-the-correction-ledger-the,https://secretagentfed.substack.com/p/lxxvii-the-correction-ledger-the,False,False,EXS-128,4,192,False,,f6dbfb48ee96cab15ecf28bf00b12c4132c072109302244196ab9c6373693dba,"poppler pdftotext 24.02.0 -layout, per page; entry boundaries by visible ""N."" numbering",RAW-OCCURRENCE; NOT-AUTHORITATIVE-RAW-LEDGER
REF-193,193,9,ART-001,1,https://secretagentfed.substack.com/p/the-atlas-complete-master-reconciliation,https://secretagentfed.substack.com/p/the-atlas-complete-master-reconciliation,False,False,EXS-129,4,193,False,,587bc0420ccad106014923ee0b32e84f5aa279791ef602edd871cf6ec8a9219e,"poppler pdftotext 24.02.0 -layout, per page; entry boundaries by visible ""N."" numbering",RAW-OCCURRENCE; NOT-AUTHORITATIVE-RAW-LEDGER
REF-194,194,9,ART-001,1,https://secretagentfed.substack.com/p/evidence-atlas-of-early-islamic-arabian-e77,https://secretagentfed.substack.com/p/evidence-atlas-of-early-islamic-arabian-e77,False,False,EXS-130,4,194,False,,a56be58971dfcee8c2df35aae16115fd323289577a35e0132a7f6786eddcc2e3,"poppler pdftotext 24.02.0 -layout, per page; entry boundaries by visible ""N."" numbering",RAW-OCCURRENCE; NOT-AUTHORITATIVE-RAW-LEDGER
REF-195,195,9,ART-001,1,https://secretagentfed.substack.com/p/evidence-atlas-of-early-islamic-arabian-6bd,https://secretagentfed.substack.com/p/evidence-atlas-of-early-islamic-arabian-6bd,False,False,EXS-131,4,195,False,,99342d4a7779f764683c4133e73bf02b518f651c647fde7336e5c445e30291c4,"poppler pdftotext 24.02.0 -layout, per page; entry boundaries by visible ""N."" numbering",RAW-OCCURRENCE; NOT-AUTHORITATIVE-RAW-LEDGER
REF-196,196,9,ART-001,1,http://aghalibrary.com/storage/books/1611653144_AghaLibrary.pdf,http://aghalibrary.com/storage/books/1611653144_AghaLibrary.pdf,False,False,EXS-132,4,196,False,,6401da4fbb1894d94f6dc329ab7b2a652baa0a479239c431221bc6e907c463d2,"poppler pdftotext 24.02.0 -layout, per page; entry boundaries by visible ""N."" numbering",RAW-OCCURRENCE; NOT-AUTHORITATIVE-RAW-LEDGER
REF-197,197,9,ART-001,1,https://www.yumpu.com/en/document/view/68308919/atlas-collection,https://www.yumpu.com/en/document/view/68308919/atlas-collection,False,False,EXS-133,4,197,False,,a0058e6265f451f831d1507d2debd22c19315039576dcbafb4aebffdc0864857,"poppler pdftotext 24.02.0 -layout, per page; entry boundaries by visible ""N."" numbering",RAW-OCCURRENCE; NOT-AUTHORITATIVE-RAW-LEDGER
REF-198,198,9,ART-001,1,https://dspace.spbu.ru/collections/bd3d2939-8fa1-4510-bf07-e32d0ab00103,https://dspace.spbu.ru/collections/bd3d2939-8fa1-4510-bf07-e32d0ab00103,False,False,EXS-134,4,198,False,,0853f7627b9b9fdeec84b64c3aca346dc52dae0eae372a3ef954632191d7cbfa,"poppler pdftotext 24.02.0 -layout, per page; entry boundaries by visible ""N."" numbering",RAW-OCCURRENCE; NOT-AUTHORITATIVE-RAW-LEDGER
REF-199,199,9,ART-001,1,https://ismi.mpiwg-berlin.mpg.de/search,https://ismi.mpiwg-berlin.mpg.de/search,False,False,EXS-135,4,199,False,,9b49322408a12aa752c6ef8be966faf1015792ceef543eacca041cfce04ad7f3,"poppler pdftotext 24.02.0 -layout, per page; entry boundaries by visible ""N."" numbering",RAW-OCCURRENCE; NOT-AUTHORITATIVE-RAW-LEDGER
REF-200,200,9,ART-001,1,https://es.slideshare.net/slideshow/atlas-67688150/67688150,https://es.slideshare.net/slideshow/atlas-67688150/67688150,False,False,EXS-136,4,200,False,,70b505f087445e7151123ad19cd44e379a9025410478f9267a330eb5fd32a95b,"poppler pdftotext 24.02.0 -layout, per page; entry boundaries by visible ""N."" numbering",RAW-OCCURRENCE; NOT-AUTHORITATIVE-RAW-LEDGER
REF-201,201,9,ART-001,1,https://tile.loc.gov/storage-services/master/gdc/gdcebookspublic/20/20/42/61/22/2020426122/2020426122.pdf,https://tile.loc.gov/storage-services/master/gdc/gdcebookspublic/20/20/42/61/22/2020426122/2020426122.pdf,False,False,EXS-137,4,201,False,,3d524fe23e1e44eb200fa3e90259b9803e90e855f31f7a19cd22d69f7fde1766,"poppler pdftotext 24.02.0 -layout, per page; entry boundaries by visible ""N."" numbering",RAW-OCCURRENCE; NOT-AUTHORITATIVE-RAW-LEDGER
REF-202,202,9,ART-001,1,https://secretagentfed.substack.com/feed,https://secretagentfed.substack.com/feed,False,False,EXS-126,2,190,False,,459bd3bfedddaf479a6374544c0bfd4d3fac1995f9d47f485f9974d6258510c4,"poppler pdftotext 24.02.0 -layout, per page; entry boundaries by visible ""N."" numbering",RAW-OCCURRENCE; NOT-AUTHORITATIVE-RAW-LEDGER
REF-203,203,9,ART-001,1,https://chromewebstore.google.com/detail/substack-archive-search-s/nfilihaooibglgilhcnipnifjjoeaenb,https://chromewebstore.google.com/detail/substack-archive-search-s/nfilihaooibglgilhcnipnifjjoeaenb,False,False,EXS-138,1,203,False,,6e5d4a26e9c504ed83d7021b76ab849ecf658258bf523977bf94000fbb3c7173,"poppler pdftotext 24.02.0 -layout, per page; entry boundaries by visible ""N."" numbering",RAW-OCCURRENCE; NOT-AUTHORITATIVE-RAW-LEDGER
REF-204,204,9,ART-001,1,https://isoledger.substack.com/,https://isoledger.substack.com/,False,False,EXS-093,4,155,False,,e4397c76f67f3e1201edcd3c3727b23e67a1c0ee6bc9938400e15aa8a8beca52,"poppler pdftotext 24.02.0 -layout, per page; entry boundaries by visible ""N."" numbering",RAW-OCCURRENCE; NOT-AUTHORITATIVE-RAW-LEDGER
REF-205,205,9,ART-001,1,https://support.ledger.com/article/6178949486109-zd,https://support.ledger.com/article/6178949486109-zd,False,False,EXS-094,4,156,False,,c8530077bbb311fc276af49245db4bf9b2277fb5ca694190f729529d5b8a9a77,"poppler pdftotext 24.02.0 -layout, per page; entry boundaries by visible ""N."" numbering",RAW-OCCURRENCE; NOT-AUTHORITATIVE-RAW-LEDGER
REF-206,206,9,ART-001,1,https://spoonfedacademy.substack.com/leaderboard,https://spoonfedacademy.substack.com/leaderboard,False,False,EXS-095,4,157,False,,607246189cf8f2bae15312f2e83f08f5c7996a97d94980de873488ea3c10a5ec,"poppler pdftotext 24.02.0 -layout, per page; entry boundaries by visible ""N."" numbering",RAW-OCCURRENCE; NOT-AUTHORITATIVE-RAW-LEDGER
REF-207,207,9,ART-001,1,https://www.lxxvii.co/,https://www.lxxvii.co/,False,False,EXS-096,4,159,False,,ba4e8d116b04d78cff9439fc9339382e554b6b222552f79398a96ab6e2c65680,"poppler pdftotext 24.02.0 -layout, per page; entry boundaries by visible ""N."" numbering",RAW-OCCURRENCE; NOT-AUTHORITATIVE-RAW-LEDGER
REF-208,208,9,ART-001,1,https://unpaidledger.substack.com/,https://unpaidledger.substack.com/,False,False,EXS-097,4,160,False,,0ef619b0ba0df1cb3e27a97e7e6061be5be5aac81be12edd932f7804ec688f79,"poppler pdftotext 24.02.0 -layout, per page; entry boundaries by visible ""N."" numbering",RAW-OCCURRENCE; NOT-AUTHORITATIVE-RAW-LEDGER
REF-209,209,9,ART-001,1,https://fedbudgetguy.substack.com/,https://fedbudgetguy.substack.com/,False,False,EXS-098,4,161,False,,c90c68e786367fac0a14e8645826b1bbcfbcc0823ea1a96cb763abedaba24474,"poppler pdftotext 24.02.0 -layout, per page; entry boundaries by visible ""N."" numbering",RAW-OCCURRENCE; NOT-AUTHORITATIVE-RAW-LEDGER
REF-210,210,9,ART-001,1,https://www.sec.gov/Archives/edgar/data/1159508/000095010313004208/0000950103-13-004208.txt,https://www.sec.gov/Archives/edgar/data/1159508/000095010313004208/0000950103-13-004208.txt,False,False,EXS-099,4,162,False,,307038fac28393c8574daef2ade863cd4852573bd6f88af4fb54524eefabde2a,"poppler pdftotext 24.02.0 -layout, per page; entry boundaries by visible ""N."" numbering",RAW-OCCURRENCE; NOT-AUTHORITATIVE-RAW-LEDGER
REF-211,211,9,ART-001,1,https://www.sec.gov/Archives/edgar/data/1415020/0000912282-09-001586.txt,https://www.sec.gov/Archives/edgar/data/1415020/0000912282-09-001586.txt,False,False,EXS-100,4,163,False,,519e11743f2af121a4f6618d4960bf3e3db67899d64b51abc46d93b9c4a70303,"poppler pdftotext 24.02.0 -layout, per page; entry boundaries by visible ""N."" numbering",RAW-OCCURRENCE; NOT-AUTHORITATIVE-RAW-LEDGER
REF-212,212,9,ART-001,1,https://www.sec.gov/Archives/edgar/data/1535778/000153577820000050/0001535778-20-000050.txt,https://www.sec.gov/Archives/edgar/data/1535778/000153577820000050/0001535778-20-000050.txt,False,False,EXS-101,4,164,False,,0a37f733ace2c5694ec1e49b2091ebc2ef2b19b83c21656802361eae8c4b8693,"poppler pdftotext 24.02.0 -layout, per page; entry boundaries by visible ""N."" numbering",RAW-OCCURRENCE; NOT-AUTHORITATIVE-RAW-LEDGER
REF-213,213,9,ART-001,1,https://theneuralledger.com/corrections,https://theneuralledger.com/corrections,False,False,EXS-102,4,165,False,,2ffbe4b2521af044af640315c3018e037422deeef3cdf2276f84259ef6ab3f2c,"poppler pdftotext 24.02.0 -layout, per page; entry boundaries by visible ""N."" numbering",RAW-OCCURRENCE; NOT-AUTHORITATIVE-RAW-LEDGER
REF-214,214,9,ART-001,1,https://substack.com/sitemap,https://substack.com/sitemap,False,False,EXS-139,1,214,False,,c1a49f035c04482d6085f99bd1455b60ebd2a0f7e3442dc1345bd1a2d09281da,"poppler pdftotext 24.02.0 -layout, per page; entry boundaries by visible ""N."" numbering",RAW-OCCURRENCE; NOT-AUTHORITATIVE-RAW-LEDGER
REF-215,215,9,ART-001,1,https://us-kb.sage.com/portal/app/portlets/results/view2.jsp?k2dockey=224924550063855,https://us-kb.sage.com/portal/app/portlets/results/view2.jsp?k2dockey=224924550063855,False,False,EXS-103,4,166,False,,763d61711fff5837fcd10f3c4e796e251ffdfbbaea6b4a723333d39ef0571eb3,"poppler pdftotext 24.02.0 -layout, per page; entry boundaries by visible ""N."" numbering",RAW-OCCURRENCE; NOT-AUTHORITATIVE-RAW-LEDGER
REF-216,216,9,ART-001,1,https://theforensicledger.net/,https://theforensicledger.net/,False,False,EXS-104,4,167,False,,2bd9a48843346ef88622581a3e58cef927c3d55d6c92c3aac6cef75c19c0c8cd,"poppler pdftotext 24.02.0 -layout, per page; entry boundaries by visible ""N."" numbering",RAW-OCCURRENCE; NOT-AUTHORITATIVE-RAW-LEDGER
REF-217,217,9,ART-001,1,https://www.sec.gov/Archives/edgar/data/1698113/000121390020019935/0001213900-20-019935.txt,https://www.sec.gov/Archives/edgar/data/1698113/000121390020019935/0001213900-20-019935.txt,False,False,EXS-105,4,168,False,,79d40454fd823065feb42bc2a334dc710656ce10ea3851530c8fd677e35c0599,"poppler pdftotext 24.02.0 -layout, per page; entry boundaries by visible ""N."" numbering",RAW-OCCURRENCE; NOT-AUTHORITATIVE-RAW-LEDGER
REF-218,218,9,ART-001,1,https://www.sec.gov/Archives/edgar/data/895421/000095010312000443/0000950103-12-000443.txt,https://www.sec.gov/Archives/edgar/data/895421/000095010312000443/0000950103-12-000443.txt,False,False,EXS-107,4,170,False,,03844f0851d8e781d2c6114bc52f971659febc0a5850d2c16c99e016ffeaee38,"poppler pdftotext 24.02.0 -layout, per page; entry boundaries by visible ""N."" numbering",RAW-OCCURRENCE; NOT-AUTHORITATIVE-RAW-LEDGER
REF-219,219,9,ART-001,1,https://donjon.ledger.com/lsb/023/,https://donjon.ledger.com/lsb/023/,False,False,EXS-108,4,171,False,,77c44fdf2e424f27d5ddf0bc294c9ef10b9ddd41d5b4f4642462819fa55ae6fb,"poppler pdftotext 24.02.0 -layout, per page; entry boundaries by visible ""N."" numbering",RAW-OCCURRENCE; NOT-AUTHORITATIVE-RAW-LEDGER
REF-220,220,9,ART-001,1,https://www.sec.gov/Archives/edgar/data/721994/000072199420000007/0000721994-20-000007.txt,https://www.sec.gov/Archives/edgar/data/721994/000072199420000007/0000721994-20-000007.txt,False,False,EXS-109,4,172,False,,48f0fd33b7f6a845a3e692ec8e2fc24093eaa6498dada4f1d1405e4717fd4ab2,"poppler pdftotext 24.02.0 -layout, per page; entry boundaries by visible ""N."" numbering",RAW-OCCURRENCE; NOT-AUTHORITATIVE-RAW-LEDGER
REF-221,221,9,ART-001,2,https://wikis.mit.edu/confluence/download/attachments/101552355/Combined FIN Notes.xlsx?version=1&modificationDate=1415112305000&api=v2,https://wikis.mit.edu/confluence/download/attachments/101552355/Combined FIN Notes.xlsx? version=1&modificationDate=1415112305000&api=v2,True,True,EXS-110,4,173,False,,c7f328af98ff906b7735617acd0cb2763af3f8060c4d7e213f2cbaf80f50c8b6,"poppler pdftotext 24.02.0 -layout, per page; entry boundaries by visible ""N."" numbering",RAW-OCCURRENCE; NOT-AUTHORITATIVE-RAW-LEDGER
REF-222,222,9,ART-001,1,https://evidencecollective.substack.com/,https://evidencecollective.substack.com/,False,False,EXS-111,4,174,False,,19e8163384fbab37752cbf3691d11a2e4afaf566a663e4a257263a2105a2340f,"poppler pdftotext 24.02.0 -layout, per page; entry boundaries by visible ""N."" numbering",RAW-OCCURRENCE; NOT-AUTHORITATIVE-RAW-LEDGER
REF-223,223,9,ART-001,1,https://trusttheevidence.substack.com/,https://trusttheevidence.substack.com/,False,False,EXS-112,4,175,False,,22d8aa3ca85d253bd14bfeba9d2f90fd1645a176915d5f0567eb9d288393f5cc,"poppler pdftotext 24.02.0 -layout, per page; entry boundaries by visible ""N."" numbering",RAW-OCCURRENCE; NOT-AUTHORITATIVE-RAW-LEDGER
REF-224,224,9,ART-001,1,https://catalog.data.gov/dataset/?tags=account-reconciliation,https://catalog.data.gov/dataset/?tags=account-reconciliation,False,False,EXS-113,4,176,False,,500921a20925be9160392d08dc126182fcad41e0d9591b40b290ee8f5e2546ea,"poppler pdftotext 24.02.0 -layout, per page; entry boundaries by visible ""N."" numbering",RAW-OCCURRENCE; NOT-AUTHORITATIVE-RAW-LEDGER
REF-225,225,9,ART-001,1,https://on.substack.com/archive,https://on.substack.com/archive,False,False,EXS-032,4,32,False,,ae5691c2896c69841caf1109dc7dd734138bf0b53cd23ec5c79dbe0888040d13,"poppler pdftotext 24.02.0 -layout, per page; entry boundaries by visible ""N."" numbering",RAW-OCCURRENCE; NOT-AUTHORITATIVE-RAW-LEDGER
REF-226,226,9,ART-001,1,https://exposed1.substack.com/p/evidence-locker-the-department-of,https://exposed1.substack.com/p/evidence-locker-the-department-of,False,False,EXS-114,4,177,False,,29a67db267be8905b766be7826c519d21faace37c9cd3f6c18c9e9b415ebbbdc,"poppler pdftotext 24.02.0 -layout, per page; entry boundaries by visible ""N."" numbering",RAW-OCCURRENCE; NOT-AUTHORITATIVE-RAW-LEDGER
REF-227,227,10,ART-001,1,https://evidenceofabsence.substack.com/,https://evidenceofabsence.substack.com/,False,False,EXS-115,4,178,False,,57e706526b1bea14354dd36f187a6fadddf8b2ec4aee9ef681e0ef5affba1b97,"poppler pdftotext 24.02.0 -layout, per page; entry boundaries by visible ""N."" numbering",RAW-OCCURRENCE; NOT-AUTHORITATIVE-RAW-LEDGER
REF-228,228,10,ART-001,1,https://evidencepress.org/ai/,https://evidencepress.org/ai/,False,False,EXS-116,4,179,False,,4d210950691eed4d6b4c7b126a09d64ff0352fe32da28de11e4aea3f30e95642,"poppler pdftotext 24.02.0 -layout, per page; entry boundaries by visible ""N."" numbering",RAW-OCCURRENCE; NOT-AUTHORITATIVE-RAW-LEDGER
REF-229,229,10,ART-001,1,https://thedivision-archive.fandom.com/wiki/Category:Evidence,https://thedivision-archive.fandom.com/wiki/Category:Evidence,False,False,EXS-118,4,181,False,,b58afa966c04c4b1000be60f4a1a72b9d1dfca5985b733c9b7f70824c7803c90,"poppler pdftotext 24.02.0 -layout, per page; entry boundaries by visible ""N."" numbering",RAW-OCCURRENCE; NOT-AUTHORITATIVE-RAW-LEDGER
REF-230,230,10,ART-001,1,https://play.google.com/store/apps/details?id=com.evidenceAtlas.android&hl=pl,https://play.google.com/store/apps/details?id=com.evidenceAtlas.android&hl=pl,False,False,EXS-119,4,182,False,,57a2f9245416a1ed4c9c95a2e5d9d30186b2b17916d04ec83de6e29875991fd1,"poppler pdftotext 24.02.0 -layout, per page; entry boundaries by visible ""N."" numbering",RAW-OCCURRENCE; NOT-AUTHORITATIVE-RAW-LEDGER
REF-231,231,10,ART-001,1,https://qed.online/wp-content/uploads/2018/09/EvidenceMgt.pdf,https://qed.online/wp-content/uploads/2018/09/EvidenceMgt.pdf,False,False,EXS-120,4,183,False,,a80fede93a8368f4c7a3f0a74d605dee42d87b9a84191eeaff344d1701a743df,"poppler pdftotext 24.02.0 -layout, per page; entry boundaries by visible ""N."" numbering",RAW-OCCURRENCE; NOT-AUTHORITATIVE-RAW-LEDGER
REF-232,232,10,ART-001,1,https://killchains.com/atlas.php,https://killchains.com/atlas.php,False,False,EXS-121,4,184,False,,39b22a03273311ae2f89570b71d57da4501571911669a61c493783668f17afea,"poppler pdftotext 24.02.0 -layout, per page; entry boundaries by visible ""N."" numbering",RAW-OCCURRENCE; NOT-AUTHORITATIVE-RAW-LEDGER
REF-233,233,10,ART-001,1,https://download.microsoft.com/download/2/c/4/2c453a0c-ea37-4b1e-97dc-5c16f15c4432/e_discovery_datasheet.pdf,https://download.microsoft.com/download/2/c/4/2c453a0c-ea37-4b1e-97dc-5c16f15c4432/e_discovery_datasheet.pdf,False,False,EXS-122,4,185,True,GLYPH-ft-AS-NUL,4bda21bd89c7866733b31511be5339ca18c428c0188ffd6b9f1a180d579bbc18,"poppler pdftotext 24.02.0 -layout, per page; entry boundaries by visible ""N."" numbering",RAW-OCCURRENCE; NOT-AUTHORITATIVE-RAW-LEDGER
REF-234,234,10,ART-001,1,https://davidmasters.substack.com/p/3i-atlas-something-terrifying-has,https://davidmasters.substack.com/p/3i-atlas-something-terrifying-has,False,False,EXS-123,4,186,False,,b17c959c941a1eb0123715eb556369e548fb78d374858b0d788119b9a2618d31,"poppler pdftotext 24.02.0 -layout, per page; entry boundaries by visible ""N."" numbering",RAW-OCCURRENCE; NOT-AUTHORITATIVE-RAW-LEDGER
REF-235,235,10,ART-001,1,https://biblesecrets.substack.com/,https://biblesecrets.substack.com/,False,False,EXS-124,4,188,False,,33865f18f21c53a180deaab0704b91e58377bbc0ec7e0465860c76b43860be40,"poppler pdftotext 24.02.0 -layout, per page; entry boundaries by visible ""N."" numbering",RAW-OCCURRENCE; NOT-AUTHORITATIVE-RAW-LEDGER
REF-236,236,10,ART-001,1,https://substack.com/@50501/note/c-288310319,https://substack.com/@50501/note/c-288310319,False,False,EXS-003,4,3,False,,d06bceb5e79e43e3fc5b66fcc72d16e9158e742a130d3048a0647551bf4c1830,"poppler pdftotext 24.02.0 -layout, per page; entry boundaries by visible ""N."" numbering",RAW-OCCURRENCE; NOT-AUTHORITATIVE-RAW-LEDGER
REF-237,237,10,ART-001,1,https://evidencebyrelentless.substack.com/p/evidence-19,https://evidencebyrelentless.substack.com/p/evidence-19,False,False,EXS-125,4,189,False,,157219656a28b8fdcf08817c55cd647e8d4c11d2a555edbc924101a31a81fb60,"poppler pdftotext 24.02.0 -layout, per page; entry boundaries by visible ""N."" numbering",RAW-OCCURRENCE; NOT-AUTHORITATIVE-RAW-LEDGER
REF-238,238,10,ART-001,1,https://secretagentfed.substack.com/p/lxxvii-the-correction-ledger-the,https://secretagentfed.substack.com/p/lxxvii-the-correction-ledger-the,False,False,EXS-128,4,192,False,,f6dbfb48ee96cab15ecf28bf00b12c4132c072109302244196ab9c6373693dba,"poppler pdftotext 24.02.0 -layout, per page; entry boundaries by visible ""N."" numbering",RAW-OCCURRENCE; NOT-AUTHORITATIVE-RAW-LEDGER
REF-239,239,10,ART-001,1,https://secretagentfed.substack.com/p/the-atlas-complete-master-reconciliation,https://secretagentfed.substack.com/p/the-atlas-complete-master-reconciliation,False,False,EXS-129,4,193,False,,587bc0420ccad106014923ee0b32e84f5aa279791ef602edd871cf6ec8a9219e,"poppler pdftotext 24.02.0 -layout, per page; entry boundaries by visible ""N."" numbering",RAW-OCCURRENCE; NOT-AUTHORITATIVE-RAW-LEDGER
REF-240,240,10,ART-001,1,https://secretagentfed.substack.com/p/evidence-atlas-of-early-islamic-arabian-e77,https://secretagentfed.substack.com/p/evidence-atlas-of-early-islamic-arabian-e77,False,False,EXS-130,4,194,False,,a56be58971dfcee8c2df35aae16115fd323289577a35e0132a7f6786eddcc2e3,"poppler pdftotext 24.02.0 -layout, per page; entry boundaries by visible ""N."" numbering",RAW-OCCURRENCE; NOT-AUTHORITATIVE-RAW-LEDGER
REF-241,241,10,ART-001,1,https://secretagentfed.substack.com/p/evidence-atlas-of-early-islamic-arabian-6bd,https://secretagentfed.substack.com/p/evidence-atlas-of-early-islamic-arabian-6bd,False,False,EXS-131,4,195,False,,99342d4a7779f764683c4133e73bf02b518f651c647fde7336e5c445e30291c4,"poppler pdftotext 24.02.0 -layout, per page; entry boundaries by visible ""N."" numbering",RAW-OCCURRENCE; NOT-AUTHORITATIVE-RAW-LEDGER
REF-242,242,10,ART-001,1,http://aghalibrary.com/storage/books/1611653144_AghaLibrary.pdf,http://aghalibrary.com/storage/books/1611653144_AghaLibrary.pdf,False,False,EXS-132,4,196,False,,6401da4fbb1894d94f6dc329ab7b2a652baa0a479239c431221bc6e907c463d2,"poppler pdftotext 24.02.0 -layout, per page; entry boundaries by visible ""N."" numbering",RAW-OCCURRENCE; NOT-AUTHORITATIVE-RAW-LEDGER
REF-243,243,10,ART-001,1,https://www.yumpu.com/en/document/view/68308919/atlas-collection,https://www.yumpu.com/en/document/view/68308919/atlas-collection,False,False,EXS-133,4,197,False,,a0058e6265f451f831d1507d2debd22c19315039576dcbafb4aebffdc0864857,"poppler pdftotext 24.02.0 -layout, per page; entry boundaries by visible ""N."" numbering",RAW-OCCURRENCE; NOT-AUTHORITATIVE-RAW-LEDGER
REF-244,244,10,ART-001,1,https://dspace.spbu.ru/collections/bd3d2939-8fa1-4510-bf07-e32d0ab00103,https://dspace.spbu.ru/collections/bd3d2939-8fa1-4510-bf07-e32d0ab00103,False,False,EXS-134,4,198,False,,0853f7627b9b9fdeec84b64c3aca346dc52dae0eae372a3ef954632191d7cbfa,"poppler pdftotext 24.02.0 -layout, per page; entry boundaries by visible ""N."" numbering",RAW-OCCURRENCE; NOT-AUTHORITATIVE-RAW-LEDGER
REF-245,245,10,ART-001,1,https://ismi.mpiwg-berlin.mpg.de/search,https://ismi.mpiwg-berlin.mpg.de/search,False,False,EXS-135,4,199,False,,9b49322408a12aa752c6ef8be966faf1015792ceef543eacca041cfce04ad7f3,"poppler pdftotext 24.02.0 -layout, per page; entry boundaries by visible ""N."" numbering",RAW-OCCURRENCE; NOT-AUTHORITATIVE-RAW-LEDGER
REF-246,246,10,ART-001,1,https://es.slideshare.net/slideshow/atlas-67688150/67688150,https://es.slideshare.net/slideshow/atlas-67688150/67688150,False,False,EXS-136,4,200,False,,70b505f087445e7151123ad19cd44e379a9025410478f9267a330eb5fd32a95b,"poppler pdftotext 24.02.0 -layout, per page; entry boundaries by visible ""N."" numbering",RAW-OCCURRENCE; NOT-AUTHORITATIVE-RAW-LEDGER
REF-247,247,10,ART-001,1,https://substack.com/@thesecretagent,https://substack.com/@thesecretagent,False,False,EXS-140,1,247,False,,fb735602bb8934e8bc2b56050f9da4bcbcb2e24cd86f0747373918f53b7c1b3f,"poppler pdftotext 24.02.0 -layout, per page; entry boundaries by visible ""N."" numbering",RAW-OCCURRENCE; NOT-AUTHORITATIVE-RAW-LEDGER
REF-248,248,10,ART-001,1,https://tile.loc.gov/storage-services/master/gdc/gdcebookspublic/20/20/42/61/22/2020426122/2020426122.pdf,https://tile.loc.gov/storage-services/master/gdc/gdcebookspublic/20/20/42/61/22/2020426122/2020426122.pdf,False,False,EXS-137,4,201,False,,3d524fe23e1e44eb200fa3e90259b9803e90e855f31f7a19cd22d69f7fde1766,"poppler pdftotext 24.02.0 -layout, per page; entry boundaries by visible ""N."" numbering",RAW-OCCURRENCE; NOT-AUTHORITATIVE-RAW-LEDGER
REF-249,249,10,ART-001,1,https://www.islamic-awareness.org/history/islam/inscriptions/earlyislam.html,https://www.islamic-awareness.org/history/islam/inscriptions/earlyislam.html,False,False,EXS-034,4,67,False,,a3b37ee7bdc5dee164ed8e4a481ccd419d522da6b840fa36feb44fc0bc70a212,"poppler pdftotext 24.02.0 -layout, per page; entry boundaries by visible ""N."" numbering",RAW-OCCURRENCE; NOT-AUTHORITATIVE-RAW-LEDGER
REF-250,250,10,ART-001,2,https://archive.org/stream/TheHiddenOriginsOfIslamNewResearchIntoItsEarlyHistory/The Hidden Origins of Islam -New Research into Its Early History_djvu.txt,https://archive.org/stream/TheHiddenOriginsOfIslamNewResearchIntoItsEarlyHistory/The Hidden Origins of Islam - New Research into Its Early History_djvu.txt,True,True,EXS-035,4,68,False,,a51917bf7e6228b7e952c0f4369b9f31a4f8a51f378bb48ea744da0727cb1a32,"poppler pdftotext 24.02.0 -layout, per page; entry boundaries by visible ""N."" numbering",RAW-OCCURRENCE; NOT-AUTHORITATIVE-RAW-LEDGER
REF-251,251,10,ART-001,1,https://almuslih.org/wp-content/uploads/2024/11/Lindstedt-I-–-Pre-Islamic-Arabia-and-Early-Islam.pdf,https://almuslih.org/wp-content/uploads/2024/11/Lindstedt-I-–-Pre-Islamic-Arabia-and-Early-Islam.pdf,False,False,EXS-036,4,69,False,,fe8c7b66e82ac4ebf39450beea2bb2805f9acc0ca798e1c1205dad0e7528ca6b,"poppler pdftotext 24.02.0 -layout, per page; entry boundaries by visible ""N."" numbering",RAW-OCCURRENCE; NOT-AUTHORITATIVE-RAW-LEDGER
REF-252,252,10,ART-001,1,https://ia801506.us.archive.org/21/items/in.ernet.dli.2015.13564/2015.13564.History-Of-The-Arabs_text.pdf,https://ia801506.us.archive.org/21/items/in.ernet.dli.2015.13564/2015.13564.History-Of-The-Arabs_text.pdf,False,False,EXS-037,4,70,False,,ace18433b2200a7272c36476059f176c1a53a06b784b533c1eece97c735f5568,"poppler pdftotext 24.02.0 -layout, per page; entry boundaries by visible ""N."" numbering",RAW-OCCURRENCE; NOT-AUTHORITATIVE-RAW-LEDGER
REF-253,253,10,ART-001,1,https://api.pageplace.de/preview/DT0400.9781474408271_A49299938/preview-9781474408271_A49299938.pdf,https://api.pageplace.de/preview/DT0400.9781474408271_A49299938/preview-9781474408271_A49299938.pdf,False,False,EXS-038,4,71,False,,672fc55ee45a41671a29a5fc56e714644c3033c3a8d5b93067c7e795bf42c31a,"poppler pdftotext 24.02.0 -layout, per page; entry boundaries by visible ""N."" numbering",RAW-OCCURRENCE; NOT-AUTHORITATIVE-RAW-LEDGER
REF-254,254,10,ART-001,1,https://brill.com/display/book/9789004687134/BP000001.xml,https://brill.com/display/book/9789004687134/BP000001.xml,False,False,EXS-039,4,72,False,,925bb8e57334963a1a835f603facf78f0c78b2e7f7d034bd08d8242ff23b49c1,"poppler pdftotext 24.02.0 -layout, per page; entry boundaries by visible ""N."" numbering",RAW-OCCURRENCE; NOT-AUTHORITATIVE-RAW-LEDGER
REF-255,255,10,ART-001,1,https://brill.com/downloadpdf/display/book/9789004687134/BP000001.pdf,https://brill.com/downloadpdf/display/book/9789004687134/BP000001.pdf,False,False,EXS-040,4,73,False,,48982bdd932ce443cc53b2d23acfdf210113c01dcb5b19db2f80021bc072067d,"poppler pdftotext 24.02.0 -layout, per page; entry boundaries by visible ""N."" numbering",RAW-OCCURRENCE; NOT-AUTHORITATIVE-RAW-LEDGER
REF-256,256,10,ART-001,1,https://ora.ox.ac.uk/objects/uuid:7a5c31c1-059a-4f5f-8b86-bb89b11f143a/files/d6395w7791,https://ora.ox.ac.uk/objects/uuid:7a5c31c1-059a-4f5f-8b86-bb89b11f143a/files/d6395w7791,False,False,EXS-041,4,74,False,,aafcb6dc986f95884553b9260f5492d9f55d848eb05bfc72086b965179308dee,"poppler pdftotext 24.02.0 -layout, per page; entry boundaries by visible ""N."" numbering",RAW-OCCURRENCE; NOT-AUTHORITATIVE-RAW-LEDGER
REF-257,257,10,ART-001,2,https://islamspring2012.voices.wooster.edu/wp-content/uploads/sites/192/2018/09/johns_archaeology-and-history-of-early-islam-1.pdf,https://islamspring2012.voices.wooster.edu/wp-content/uploads/sites/192/2018/09/johns_archaeology-and-history-of -early-islam-1.pdf,True,False,EXS-042,4,75,False,,5276a765b5eb143c63de668118730293ea75a9b10f647fa38a97c925bc3a29bd,"poppler pdftotext 24.02.0 -layout, per page; entry boundaries by visible ""N."" numbering",RAW-OCCURRENCE; NOT-AUTHORITATIVE-RAW-LEDGER
REF-258,258,10,ART-001,1,https://cescube.com/search,https://cescube.com/search,False,False,EXS-141,1,258,False,,1f862be97de0f53899ba0ca74a28beb4924a2be3d41040b2aa4ce44507c01fc0,"poppler pdftotext 24.02.0 -layout, per page; entry boundaries by visible ""N."" numbering",RAW-OCCURRENCE; NOT-AUTHORITATIVE-RAW-LEDGER
REF-259,259,10,ART-001,1,https://academic.oup.com/edited-volume/34293/chapter/290722454,https://academic.oup.com/edited-volume/34293/chapter/290722454,False,False,EXS-043,4,76,False,,952de7db6f4a7d64d542e3481bad146de215f42cef2d7d3ad421787c28cd80b9,"poppler pdftotext 24.02.0 -layout, per page; entry boundaries by visible ""N."" numbering",RAW-OCCURRENCE; NOT-AUTHORITATIVE-RAW-LEDGER
REF-260,260,10,ART-001,1,https://www.cia.gov/readingroom/search/site/CIA-RDP96-00788R001700210016,https://www.cia.gov/readingroom/search/site/CIA-RDP96-00788R001700210016,False,False,EXS-045,4,78,False,,c1560d14d4903bf222d0a04f66ed6e1620243c1d1104b2b62f687496089f1065,"poppler pdftotext 24.02.0 -layout, per page; entry boundaries by visible ""N."" numbering",RAW-OCCURRENCE; NOT-AUTHORITATIVE-RAW-LEDGER
REF-261,261,10,ART-001,1,https://redef.com/source/56a6f5a258cd06842f4246fd,https://redef.com/source/56a6f5a258cd06842f4246fd,False,False,EXS-046,4,79,False,,79918ff259edc4d6ec7b792a247891c9fe09d9e8f07f19201489236fee5a5ddc,"poppler pdftotext 24.02.0 -layout, per page; entry boundaries by visible ""N."" numbering",RAW-OCCURRENCE; NOT-AUTHORITATIVE-RAW-LEDGER
REF-262,262,11,ART-001,1,https://www.academia.edu/Documents/in/Secret_archives/MostCited,https://www.academia.edu/Documents/in/Secret_archives/MostCited,False,False,EXS-047,4,80,False,,f07d6c89b7a2c8bfb94f97cfea67c43d59bbb876104013999836817cf9edd240,"poppler pdftotext 24.02.0 -layout, per page; entry boundaries by visible ""N."" numbering",RAW-OCCURRENCE; NOT-AUTHORITATIVE-RAW-LEDGER
REF-263,263,11,ART-001,1,https://muse.jhu.edu/pub/5/oa_monograph/chapter/2181243,https://muse.jhu.edu/pub/5/oa_monograph/chapter/2181243,False,False,EXS-048,4,81,False,,258e88b7c1640ad5e84b8eb905736f417f57f1d9174e405329b7ca5f1582ecea,"poppler pdftotext 24.02.0 -layout, per page; entry boundaries by visible ""N."" numbering",RAW-OCCURRENCE; NOT-AUTHORITATIVE-RAW-LEDGER
REF-264,264,11,ART-001,1,https://www.amazon.com.au/Disclosure-Military-Government-Witnesses-Greatest/dp/0967323819,https://www.amazon.com.au/Disclosure-Military-Government-Witnesses-Greatest/dp/0967323819,False,False,EXS-049,4,82,False,,f6ebe364aba23f54b094605124f8ba32078ebdae284cfee2e4c2f009a250961a,"poppler pdftotext 24.02.0 -layout, per page; entry boundaries by visible ""N."" numbering",RAW-OCCURRENCE; NOT-AUTHORITATIVE-RAW-LEDGER
REF-265,265,11,ART-001,1,https://substack.com/@secretagentfed,https://substack.com/@secretagentfed,False,False,EXS-001,6,1,False,,1a4afadf1edb5d2806c018d5a3e365c52adde5bfc7d1e2db5407b95a912dec61,"poppler pdftotext 24.02.0 -layout, per page; entry boundaries by visible ""N."" numbering",RAW-OCCURRENCE; NOT-AUTHORITATIVE-RAW-LEDGER
REF-266,266,11,ART-001,1,https://secretagentfed.substack.com/,https://secretagentfed.substack.com/,False,False,EXS-012,6,12,False,,a6e13c3f5f2eb0d6701f01f5d042d3b7634252093977046bfc0e19d4c7b73ab1,"poppler pdftotext 24.02.0 -layout, per page; entry boundaries by visible ""N."" numbering",RAW-OCCURRENCE; NOT-AUTHORITATIVE-RAW-LEDGER
REF-267,267,11,ART-001,2,http://teachmiddleeast.lib.uchicago.edu/historical-perspectives/rulership-and-justice/islamic-period/essay/essay-02.html,http://teachmiddleeast.lib.uchicago.edu/historical-perspectives/rulership-and-justice/islamic-period/essay/essay-02.h tml,True,False,EXS-002,6,2,False,,9c3dcd9fe5d3b4d4f8386c4c1e36113c8ea2629287a2b429c50554cba0f949da,"poppler pdftotext 24.02.0 -layout, per page; entry boundaries by visible ""N."" numbering",RAW-OCCURRENCE; NOT-AUTHORITATIVE-RAW-LEDGER
REF-268,268,11,ART-001,1,https://www.yumpu.com/en/document/view/33323425/muhammad,https://www.yumpu.com/en/document/view/33323425/muhammad,False,False,EXS-004,6,4,False,,bf9cb572951cdf724119c86494bcaa5a536cf2149eec24c54899a1a8274e1388,"poppler pdftotext 24.02.0 -layout, per page; entry boundaries by visible ""N."" numbering",RAW-OCCURRENCE; NOT-AUTHORITATIVE-RAW-LEDGER
REF-269,269,11,ART-001,1,https://greenwald.substack.com/archive,https://greenwald.substack.com/archive,False,False,EXS-142,1,269,False,,e8a86856da6522269dec43531f6a5c222ca1ad73aa5971ddfc6c3da6fe49ae72,"poppler pdftotext 24.02.0 -layout, per page; entry boundaries by visible ""N."" numbering",RAW-OCCURRENCE; NOT-AUTHORITATIVE-RAW-LEDGER
REF-270,270,11,ART-001,1,https://substack.com/top/news,https://substack.com/top/news,False,False,EXS-005,6,5,False,,199efac3cf714b076690c865a579db16b80d05860b30901c16e32e537bcba9eb,"poppler pdftotext 24.02.0 -layout, per page; entry boundaries by visible ""N."" numbering",RAW-OCCURRENCE; NOT-AUTHORITATIVE-RAW-LEDGER
REF-271,271,11,ART-001,1,https://andrewsullivan.substack.com/feed,https://andrewsullivan.substack.com/feed,False,False,EXS-007,6,7,False,,252b1c9a89a1dbfd24dc8fee3f7ef694764832e778eb7292084ed4239d8b7b21,"poppler pdftotext 24.02.0 -layout, per page; entry boundaries by visible ""N."" numbering",RAW-OCCURRENCE; NOT-AUTHORITATIVE-RAW-LEDGER
REF-272,272,11,ART-001,1,https://substack.com/@ym12265855,https://substack.com/@ym12265855,False,False,EXS-008,6,8,False,,639530baea31e4d88f4bbe2e7a4b4fc4f57d4c3f692fe2d72edab29ab596eb06,"poppler pdftotext 24.02.0 -layout, per page; entry boundaries by visible ""N."" numbering",RAW-OCCURRENCE; NOT-AUTHORITATIVE-RAW-LEDGER
REF-273,273,11,ART-001,1,https://muse.jhu.edu/pub/320/oa_monograph/chapter/2581109,https://muse.jhu.edu/pub/320/oa_monograph/chapter/2581109,False,False,EXS-009,6,9,False,,3bc6027bd8f4f4845e14856fef5a8a1f6def9a83678d79c322e5a319b994c325,"poppler pdftotext 24.02.0 -layout, per page; entry boundaries by visible ""N."" numbering",RAW-OCCURRENCE; NOT-AUTHORITATIVE-RAW-LEDGER
REF-274,274,11,ART-001,1,https://api.substack.com/feed/podcast/1300522.rss,https://api.substack.com/feed/podcast/1300522.rss,False,False,EXS-011,6,11,False,,564aa946f7daea76da312f3be4ae27282d322a5513688d21c15a2f56e837e2e1,"poppler pdftotext 24.02.0 -layout, per page; entry boundaries by visible ""N."" numbering",RAW-OCCURRENCE; NOT-AUTHORITATIVE-RAW-LEDGER
REF-275,275,11,ART-001,1,https://al-islam.org/media/popular?page=79,https://al-islam.org/media/popular?page=79,False,False,EXS-014,6,14,False,,d66ae17879827009b2277df3acdff228a1df867cb51258527990fe9cc7e0980c,"poppler pdftotext 24.02.0 -layout, per page; entry boundaries by visible ""N."" numbering",RAW-OCCURRENCE; NOT-AUTHORITATIVE-RAW-LEDGER
REF-276,276,11,ART-001,1,https://www.cambridge.org/core/books/succession-to-muhammad/1F8CA4D35B362EF97EE20004F53763B2,https://www.cambridge.org/core/books/succession-to-muhammad/1F8CA4D35B362EF97EE20004F53763B2,False,False,EXS-015,6,15,False,,7d3c1fddfcd77ee6afcc6070727b12bc0baf8377791b7ef5eeba79978172e621,"poppler pdftotext 24.02.0 -layout, per page; entry boundaries by visible ""N."" numbering",RAW-OCCURRENCE; NOT-AUTHORITATIVE-RAW-LEDGER
REF-277,277,11,ART-001,1,https://sau.posthaven.com/archive?date=1646092800,https://sau.posthaven.com/archive?date=1646092800,False,False,EXS-016,6,16,False,,09061f017f81a7389670b8a6c779077c8aa2650e908248f2d9aa0c87ec765a5c,"poppler pdftotext 24.02.0 -layout, per page; entry boundaries by visible ""N."" numbering",RAW-OCCURRENCE; NOT-AUTHORITATIVE-RAW-LEDGER
REF-278,278,11,ART-001,1,https://substack.com/@sallyekus,https://substack.com/@sallyekus,False,False,EXS-017,6,17,False,,7dca3371dee711aba62b0dd62bf6a82e44122faa99fd6caf8bf9d97cfb33e34e,"poppler pdftotext 24.02.0 -layout, per page; entry boundaries by visible ""N."" numbering",RAW-OCCURRENCE; NOT-AUTHORITATIVE-RAW-LEDGER
REF-279,279,11,ART-001,1,https://substack.com/@mssnfutminna/note/c-354820152,https://substack.com/@mssnfutminna/note/c-354820152,False,False,EXS-018,6,18,False,,3ca5b88ba32c434c3917c3a3d9b115b704168ce787bc92d1cc717eb7223a993f,"poppler pdftotext 24.02.0 -layout, per page; entry boundaries by visible ""N."" numbering",RAW-OCCURRENCE; NOT-AUTHORITATIVE-RAW-LEDGER
REF-280,280,11,ART-001,1,https://succession.substack.com/,https://succession.substack.com/,False,False,EXS-143,1,280,False,,19301e6b92462f52f16c8820570646d2ff0da40e4a5882f3661e2be5ed048c0a,"poppler pdftotext 24.02.0 -layout, per page; entry boundaries by visible ""N."" numbering",RAW-OCCURRENCE; NOT-AUTHORITATIVE-RAW-LEDGER
REF-281,281,11,ART-001,1,https://substack.com/@fedorito,https://substack.com/@fedorito,False,False,EXS-019,6,19,False,,762ed7ada3cf238bd37aaf3ccb939002337d991431d43c908fbcec87811db301,"poppler pdftotext 24.02.0 -layout, per page; entry boundaries by visible ""N."" numbering",RAW-OCCURRENCE; NOT-AUTHORITATIVE-RAW-LEDGER
REF-282,282,11,ART-001,1,https://api.substack.com/feed/podcast/28308.rss,https://api.substack.com/feed/podcast/28308.rss,False,False,EXS-020,6,20,False,,5e4e40aabab96aceddf6f2690279973723783df9d0dc4a72355fb9304886bc28,"poppler pdftotext 24.02.0 -layout, per page; entry boundaries by visible ""N."" numbering",RAW-OCCURRENCE; NOT-AUTHORITATIVE-RAW-LEDGER
REF-283,283,11,ART-001,1,https://en.wikipedia.org/wiki/Succession_to_Muhammad,https://en.wikipedia.org/wiki/Succession_to_Muhammad,False,False,EXS-021,6,21,False,,84f46d0a68464f4a66436d1eab2ba1f1aeee9a3b760eeba25bdbd0ae12c2422a,"poppler pdftotext 24.02.0 -layout, per page; entry boundaries by visible ""N."" numbering",RAW-OCCURRENCE; NOT-AUTHORITATIVE-RAW-LEDGER
REF-284,284,11,ART-001,1,https://substack.com/@secretstrategist,https://substack.com/@secretstrategist,False,False,EXS-022,6,22,False,,d969ade93a4121e51fe42f3882af645c68f140a05a198532db5863cfa5325104,"poppler pdftotext 24.02.0 -layout, per page; entry boundaries by visible ""N."" numbering",RAW-OCCURRENCE; NOT-AUTHORITATIVE-RAW-LEDGER
REF-285,285,11,ART-001,1,https://notionpress.com/in/read/men-who-carried-islam-forward,https://notionpress.com/in/read/men-who-carried-islam-forward,False,False,EXS-024,6,24,False,,e76700e50c15a17a0b030d224c14c365eb38e5975757002d55da43a402ed65ed,"poppler pdftotext 24.02.0 -layout, per page; entry boundaries by visible ""N."" numbering",RAW-OCCURRENCE; NOT-AUTHORITATIVE-RAW-LEDGER
REF-286,286,11,ART-001,2,https://archive.org/stream/TheSuccessionToMuhammadByWilferdMadelung/The Succession to Muhammad by WilferdMadelung_djvu.txt,https://archive.org/stream/TheSuccessionToMuhammadByWilferdMadelung/The Succession to Muhammad by Wilferd Madelung_djvu.txt,True,True,EXS-025,6,25,False,,68c58a785b71224892adaa415eb5ae4001d3193fe5ec5e7bdc94484899503d3f,"poppler pdftotext 24.02.0 -layout, per page; entry boundaries by visible ""N."" numbering",RAW-OCCURRENCE; NOT-AUTHORITATIVE-RAW-LEDGER
REF-287,287,11,ART-001,1,https://www.cambridge.org/core/books/muhammads-heirs/8CBC3BC09A66C47E0F114311B09BF725,https://www.cambridge.org/core/books/muhammads-heirs/8CBC3BC09A66C47E0F114311B09BF725,False,False,EXS-026,6,26,False,,893ba223d8f7ecc5c4328ad50b38affd3886c37f4b645e2c973a0786bcbcda17,"poppler pdftotext 24.02.0 -layout, per page; entry boundaries by visible ""N."" numbering",RAW-OCCURRENCE; NOT-AUTHORITATIVE-RAW-LEDGER
REF-288,288,11,ART-001,1,https://substack.com/@subelo/note/c-355475114,https://substack.com/@subelo/note/c-355475114,False,False,EXS-144,1,288,False,,21d700234a8b42bf8b544d578ad2eff119b48db229b637bd0a4cef2f81ecde07,"poppler pdftotext 24.02.0 -layout, per page; entry boundaries by visible ""N."" numbering",RAW-OCCURRENCE; NOT-AUTHORITATIVE-RAW-LEDGER
REF-289,289,11,ART-001,1,https://substack.com/saved,https://substack.com/saved,False,False,EXS-145,1,289,False,,4f19cdb115e3ad582eeac6fb28be4d4d474ce913e735899f4d91c3cf14d9b68d,"poppler pdftotext 24.02.0 -layout, per page; entry boundaries by visible ""N."" numbering",RAW-OCCURRENCE; NOT-AUTHORITATIVE-RAW-LEDGER
REF-290,290,11,ART-001,1,https://secretagentfed.substack.com/archive?offset=20&limit=100,https://secretagentfed.substack.com/archive?offset=20&limit=100,False,False,EXS-146,1,290,True,LIGATURE-CODEPOINT-RETAINED,e40cf905d6610157921d81a5bad06d6259a0316cc94ff1ab6bb46b4f6b7fbb41,"poppler pdftotext 24.02.0 -layout, per page; entry boundaries by visible ""N."" numbering",RAW-OCCURRENCE; NOT-AUTHORITATIVE-RAW-LEDGER
REF-291,291,11,ART-001,1,https://www.tella.com/definition/archive,https://www.tella.com/definition/archive,False,False,EXS-147,1,291,False,,df555364427484e815281639a0094a2862e9f072eba1ddd1b737df18600ae29f,"poppler pdftotext 24.02.0 -layout, per page; entry boundaries by visible ""N."" numbering",RAW-OCCURRENCE; NOT-AUTHORITATIVE-RAW-LEDGER
REF-292,292,11,ART-001,1,https://thespyanalyst.substack.com/archive,https://thespyanalyst.substack.com/archive,False,False,EXS-148,1,292,False,,359eab67122da6bab0e6ea97b53a6bc897221269ed0b16569f421cdd422f8ecd,"poppler pdftotext 24.02.0 -layout, per page; entry boundaries by visible ""N."" numbering",RAW-OCCURRENCE; NOT-AUTHORITATIVE-RAW-LEDGER
REF-293,293,11,ART-001,1,https://faq.substack.com/archive,https://faq.substack.com/archive,False,False,EXS-149,1,293,False,,e4cdb5245768c156f888c97c2ae6904f274fda37225a0a001ad5ebdaf619adc0,"poppler pdftotext 24.02.0 -layout, per page; entry boundaries by visible ""N."" numbering",RAW-OCCURRENCE; NOT-AUTHORITATIVE-RAW-LEDGER
REF-294,294,11,ART-001,1,https://www.browse.ai/t/extract-stories-substack-publication-archive,https://www.browse.ai/t/extract-stories-substack-publication-archive,False,False,EXS-150,1,294,False,,0ab5be1c46d4fb9c65dae602671c881925a5544f6250ac35c368b9d64f7b4248,"poppler pdftotext 24.02.0 -layout, per page; entry boundaries by visible ""N."" numbering",RAW-OCCURRENCE; NOT-AUTHORITATIVE-RAW-LEDGER
REF-295,295,11,ART-001,1,https://superfriends.fandom.com/wiki/Secret_Agent?action=history,https://superfriends.fandom.com/wiki/Secret_Agent?action=history,False,False,EXS-151,1,295,False,,694c407f1e9b6502614512a1642504c7ffbe7e4b8f129238451f02f36c5f2538,"poppler pdftotext 24.02.0 -layout, per page; entry boundaries by visible ""N."" numbering",RAW-OCCURRENCE; NOT-AUTHORITATIVE-RAW-LEDGER
REF-296,296,11,ART-001,1,https://chemtrails.substack.com/archive,https://chemtrails.substack.com/archive,False,False,EXS-006,4,6,False,,ea07b45f71616c7188f98ae841f64a8e2bfd8c8ccdf2ff7e5aa6d61b272815d9,"poppler pdftotext 24.02.0 -layout, per page; entry boundaries by visible ""N."" numbering",RAW-OCCURRENCE; NOT-AUTHORITATIVE-RAW-LEDGER
REF-297,297,12,ART-001,1,https://conrad.thefreelibrary.com/The-Secret-Agent,https://conrad.thefreelibrary.com/The-Secret-Agent,False,False,EXS-152,1,297,False,,c2199679f402ba458c2733500b8ca17439736866eb42e62ab2a221887a2f6c65,"poppler pdftotext 24.02.0 -layout, per page; entry boundaries by visible ""N."" numbering",RAW-OCCURRENCE; NOT-AUTHORITATIVE-RAW-LEDGER
REF-298,298,12,ART-001,1,https://on.substack.com/s/news/archive,https://on.substack.com/s/news/archive,False,False,EXS-153,1,298,False,,da4697d396ae658b63872f8b202f3b68a42f37bac8232d9c7e5427c3cf48c513,"poppler pdftotext 24.02.0 -layout, per page; entry boundaries by visible ""N."" numbering",RAW-OCCURRENCE; NOT-AUTHORITATIVE-RAW-LEDGER
REF-299,299,12,ART-001,1,https://wonderingaboutai.substack.com/p/i-built-a-chrome-extension-to-manage,https://wonderingaboutai.substack.com/p/i-built-a-chrome-extension-to-manage,False,False,EXS-154,1,299,False,,5975651ee53ef6539f54c1bdcc605aeb2e76207adca9a7c649066e9850f70b7e,"poppler pdftotext 24.02.0 -layout, per page; entry boundaries by visible ""N."" numbering",RAW-OCCURRENCE; NOT-AUTHORITATIVE-RAW-LEDGER
REF-300,300,12,ART-001,1,https://substack.com/@trissues/note/c-326976991,https://substack.com/@trissues/note/c-326976991,False,False,EXS-155,1,300,False,,de6928a3118d0be3c1d372e60570703becf3ad5d3d9ab3f766f5f9df46a502ce,"poppler pdftotext 24.02.0 -layout, per page; entry boundaries by visible ""N."" numbering",RAW-OCCURRENCE; NOT-AUTHORITATIVE-RAW-LEDGER
REF-301,301,12,ART-001,1,https://secretagentfed.substack.com/archive?sort=new&search=&offset=0&limit=50,https://secretagentfed.substack.com/archive?sort=new&search=&offset=0&limit=50,False,False,EXS-156,1,301,True,LIGATURE-CODEPOINT-RETAINED,399a8707523db73b585bee2313b0cbc73d9e9a47743edf96e879dcf96a7dde2f,"poppler pdftotext 24.02.0 -layout, per page; entry boundaries by visible ""N."" numbering",RAW-OCCURRENCE; NOT-AUTHORITATIVE-RAW-LEDGER
REF-302,302,12,ART-001,1,https://substack.com/@taibbi/note/c-216767658,https://substack.com/@taibbi/note/c-216767658,False,False,EXS-157,1,302,False,,9e51052075b3ce5f7e5d0c02889ec1d0443ea1e55f71804fd61d609056898b3a,"poppler pdftotext 24.02.0 -layout, per page; entry boundaries by visible ""N."" numbering",RAW-OCCURRENCE; NOT-AUTHORITATIVE-RAW-LEDGER
REF-303,303,12,ART-001,7,https://substackcdn.com/video_upload/post/185345898/38dc21d8-5c2f-4ab0-bb3e-a5f957c8ba50/transcoded.mp3?post_id=185345898&relation=podcast&Expires=1790463143&Key-Pair-Id=APKAIVDA3NPSMPSPESQQ&Signature=XpBCElcYQsTYcgTt6AlLyj7b8kNue-uNh4DQi8m9rn0xVDCozZK1HcC08y7l6Z6IUpYRRwmhwyZNSXcm4en4oLpjTR3p7MK1TMxO-w5tfUBlstH-mgWoLDxVZNrjzmZKVewn7vI8-w0fehlepFuHmk1YUeegU27GMLFBdsFWCXivOPHtj3XDTGzSsMSlR9nmnJvkSCMww--aR7gBL5dSpRFiE7jwAiqYp9HVajR91pFpLepgB7PIHO7ZcihfD0L6XVp6214MgaXIFeZz0RgZQybZe1tFaGInXcpPHgxb12Q8aOu-nNO6TbI9umT9fHwKBXQ7y0kpnPsl0w__,https://substackcdn.com/video_upload/post/185345898/38dc21d8-5c2f-4ab0-bb3e-a5f957c8ba50/transcoded.mp3?p ost_id=185345898&relation=podcast&Expires=1790463143&Key-Pair-Id=APKAIVDA3NPSMPSPESQQ&Signature=XpBCEl cYQsTYcgTt6AlLyj7b8kNue-uNh4DQi8m9rn0xVDCozZK1HcC08y7l6Z6IUpYRRwmhwyZNSXcm4en 4oLpjTR3p7MK1TMxO-w5tfUBlstH-mgWoLDxVZNrjzmZKVewn7vI8- w0fehlepFuHmk1YUeegU27GMLFBdsFWCXivOPHtj3XDTGzSsMSlR9nmnJvkSCMww-- aR7gBL5dSpRFiE7jwAiqYp9HVajR91pFpLepgB7PIHO7ZcihfD0L6XVp6214MgaXIFeZz0RgZQybZe1tFaGInXcpPH gxb12Q8aOu-nNO6TbI9umT9fHwKBXQ7y0kpnPsl0w__,True,False,EXS-158,1,303,True,CONTENT-STREAM-ORDER-LOSS(tail fragments of signed URL missing),83e793d3c8fef5b37a975e77401939108546d5d35508f1795ed94879496afcb6,"poppler pdftotext 24.02.0 -layout, per page; entry boundaries by visible ""N."" numbering",RAW-OCCURRENCE; NOT-AUTHORITATIVE-RAW-LEDGER
REF-304,304,12,ART-001,1,https://substack.com/,https://substack.com/,False,False,EXS-030,4,30,False,,a6f7d6026320852be83bd11508794b40d0ae518e8ca347aac0000e73b1659eed,"poppler pdftotext 24.02.0 -layout, per page; entry boundaries by visible ""N."" numbering",RAW-OCCURRENCE; NOT-AUTHORITATIVE-RAW-LEDGER
REF-305,305,12,ART-001,1,https://subclub.substack.com/archive,https://subclub.substack.com/archive,False,False,EXS-159,1,305,False,,d99894c0deac6720332cbc886468324d7ff01c63fa74613b16430039a0d6c163,"poppler pdftotext 24.02.0 -layout, per page; entry boundaries by visible ""N."" numbering",RAW-OCCURRENCE; NOT-AUTHORITATIVE-RAW-LEDGER
REF-306,306,12,ART-001,1,https://github.com/alexferrari88/sbstck-dl,https://github.com/alexferrari88/sbstck-dl,False,False,EXS-160,1,306,False,,078768c740800a77d5ef41ffbca0a9d6221b9ab913eae7026d0182e8301f24a1,"poppler pdftotext 24.02.0 -layout, per page; entry boundaries by visible ""N."" numbering",RAW-OCCURRENCE; NOT-AUTHORITATIVE-RAW-LEDGER
REF-307,307,12,ART-001,1,https://threadgrab.com/en/blog/substack-newsletter-archive-rss-2026,https://threadgrab.com/en/blog/substack-newsletter-archive-rss-2026,False,False,EXS-161,1,307,False,,9b6e3e72b50bc23a93d7d124963b09d2422ef0e54f13742372541a80b1f4444c,"poppler pdftotext 24.02.0 -layout, per page; entry boundaries by visible ""N."" numbering",RAW-OCCURRENCE; NOT-AUTHORITATIVE-RAW-LEDGER
REF-308,308,12,ART-001,1,https://on.substack.com/feed,https://on.substack.com/feed,False,False,EXS-013,4,13,False,,5e4f0239f667fb4d72c139af074824fc9cf75ba28918d73773cab7d3486b52d2,"poppler pdftotext 24.02.0 -layout, per page; entry boundaries by visible ""N."" numbering",RAW-OCCURRENCE; NOT-AUTHORITATIVE-RAW-LEDGER
REF-309,309,12,ART-001,1,https://tysmtgblog.substack.com/,https://tysmtgblog.substack.com/,False,False,EXS-162,1,309,False,,20c20082c0c0ed00eed7852789e96e29375ba774d8a926a4107b78de6ad85013,"poppler pdftotext 24.02.0 -layout, per page; entry boundaries by visible ""N."" numbering",RAW-OCCURRENCE; NOT-AUTHORITATIVE-RAW-LEDGER
REF-310,310,12,ART-001,1,https://thesequence.substack.com/archive,https://thesequence.substack.com/archive,False,False,EXS-163,1,310,False,,49278df9616ca07dbcc3db06335d41c623e707249dc71c799c7e8851a90786b7,"poppler pdftotext 24.02.0 -layout, per page; entry boundaries by visible ""N."" numbering",RAW-OCCURRENCE; NOT-AUTHORITATIVE-RAW-LEDGER
REF-311,311,12,ART-001,1,https://www.sec.gov/Archives/edgar/data/40730/0000950124-08-001042.txt,https://www.sec.gov/Archives/edgar/data/40730/0000950124-08-001042.txt,False,False,EXS-164,1,311,False,,206e3a23b048ea00fdbaa7384b47862792d024cab047b599f1906c6a5a5bae21,"poppler pdftotext 24.02.0 -layout, per page; entry boundaries by visible ""N."" numbering",RAW-OCCURRENCE; NOT-AUTHORITATIVE-RAW-LEDGER
REF-312,312,12,ART-001,1,https://secretagentfed.substack.com/p/xlvi-the-tayyite-succession-how-muhammad,https://secretagentfed.substack.com/p/xlvi-the-tayyite-succession-how-muhammad,False,False,EXS-027,4,27,False,,0512427096164d0d416fb7465dfec3dae47799e8950a918a85f2cbb527e08cde,"poppler pdftotext 24.02.0 -layout, per page; entry boundaries by visible ""N."" numbering",RAW-OCCURRENCE; NOT-AUTHORITATIVE-RAW-LEDGER
REF-313,313,12,ART-001,1,https://substack.com/about,https://substack.com/about,False,False,EXS-165,1,313,False,,3a36cd85e140dd33134eff4f64115e01eab37747a59a1e0403bcd90cf3fd3c28,"poppler pdftotext 24.02.0 -layout, per page; entry boundaries by visible ""N."" numbering",RAW-OCCURRENCE; NOT-AUTHORITATIVE-RAW-LEDGER
REF-314,314,12,ART-001,1,https://kenhuangus.substack.com/archive,https://kenhuangus.substack.com/archive,False,False,EXS-166,1,314,False,,b2818f1d6e493071113e75e40f77044737e6fef2ef471b242a761ee40b13af46,"poppler pdftotext 24.02.0 -layout, per page; entry boundaries by visible ""N."" numbering",RAW-OCCURRENCE; NOT-AUTHORITATIVE-RAW-LEDGER
REF-315,315,12,ART-001,1,https://archive.org/stream/TOPSECRETPOSTSFiles/TOP SECRET POSTS-Files_djvu.txt,https://archive.org/stream/TOPSECRETPOSTSFiles/TOP SECRET POSTS-Files_djvu.txt,False,True,EXS-167,1,315,False,,88a878bf8f85886f7959369a40264971dcf4fd72807355046398994ae8345532,"poppler pdftotext 24.02.0 -layout, per page; entry boundaries by visible ""N."" numbering",RAW-OCCURRENCE; NOT-AUTHORITATIVE-RAW-LEDGER
REF-316,316,12,ART-001,1,https://articlesofinterest.substack.com/feed,https://articlesofinterest.substack.com/feed,False,False,EXS-168,1,316,False,,cd664c99d958b2c4ef2a1bb00cff3c292304c1fe04a45e32894c2c9cb70b37f8,"poppler pdftotext 24.02.0 -layout, per page; entry boundaries by visible ""N."" numbering",RAW-OCCURRENCE; NOT-AUTHORITATIVE-RAW-LEDGER
REF-317,317,12,ART-001,1,https://openaccessblogs.substack.com/p/agents-autocrats-and-the-sugar-lobby,https://openaccessblogs.substack.com/p/agents-autocrats-and-the-sugar-lobby,False,False,EXS-169,1,317,False,,034844d87a91216d00457480cd5c9ce8ab75c5255e1169c7b04f60f086bc7629,"poppler pdftotext 24.02.0 -layout, per page; entry boundaries by visible ""N."" numbering",RAW-OCCURRENCE; NOT-AUTHORITATIVE-RAW-LEDGER
REF-318,318,12,ART-001,1,https://rssdsaisection.substack.com/p/september-2026-newsletter,https://rssdsaisection.substack.com/p/september-2026-newsletter,False,False,EXS-170,1,318,False,,75d9b81ad3e5030f67f60659e6e11bb39c9f6a148f2a6d3e39304520409c8ecb,"poppler pdftotext 24.02.0 -layout, per page; entry boundaries by visible ""N."" numbering",RAW-OCCURRENCE; NOT-AUTHORITATIVE-RAW-LEDGER
REF-319,319,12,ART-001,1,https://bestofsub.substack.com/p/best-of-substack-september-2026,https://bestofsub.substack.com/p/best-of-substack-september-2026,False,False,EXS-171,1,319,False,,c14a116028512d8845a4e4d4c77054ed596f33b88f1a350ec949db1e26a918d6,"poppler pdftotext 24.02.0 -layout, per page; entry boundaries by visible ""N."" numbering",RAW-OCCURRENCE; NOT-AUTHORITATIVE-RAW-LEDGER
REF-320,320,12,ART-001,1,https://substack.com/explore,https://substack.com/explore,False,False,EXS-172,1,320,False,,53d87eb689e0c4ade7d844c2e7344b2130a0b2f22b8fff401939a5e72e397e37,"poppler pdftotext 24.02.0 -layout, per page; entry boundaries by visible ""N."" numbering",RAW-OCCURRENCE; NOT-AUTHORITATIVE-RAW-LEDGER
REF-321,321,12,ART-001,1,https://substack.com/topics/ai,https://substack.com/topics/ai,False,False,EXS-173,1,321,False,,58cb6d43639d9f1388da740da3e95e63cd1fa7b0da8086768b347ba435a74d9c,"poppler pdftotext 24.02.0 -layout, per page; entry boundaries by visible ""N."" numbering",RAW-OCCURRENCE; NOT-AUTHORITATIVE-RAW-LEDGER
REF-322,322,12,ART-001,1,https://aiagentssimplified.substack.com/archive,https://aiagentssimplified.substack.com/archive,False,False,EXS-174,1,322,False,,f98f71112b69488b443571a85c160d1b28542a40688327075c18446d2939db19,"poppler pdftotext 24.02.0 -layout, per page; entry boundaries by visible ""N."" numbering",RAW-OCCURRENCE; NOT-AUTHORITATIVE-RAW-LEDGER
REF-323,323,12,ART-001,1,https://secretagentfed.substack.com/p/xlv-the-tayyite-succession-how-muhammad,https://secretagentfed.substack.com/p/xlv-the-tayyite-succession-how-muhammad,False,False,EXS-023,4,23,False,,b6432cae76b82d94aa33b98893e7f11a6614ec738cce79b67e052b9a4b37045b,"poppler pdftotext 24.02.0 -layout, per page; entry boundaries by visible ""N."" numbering",RAW-OCCURRENCE; NOT-AUTHORITATIVE-RAW-LEDGER
REF-324,324,12,ART-001,1,https://cyberwarrior76.substack.com/archive,https://cyberwarrior76.substack.com/archive,False,False,EXS-175,1,324,False,,3ba38c3cf20640e9d26e2116179d3fa446d0016453380105824848f0a8cfeb84,"poppler pdftotext 24.02.0 -layout, per page; entry boundaries by visible ""N."" numbering",RAW-OCCURRENCE; NOT-AUTHORITATIVE-RAW-LEDGER
REF-325,325,12,ART-001,1,https://overturned.substack.com/p/september-2026-the-latest-in-tech,https://overturned.substack.com/p/september-2026-the-latest-in-tech,False,False,EXS-176,1,325,False,,1b07a1975f35561b181bc36f7e0f9a90505714f5d4a2828f85385c9be2e0380b,"poppler pdftotext 24.02.0 -layout, per page; entry boundaries by visible ""N."" numbering",RAW-OCCURRENCE; NOT-AUTHORITATIVE-RAW-LEDGER
REF-326,326,12,ART-001,1,https://fintechbusinessweekly.substack.com/feed,https://fintechbusinessweekly.substack.com/feed,False,False,EXS-177,1,326,False,,5bc55ec74275b184c0b2efa2b8bdbec954a089c440a078f39982df116375a9a6,"poppler pdftotext 24.02.0 -layout, per page; entry boundaries by visible ""N."" numbering",RAW-OCCURRENCE; NOT-AUTHORITATIVE-RAW-LEDGER
REF-327,327,12,ART-001,1,https://www.islamicity.org/11484,https://www.islamicity.org/11484,False,False,EXS-178,1,327,False,,da6b6f81cb898360b3662d9f53ea9cd9d0afabfb903ffd7db0297d9111a7fe0c,"poppler pdftotext 24.02.0 -layout, per page; entry boundaries by visible ""N."" numbering",RAW-OCCURRENCE; NOT-AUTHORITATIVE-RAW-LEDGER
REF-328,328,12,ART-001,1,https://api.substack.com/feed/podcast/1801228.rss,https://api.substack.com/feed/podcast/1801228.rss,False,False,EXS-179,1,328,False,,1b53f746b6b7ba62ced6f092fb9cf641ef44d644b0474cc1fa22339ec1a090a8,"poppler pdftotext 24.02.0 -layout, per page; entry boundaries by visible ""N."" numbering",RAW-OCCURRENCE; NOT-AUTHORITATIVE-RAW-LEDGER
REF-329,329,12,ART-001,1,https://thezvi.substack.com/p/monthly-roundup-46-september-2026,https://thezvi.substack.com/p/monthly-roundup-46-september-2026,False,False,EXS-180,1,329,True,CONTENT-STREAM-ORDER-CONTAMINATION(fragments belonging to ref 303 appended),c1d573bfad0db57ff0d97489332eb444b98f3109eb75806fbc565809c836680e,"poppler pdftotext 24.02.0 -layout, per page; entry boundaries by visible ""N."" numbering",RAW-OCCURRENCE; NOT-AUTHORITATIVE-RAW-LEDGER
REF-330,330,13,ART-001,1,https://newmuslim.iera.org/members/chequewitch30/activity/59265/,https://newmuslim.iera.org/members/chequewitch30/activity/59265/,False,False,EXS-010,4,10,False,,c1d509af9d5f7bfdca6353e1f3d8f8369632163fee596ff9b3bce58e2bc442d4,"poppler pdftotext 24.02.0 -layout, per page; entry boundaries by visible ""N."" numbering",RAW-OCCURRENCE; NOT-AUTHORITATIVE-RAW-LEDGER
REF-331,331,13,ART-001,1,https://heathercoxrichardson.substack.com/p/september-13-2026,https://heathercoxrichardson.substack.com/p/september-13-2026,False,False,EXS-181,1,331,False,,7658adcd8c7df10170995d5167a0a3255e52ff43579721795bebb987c2cd727b,"poppler pdftotext 24.02.0 -layout, per page; entry boundaries by visible ""N."" numbering",RAW-OCCURRENCE; NOT-AUTHORITATIVE-RAW-LEDGER
REF-332,332,13,ART-001,1,https://api.substack.com/feed/podcast/2280890/s/104910.rss,https://api.substack.com/feed/podcast/2280890/s/104910.rss,False,False,EXS-182,1,332,False,,41b3418946e56a4b02f18ef77c659558810ddd5076649cff3fbc6f08312f68c5,"poppler pdftotext 24.02.0 -layout, per page; entry boundaries by visible ""N."" numbering",RAW-OCCURRENCE; NOT-AUTHORITATIVE-RAW-LEDGER
REF-333,333,13,ART-001,1,https://al-islam.org/person/all/media?page=275,https://al-islam.org/person/all/media?page=275,False,False,EXS-183,1,333,False,,fade4a0a6d591ad21e1ba390bc289e3ab85f7773bdb5a63ab76fa1c2089de9ba,"poppler pdftotext 24.02.0 -layout, per page; entry boundaries by visible ""N."" numbering",RAW-OCCURRENCE; NOT-AUTHORITATIVE-RAW-LEDGER
REF-334,334,13,ART-001,1,https://secretagentfed.substack.com/p/xlviii-the-tayyite-succession-how?r=946r7f,https://secretagentfed.substack.com/p/xlviii-the-tayyite-succession-how?r=946r7f,False,False,EXS-029,4,29,False,,6b3f7df8b69e7650a168eaf10033ba8a190a740150f7a4498d089efd5189f12c,"poppler pdftotext 24.02.0 -layout, per page; entry boundaries by visible ""N."" numbering",RAW-OCCURRENCE; NOT-AUTHORITATIVE-RAW-LEDGER
REF-335,335,13,ART-001,1,https://heathercoxrichardson.substack.com/p/september-12-2026,https://heathercoxrichardson.substack.com/p/september-12-2026,False,False,EXS-184,1,335,False,,6824140a001cd4e9dfa89f72c3026ce3310c46f465ada0b7ff67201f5546f194,"poppler pdftotext 24.02.0 -layout, per page; entry boundaries by visible ""N."" numbering",RAW-OCCURRENCE; NOT-AUTHORITATIVE-RAW-LEDGER
REF-336,336,13,ART-001,1,https://muhammadi07.substack.com/,https://muhammadi07.substack.com/,False,False,EXS-185,1,336,False,,b747431376e63b106baa17c7eee8b6564a758a6e90ab48792fd8913709ce3832,"poppler pdftotext 24.02.0 -layout, per page; entry boundaries by visible ""N."" numbering",RAW-OCCURRENCE; NOT-AUTHORITATIVE-RAW-LEDGER
REF-337,337,13,ART-001,1,https://al-islam.org/person/all/media?page=306,https://al-islam.org/person/all/media?page=306,False,False,EXS-186,1,337,False,,0df068495f1cf217f749f738afd29761d99497709424e00bde17051ef08d601f,"poppler pdftotext 24.02.0 -layout, per page; entry boundaries by visible ""N."" numbering",RAW-OCCURRENCE; NOT-AUTHORITATIVE-RAW-LEDGER
REF-338,338,13,ART-001,1,https://substack.com/home/post/p-158703,https://substack.com/home/post/p-158703,False,False,EXS-187,1,338,False,,38ac795a9f27654f2f33d2887c0507bf33e4c98c53ce39a2b2f78c8737def124,"poppler pdftotext 24.02.0 -layout, per page; entry boundaries by visible ""N."" numbering",RAW-OCCURRENCE; NOT-AUTHORITATIVE-RAW-LEDGER
REF-339,339,13,ART-001,1,https://secretagentfed.substack.com/p/evidence-atlas-of-early-islamic-arabian,https://secretagentfed.substack.com/p/evidence-atlas-of-early-islamic-arabian,False,False,EXS-188,1,339,False,,bc73cf31878407c4ffde3de1fd355c8944cc130ef1ff20208dc2df9bbdce6403,"poppler pdftotext 24.02.0 -layout, per page; entry boundaries by visible ""N."" numbering",RAW-OCCURRENCE; NOT-AUTHORITATIVE-RAW-LEDGER
REF-340,340,13,ART-001,1,https://secretagentfed.substack.com/p/lxi-princeps-regnum-and-the-memory,https://secretagentfed.substack.com/p/lxi-princeps-regnum-and-the-memory,False,False,EXS-189,1,340,False,,d1e6ffcadb8ece6d03f97a87428688c1ca3cf20f01a41c5ddb9f71367f100a4e,"poppler pdftotext 24.02.0 -layout, per page; entry boundaries by visible ""N."" numbering",RAW-OCCURRENCE; NOT-AUTHORITATIVE-RAW-LEDGER
REF-341,341,13,ART-001,1,https://secretagentfed.substack.com/p/lviii-the-dual-tayyite-corridor-the,https://secretagentfed.substack.com/p/lviii-the-dual-tayyite-corridor-the,False,False,EXS-190,1,341,False,,1ee09dda36a15a8d5fbc716667a43bc07ed91cd0a251a2c612d4d64c0b64d6a1,"poppler pdftotext 24.02.0 -layout, per page; entry boundaries by visible ""N."" numbering",RAW-OCCURRENCE; NOT-AUTHORITATIVE-RAW-LEDGER
REF-342,342,13,ART-001,1,https://secretagentfed.substack.com/p/lxiv-the-seat-of-muhammad-the-tayyite,https://secretagentfed.substack.com/p/lxiv-the-seat-of-muhammad-the-tayyite,False,False,EXS-191,1,342,False,,079981aa036111d7cb31f9111aa3426d0f7d1d45df12dddc4b29725c03978bf5,"poppler pdftotext 24.02.0 -layout, per page; entry boundaries by visible ""N."" numbering",RAW-OCCURRENCE; NOT-AUTHORITATIVE-RAW-LEDGER
REF-343,343,13,ART-001,1,https://secretagentfed.substack.com/p/lxv-the-people-who-carried-hira-into,https://secretagentfed.substack.com/p/lxv-the-people-who-carried-hira-into,False,False,EXS-192,1,343,False,,eafe59b17bf7c1c580f4c36ef0561f86c3d4417f85ff37e10983c359c70bbfcd,"poppler pdftotext 24.02.0 -layout, per page; entry boundaries by visible ""N."" numbering",RAW-OCCURRENCE; NOT-AUTHORITATIVE-RAW-LEDGER
REF-344,344,13,ART-001,1,https://secretagentfed.substack.com/p/lxvi-the-house-of-iyas-or-the-house,https://secretagentfed.substack.com/p/lxvi-the-house-of-iyas-or-the-house,False,False,EXS-193,1,344,False,,6762961e35839aab03d56d8057bb3184a75a1fd6c4483401c3e388893508342e,"poppler pdftotext 24.02.0 -layout, per page; entry boundaries by visible ""N."" numbering",RAW-OCCURRENCE; NOT-AUTHORITATIVE-RAW-LEDGER
REF-345,345,13,ART-001,1,https://seoulinside.substack.com/p/substack-weekly-this-weeks-must-reads,https://seoulinside.substack.com/p/substack-weekly-this-weeks-must-reads,False,False,EXS-028,4,28,False,,de32fdb20ab98699951687150d76ac52031732d4b29c383cf0d7a7e856b93785,"poppler pdftotext 24.02.0 -layout, per page; entry boundaries by visible ""N."" numbering",RAW-OCCURRENCE; NOT-AUTHORITATIVE-RAW-LEDGER
REF-346,346,13,ART-001,1,https://secretagentfed.substack.com/p/lxvii-the-house-called-bayan-the,https://secretagentfed.substack.com/p/lxvii-the-house-called-bayan-the,False,False,EXS-194,1,346,False,,74b2f96825f3e6f1b842d1941be773b319c385aa5fb74605bd091b76a6e88db4,"poppler pdftotext 24.02.0 -layout, per page; entry boundaries by visible ""N."" numbering",RAW-OCCURRENCE; NOT-AUTHORITATIVE-RAW-LEDGER
REF-347,347,13,ART-001,1,https://secretagentfed.substack.com/p/lxviii-the-house-history-had-to-forget,https://secretagentfed.substack.com/p/lxviii-the-house-history-had-to-forget,False,False,EXS-195,1,347,False,,573cfb41075554c44bf24964e3955a7f06f421bd7f1e4704eb8f1b0134f69ec4,"poppler pdftotext 24.02.0 -layout, per page; entry boundaries by visible ""N."" numbering",RAW-OCCURRENCE; NOT-AUTHORITATIVE-RAW-LEDGER
REF-348,348,13,ART-001,1,https://secretagentfed.substack.com/p/xix-the-house-that-became-another,https://secretagentfed.substack.com/p/xix-the-house-that-became-another,False,False,EXS-196,1,348,False,,8880a8c7ff6741dc728ff7520a6c2a4d2551e62d6215f490b988cb53d7de43e0,"poppler pdftotext 24.02.0 -layout, per page; entry boundaries by visible ""N."" numbering",RAW-OCCURRENCE; NOT-AUTHORITATIVE-RAW-LEDGER
REF-349,349,13,ART-001,1,https://secretagentfed.substack.com/p/xx-what-was-the-poem-answering-the,https://secretagentfed.substack.com/p/xx-what-was-the-poem-answering-the,False,False,EXS-197,1,349,False,,9f4fc643fe8cbe45ec118ccb250e9639aecbb401532c41883489597c558a4c48,"poppler pdftotext 24.02.0 -layout, per page; entry boundaries by visible ""N."" numbering",RAW-OCCURRENCE; NOT-AUTHORITATIVE-RAW-LEDGER
REF-350,350,13,ART-001,1,https://secretagentfed.substack.com/p/lxxi-the-bayan-tree-the-tayyite-succession,https://secretagentfed.substack.com/p/lxxi-the-bayan-tree-the-tayyite-succession,False,False,EXS-198,1,350,False,,b9775b91d6920f0083ee792e0ff2b55c274c18c64788959de87eab7c853edc61,"poppler pdftotext 24.02.0 -layout, per page; entry boundaries by visible ""N."" numbering",RAW-OCCURRENCE; NOT-AUTHORITATIVE-RAW-LEDGER
REF-351,351,13,ART-001,1,https://secretagentfed.substack.com/p/lxxii-when-the-image-became-a-name,https://secretagentfed.substack.com/p/lxxii-when-the-image-became-a-name,False,False,EXS-199,1,351,False,,09d6a6cdcc868b162adc9c537953962542015d6e8fd0fac30650ddc1a18de533,"poppler pdftotext 24.02.0 -layout, per page; entry boundaries by visible ""N."" numbering",RAW-OCCURRENCE; NOT-AUTHORITATIVE-RAW-LEDGER
REF-352,352,13,ART-001,1,https://secretagentfed.substack.com/p/lxxiii-the-westward-eye-the-tayyite,https://secretagentfed.substack.com/p/lxxiii-the-westward-eye-the-tayyite,False,False,EXS-200,1,352,False,,db2cc8e32151f56c69146d1dabe337a5c9e45613c6c83fcec20fb64c5ce456f8,"poppler pdftotext 24.02.0 -layout, per page; entry boundaries by visible ""N."" numbering",RAW-OCCURRENCE; NOT-AUTHORITATIVE-RAW-LEDGER
REF-353,353,13,ART-001,1,https://secretagentfed.substack.com/p/lxxiv-master-statement-of-known-facts,https://secretagentfed.substack.com/p/lxxiv-master-statement-of-known-facts,False,False,EXS-201,3,353,False,,72c636947f4526fa737135fde9c5eb64fb3800adb03afc344ba06995e9313294,"poppler pdftotext 24.02.0 -layout, per page; entry boundaries by visible ""N."" numbering",RAW-OCCURRENCE; NOT-AUTHORITATIVE-RAW-LEDGER
REF-354,354,13,ART-001,1,https://secretagentfed.substack.com/p/lxxiv-the-religious-warrior-the-tayyite,https://secretagentfed.substack.com/p/lxxiv-the-religious-warrior-the-tayyite,False,False,EXS-202,3,354,False,,a099142e60168d2ab546e80d0e1422bcc659880bdc641e84438df06ab92ee822,"poppler pdftotext 24.02.0 -layout, per page; entry boundaries by visible ""N."" numbering",RAW-OCCURRENCE; NOT-AUTHORITATIVE-RAW-LEDGER
REF-355,355,13,ART-001,1,https://secretagentfed.substack.com/p/lxxvi-the-kahina-and-the-prophetess,https://secretagentfed.substack.com/p/lxxvi-the-kahina-and-the-prophetess,False,False,EXS-203,3,355,False,,04fb5492b96c471e02cc865cec414f63542b36525772ab217f3ec4f2750988b9,"poppler pdftotext 24.02.0 -layout, per page; entry boundaries by visible ""N."" numbering",RAW-OCCURRENCE; NOT-AUTHORITATIVE-RAW-LEDGER
REF-356,356,13,ART-001,1,https://post.substack.com/,https://post.substack.com/,False,False,EXS-031,4,31,False,,573531dd624b784cd5ca8ac3b4f24488a5f6febcd1c5d07eef0dbf7bcbadf6bc,"poppler pdftotext 24.02.0 -layout, per page; entry boundaries by visible ""N."" numbering",RAW-OCCURRENCE; NOT-AUTHORITATIVE-RAW-LEDGER
REF-357,357,13,ART-001,1,https://secretagentfed.substack.com/p/lxxviii-the-many-successions-of-al,https://secretagentfed.substack.com/p/lxxviii-the-many-successions-of-al,False,False,EXS-204,3,357,False,,e3631fbce6a398b74b6193db2c5fa78fb61e5cbd0068e3bc73e978718ad3c6f4,"poppler pdftotext 24.02.0 -layout, per page; entry boundaries by visible ""N."" numbering",RAW-OCCURRENCE; NOT-AUTHORITATIVE-RAW-LEDGER
REF-358,358,13,ART-001,1,https://arxiv.org/pdf/2107.06296.pdf,https://arxiv.org/pdf/2107.06296.pdf,False,False,EXS-072,4,134,False,,d0a26e236f31073fd0eaf2e88b7dbc27d83ad06a6dce28796d4f2068be6e6f88,"poppler pdftotext 24.02.0 -layout, per page; entry boundaries by visible ""N."" numbering",RAW-OCCURRENCE; NOT-AUTHORITATIVE-RAW-LEDGER
REF-359,359,13,ART-001,1,https://substack.com/@revealedeye/note/c-221842058?r=1fcijz,https://substack.com/@revealedeye/note/c-221842058?r=1fcijz,False,False,EXS-073,4,135,False,,0454bec2758ff2df6edb8c9871a88c2e3d1bfc74c34b6e3c4a0c4646c8df2fb8,"poppler pdftotext 24.02.0 -layout, per page; entry boundaries by visible ""N."" numbering",RAW-OCCURRENCE; NOT-AUTHORITATIVE-RAW-LEDGER
REF-360,360,13,ART-001,1,https://canmyagentuse.com/atlas,https://canmyagentuse.com/atlas,False,False,EXS-075,4,137,False,,b7670d74948d5647b48c267e0b534acee938861aeea9734bfc504a5b357dd000,"poppler pdftotext 24.02.0 -layout, per page; entry boundaries by visible ""N."" numbering",RAW-OCCURRENCE; NOT-AUTHORITATIVE-RAW-LEDGER
REF-361,361,13,ART-001,1,https://canmyagentuse.com/atlas/sources,https://canmyagentuse.com/atlas/sources,False,False,EXS-076,4,138,False,,6dc94e64e36bb097e459a66e2dee573fd6c88982554e616ac20e0b138b5442b7,"poppler pdftotext 24.02.0 -layout, per page; entry boundaries by visible ""N."" numbering",RAW-OCCURRENCE; NOT-AUTHORITATIVE-RAW-LEDGER
REF-362,362,13,ART-001,1,https://vault.fbi.gov/,https://vault.fbi.gov/,False,False,EXS-077,4,139,False,,ac8221c4339cf09343b82deb6f98a3137a312c3f28cac317c3b277527a3a0e74,"poppler pdftotext 24.02.0 -layout, per page; entry boundaries by visible ""N."" numbering",RAW-OCCURRENCE; NOT-AUTHORITATIVE-RAW-LEDGER
REF-363,363,13,ART-001,1,https://arxiv.org/pdf/2211.10825.pdf,https://arxiv.org/pdf/2211.10825.pdf,False,False,EXS-078,4,140,False,,1e3a114c63ebe8c142abed18673ccaff10c42e5c0401fa8f2b21d264aedacc3e,"poppler pdftotext 24.02.0 -layout, per page; entry boundaries by visible ""N."" numbering",RAW-OCCURRENCE; NOT-AUTHORITATIVE-RAW-LEDGER
REF-364,364,13,ART-001,1,https://atlasecho.substack.com/,https://atlasecho.substack.com/,False,False,EXS-079,4,141,False,,4ccf51e9c389f4c35c5d2c0cebcd8d55ec21c12ecc1046004a10af68feab4713,"poppler pdftotext 24.02.0 -layout, per page; entry boundaries by visible ""N."" numbering",RAW-OCCURRENCE; NOT-AUTHORITATIVE-RAW-LEDGER
REF-365,365,13,ART-001,1,https://github.com/mitre-atlas/atlas-data/releases,https://github.com/mitre-atlas/atlas-data/releases,False,False,EXS-080,4,142,False,,33f68b0525fe5d63ad8d23e0fc13ce32fd7d5fe5f2a93be83813c719453c7420,"poppler pdftotext 24.02.0 -layout, per page; entry boundaries by visible ""N."" numbering",RAW-OCCURRENCE; NOT-AUTHORITATIVE-RAW-LEDGER
REF-366,366,13,ART-001,1,https://lab.ltd/evidence-atlas/,https://lab.ltd/evidence-atlas/,False,False,EXS-081,4,143,False,,e9b0d7407e03276a477c01b7b74f1c8b3a83d6fe383caac1014d9209e8605097,"poppler pdftotext 24.02.0 -layout, per page; entry boundaries by visible ""N."" numbering",RAW-OCCURRENCE; NOT-AUTHORITATIVE-RAW-LEDGER
REF-367,367,14,ART-001,1,https://post.substack.com/archive,https://post.substack.com/archive,False,False,EXS-205,1,367,False,,1f45de5a639eb469871e4111270d88967d13aecf44f5b4c95b38e1cdf345d2a0,"poppler pdftotext 24.02.0 -layout, per page; entry boundaries by visible ""N."" numbering",RAW-OCCURRENCE; NOT-AUTHORITATIVE-RAW-LEDGER
REF-368,368,14,ART-001,1,https://trapilot.ai/geo/evidence,https://trapilot.ai/geo/evidence,False,False,EXS-082,4,144,False,,cacf500fbf4d3df3e0858a5ec007b3d049c9a16bc04c88b389f5a9b537db8e43,"poppler pdftotext 24.02.0 -layout, per page; entry boundaries by visible ""N."" numbering",RAW-OCCURRENCE; NOT-AUTHORITATIVE-RAW-LEDGER
REF-369,369,14,ART-001,1,https://robertinventor.online/booklets/debunking_doomsday_list.htm,https://robertinventor.online/booklets/debunking_doomsday_list.htm,False,False,EXS-083,4,145,False,,9c1984804fdbfb5dd27bad5c9cdd80ddf10cc80f7bbf9d3b55e675426607c44c,"poppler pdftotext 24.02.0 -layout, per page; entry boundaries by visible ""N."" numbering",RAW-OCCURRENCE; NOT-AUTHORITATIVE-RAW-LEDGER
REF-370,370,14,ART-001,1,https://unpublishablepapers.substack.com/feed,https://unpublishablepapers.substack.com/feed,False,False,EXS-084,4,146,False,,36dfee61bac360aaa8db8e3b4411daa91eb83969d1be9d0ee5d892c0b5e24728,"poppler pdftotext 24.02.0 -layout, per page; entry boundaries by visible ""N."" numbering",RAW-OCCURRENCE; NOT-AUTHORITATIVE-RAW-LEDGER
REF-371,371,14,ART-001,1,https://substack.com/@liedetector1,https://substack.com/@liedetector1,False,False,EXS-086,4,148,False,,6098488456b246e23e7ca06dfbe2bcb8c594c320286eb65f4e850ccca256c5c1,"poppler pdftotext 24.02.0 -layout, per page; entry boundaries by visible ""N."" numbering",RAW-OCCURRENCE; NOT-AUTHORITATIVE-RAW-LEDGER
REF-372,372,14,ART-001,1,https://substack.com/@factandfocus,https://substack.com/@factandfocus,False,False,EXS-087,4,149,False,,0516c77232a2c161c8ec852c979026dc45e9131148288ddcc5060ac0a28eb533,"poppler pdftotext 24.02.0 -layout, per page; entry boundaries by visible ""N."" numbering",RAW-OCCURRENCE; NOT-AUTHORITATIVE-RAW-LEDGER
REF-373,373,14,ART-001,1,https://secretagentfed.substack.com/about,https://secretagentfed.substack.com/about,False,False,EXS-088,4,150,False,,df38c351da54f5835120827c1e1a19a904a6583e458c666ca47156139320e87c,"poppler pdftotext 24.02.0 -layout, per page; entry boundaries by visible ""N."" numbering",RAW-OCCURRENCE; NOT-AUTHORITATIVE-RAW-LEDGER
REF-374,374,14,ART-001,1,https://secretagentfed.substack.com/archive,https://secretagentfed.substack.com/archive,False,False,EXS-089,4,151,False,,4d88c2d6130f0ce679d4c0b75256fe61d4203d6edb91973950cc20a70226491b,"poppler pdftotext 24.02.0 -layout, per page; entry boundaries by visible ""N."" numbering",RAW-OCCURRENCE; NOT-AUTHORITATIVE-RAW-LEDGER
REF-375,375,14,ART-001,1,https://thereceipts.ca/corrections/,https://thereceipts.ca/corrections/,False,False,EXS-090,4,152,False,,30bc2c16e7149f3e03cfb30220bafbf6dd4806c629c60254939fdc55e06ee7ea,"poppler pdftotext 24.02.0 -layout, per page; entry boundaries by visible ""N."" numbering",RAW-OCCURRENCE; NOT-AUTHORITATIVE-RAW-LEDGER
REF-376,376,14,ART-001,1,https://thefintechledger.substack.com/,https://thefintechledger.substack.com/,False,False,EXS-091,4,153,False,,d4572f309b7b17b8d1fb83575c08a287ac2a755c38d60271fc37ce1298da497c,"poppler pdftotext 24.02.0 -layout, per page; entry boundaries by visible ""N."" numbering",RAW-OCCURRENCE; NOT-AUTHORITATIVE-RAW-LEDGER
REF-377,377,14,ART-001,1,https://thebiotechledger.substack.com/,https://thebiotechledger.substack.com/,False,False,EXS-092,4,154,False,,af9d32e2520c11f2732a45e5bc420a713598b48aff907975aad3623e2888872c,"poppler pdftotext 24.02.0 -layout, per page; entry boundaries by visible ""N."" numbering",RAW-OCCURRENCE; NOT-AUTHORITATIVE-RAW-LEDGER
REF-378,378,14,ART-001,1,https://secretagentfed.substack.com/p/lxxiv-master-statement-of-known-facts,https://secretagentfed.substack.com/p/lxxiv-master-statement-of-known-facts,False,False,EXS-201,3,353,False,,72c636947f4526fa737135fde9c5eb64fb3800adb03afc344ba06995e9313294,"poppler pdftotext 24.02.0 -layout, per page; entry boundaries by visible ""N."" numbering",RAW-OCCURRENCE; NOT-AUTHORITATIVE-RAW-LEDGER
REF-379,379,14,ART-001,1,https://arxiv.org/pdf/2211.10825.pdf,https://arxiv.org/pdf/2211.10825.pdf,False,False,EXS-078,4,140,False,,1e3a114c63ebe8c142abed18673ccaff10c42e5c0401fa8f2b21d264aedacc3e,"poppler pdftotext 24.02.0 -layout, per page; entry boundaries by visible ""N."" numbering",RAW-OCCURRENCE; NOT-AUTHORITATIVE-RAW-LEDGER
REF-380,380,14,ART-001,1,https://www.cambridge.org/core/books/muhammads-heirs/8CBC3BC09A66C47E0F114311B09BF725,https://www.cambridge.org/core/books/muhammads-heirs/8CBC3BC09A66C47E0F114311B09BF725,False,False,EXS-026,6,26,False,,893ba223d8f7ecc5c4328ad50b38affd3886c37f4b645e2c973a0786bcbcda17,"poppler pdftotext 24.02.0 -layout, per page; entry boundaries by visible ""N."" numbering",RAW-OCCURRENCE; NOT-AUTHORITATIVE-RAW-LEDGER
REF-381,381,14,ART-001,1,https://atlasecho.substack.com/,https://atlasecho.substack.com/,False,False,EXS-079,4,141,False,,4ccf51e9c389f4c35c5d2c0cebcd8d55ec21c12ecc1046004a10af68feab4713,"poppler pdftotext 24.02.0 -layout, per page; entry boundaries by visible ""N."" numbering",RAW-OCCURRENCE; NOT-AUTHORITATIVE-RAW-LEDGER
REF-382,382,14,ART-001,1,https://github.com/mitre-atlas/atlas-data/releases,https://github.com/mitre-atlas/atlas-data/releases,False,False,EXS-080,4,142,False,,33f68b0525fe5d63ad8d23e0fc13ce32fd7d5fe5f2a93be83813c719453c7420,"poppler pdftotext 24.02.0 -layout, per page; entry boundaries by visible ""N."" numbering",RAW-OCCURRENCE; NOT-AUTHORITATIVE-RAW-LEDGER
REF-383,383,14,ART-001,1,https://lab.ltd/evidence-atlas/,https://lab.ltd/evidence-atlas/,False,False,EXS-081,4,143,False,,e9b0d7407e03276a477c01b7b74f1c8b3a83d6fe383caac1014d9209e8605097,"poppler pdftotext 24.02.0 -layout, per page; entry boundaries by visible ""N."" numbering",RAW-OCCURRENCE; NOT-AUTHORITATIVE-RAW-LEDGER
REF-384,384,14,ART-001,1,https://trapilot.ai/geo/evidence,https://trapilot.ai/geo/evidence,False,False,EXS-082,4,144,False,,cacf500fbf4d3df3e0858a5ec007b3d049c9a16bc04c88b389f5a9b537db8e43,"poppler pdftotext 24.02.0 -layout, per page; entry boundaries by visible ""N."" numbering",RAW-OCCURRENCE; NOT-AUTHORITATIVE-RAW-LEDGER
REF-385,385,14,ART-001,1,https://robertinventor.online/booklets/debunking_doomsday_list.htm,https://robertinventor.online/booklets/debunking_doomsday_list.htm,False,False,EXS-083,4,145,False,,9c1984804fdbfb5dd27bad5c9cdd80ddf10cc80f7bbf9d3b55e675426607c44c,"poppler pdftotext 24.02.0 -layout, per page; entry boundaries by visible ""N."" numbering",RAW-OCCURRENCE; NOT-AUTHORITATIVE-RAW-LEDGER
REF-386,386,14,ART-001,1,https://unpublishablepapers.substack.com/feed,https://unpublishablepapers.substack.com/feed,False,False,EXS-084,4,146,False,,36dfee61bac360aaa8db8e3b4411daa91eb83969d1be9d0ee5d892c0b5e24728,"poppler pdftotext 24.02.0 -layout, per page; entry boundaries by visible ""N."" numbering",RAW-OCCURRENCE; NOT-AUTHORITATIVE-RAW-LEDGER
REF-387,387,14,ART-001,1,https://substack.com/@liedetector1,https://substack.com/@liedetector1,False,False,EXS-086,4,148,False,,6098488456b246e23e7ca06dfbe2bcb8c594c320286eb65f4e850ccca256c5c1,"poppler pdftotext 24.02.0 -layout, per page; entry boundaries by visible ""N."" numbering",RAW-OCCURRENCE; NOT-AUTHORITATIVE-RAW-LEDGER
REF-388,388,14,ART-001,1,https://substack.com/@factandfocus,https://substack.com/@factandfocus,False,False,EXS-087,4,149,False,,0516c77232a2c161c8ec852c979026dc45e9131148288ddcc5060ac0a28eb533,"poppler pdftotext 24.02.0 -layout, per page; entry boundaries by visible ""N."" numbering",RAW-OCCURRENCE; NOT-AUTHORITATIVE-RAW-LEDGER
REF-389,389,14,ART-001,1,https://secretagentfed.substack.com/about,https://secretagentfed.substack.com/about,False,False,EXS-088,4,150,False,,df38c351da54f5835120827c1e1a19a904a6583e458c666ca47156139320e87c,"poppler pdftotext 24.02.0 -layout, per page; entry boundaries by visible ""N."" numbering",RAW-OCCURRENCE; NOT-AUTHORITATIVE-RAW-LEDGER
REF-390,390,14,ART-001,1,https://secretagentfed.substack.com/p/lxxiv-the-religious-warrior-the-tayyite,https://secretagentfed.substack.com/p/lxxiv-the-religious-warrior-the-tayyite,False,False,EXS-202,3,354,False,,a099142e60168d2ab546e80d0e1422bcc659880bdc641e84438df06ab92ee822,"poppler pdftotext 24.02.0 -layout, per page; entry boundaries by visible ""N."" numbering",RAW-OCCURRENCE; NOT-AUTHORITATIVE-RAW-LEDGER
REF-391,391,14,ART-001,1,https://secretagentfed.substack.com/archive,https://secretagentfed.substack.com/archive,False,False,EXS-089,4,151,False,,4d88c2d6130f0ce679d4c0b75256fe61d4203d6edb91973950cc20a70226491b,"poppler pdftotext 24.02.0 -layout, per page; entry boundaries by visible ""N."" numbering",RAW-OCCURRENCE; NOT-AUTHORITATIVE-RAW-LEDGER
REF-392,392,14,ART-001,1,https://thereceipts.ca/corrections/,https://thereceipts.ca/corrections/,False,False,EXS-090,4,152,False,,30bc2c16e7149f3e03cfb30220bafbf6dd4806c629c60254939fdc55e06ee7ea,"poppler pdftotext 24.02.0 -layout, per page; entry boundaries by visible ""N."" numbering",RAW-OCCURRENCE; NOT-AUTHORITATIVE-RAW-LEDGER
REF-393,393,14,ART-001,1,https://thefintechledger.substack.com/,https://thefintechledger.substack.com/,False,False,EXS-091,4,153,False,,d4572f309b7b17b8d1fb83575c08a287ac2a755c38d60271fc37ce1298da497c,"poppler pdftotext 24.02.0 -layout, per page; entry boundaries by visible ""N."" numbering",RAW-OCCURRENCE; NOT-AUTHORITATIVE-RAW-LEDGER
REF-394,394,14,ART-001,1,https://thebiotechledger.substack.com/,https://thebiotechledger.substack.com/,False,False,EXS-092,4,154,False,,af9d32e2520c11f2732a45e5bc420a713598b48aff907975aad3623e2888872c,"poppler pdftotext 24.02.0 -layout, per page; entry boundaries by visible ""N."" numbering",RAW-OCCURRENCE; NOT-AUTHORITATIVE-RAW-LEDGER
REF-395,395,14,ART-001,1,https://isoledger.substack.com/,https://isoledger.substack.com/,False,False,EXS-093,4,155,False,,e4397c76f67f3e1201edcd3c3727b23e67a1c0ee6bc9938400e15aa8a8beca52,"poppler pdftotext 24.02.0 -layout, per page; entry boundaries by visible ""N."" numbering",RAW-OCCURRENCE; NOT-AUTHORITATIVE-RAW-LEDGER
REF-396,396,14,ART-001,1,https://support.ledger.com/article/6178949486109-zd,https://support.ledger.com/article/6178949486109-zd,False,False,EXS-094,4,156,False,,c8530077bbb311fc276af49245db4bf9b2277fb5ca694190f729529d5b8a9a77,"poppler pdftotext 24.02.0 -layout, per page; entry boundaries by visible ""N."" numbering",RAW-OCCURRENCE; NOT-AUTHORITATIVE-RAW-LEDGER
REF-397,397,14,ART-001,1,https://spoonfedacademy.substack.com/leaderboard,https://spoonfedacademy.substack.com/leaderboard,False,False,EXS-095,4,157,False,,607246189cf8f2bae15312f2e83f08f5c7996a97d94980de873488ea3c10a5ec,"poppler pdftotext 24.02.0 -layout, per page; entry boundaries by visible ""N."" numbering",RAW-OCCURRENCE; NOT-AUTHORITATIVE-RAW-LEDGER
REF-398,398,14,ART-001,1,https://www.lxxvii.co/,https://www.lxxvii.co/,False,False,EXS-096,4,159,False,,ba4e8d116b04d78cff9439fc9339382e554b6b222552f79398a96ab6e2c65680,"poppler pdftotext 24.02.0 -layout, per page; entry boundaries by visible ""N."" numbering",RAW-OCCURRENCE; NOT-AUTHORITATIVE-RAW-LEDGER
REF-399,399,14,ART-001,1,https://unpaidledger.substack.com/,https://unpaidledger.substack.com/,False,False,EXS-097,4,160,False,,0ef619b0ba0df1cb3e27a97e7e6061be5be5aac81be12edd932f7804ec688f79,"poppler pdftotext 24.02.0 -layout, per page; entry boundaries by visible ""N."" numbering",RAW-OCCURRENCE; NOT-AUTHORITATIVE-RAW-LEDGER
REF-400,400,14,ART-001,1,https://fedbudgetguy.substack.com/,https://fedbudgetguy.substack.com/,False,False,EXS-098,4,161,False,,c90c68e786367fac0a14e8645826b1bbcfbcc0823ea1a96cb763abedaba24474,"poppler pdftotext 24.02.0 -layout, per page; entry boundaries by visible ""N."" numbering",RAW-OCCURRENCE; NOT-AUTHORITATIVE-RAW-LEDGER
REF-401,401,14,ART-001,1,https://secretagentfed.substack.com/p/lxxvi-the-kahina-and-the-prophetess,https://secretagentfed.substack.com/p/lxxvi-the-kahina-and-the-prophetess,False,False,EXS-203,3,355,False,,04fb5492b96c471e02cc865cec414f63542b36525772ab217f3ec4f2750988b9,"poppler pdftotext 24.02.0 -layout, per page; entry boundaries by visible ""N."" numbering",RAW-OCCURRENCE; NOT-AUTHORITATIVE-RAW-LEDGER
REF-402,402,14,ART-001,1,https://www.sec.gov/Archives/edgar/data/1159508/000095010313004208/0000950103-13-004208.txt,https://www.sec.gov/Archives/edgar/data/1159508/000095010313004208/0000950103-13-004208.txt,False,False,EXS-099,4,162,False,,307038fac28393c8574daef2ade863cd4852573bd6f88af4fb54524eefabde2a,"poppler pdftotext 24.02.0 -layout, per page; entry boundaries by visible ""N."" numbering",RAW-OCCURRENCE; NOT-AUTHORITATIVE-RAW-LEDGER
REF-403,403,14,ART-001,1,https://www.sec.gov/Archives/edgar/data/1415020/0000912282-09-001586.txt,https://www.sec.gov/Archives/edgar/data/1415020/0000912282-09-001586.txt,False,False,EXS-100,4,163,False,,519e11743f2af121a4f6618d4960bf3e3db67899d64b51abc46d93b9c4a70303,"poppler pdftotext 24.02.0 -layout, per page; entry boundaries by visible ""N."" numbering",RAW-OCCURRENCE; NOT-AUTHORITATIVE-RAW-LEDGER
REF-404,404,15,ART-001,1,https://www.sec.gov/Archives/edgar/data/1535778/000153577820000050/0001535778-20-000050.txt,https://www.sec.gov/Archives/edgar/data/1535778/000153577820000050/0001535778-20-000050.txt,False,False,EXS-101,4,164,False,,0a37f733ace2c5694ec1e49b2091ebc2ef2b19b83c21656802361eae8c4b8693,"poppler pdftotext 24.02.0 -layout, per page; entry boundaries by visible ""N."" numbering",RAW-OCCURRENCE; NOT-AUTHORITATIVE-RAW-LEDGER
REF-405,405,15,ART-001,1,https://theneuralledger.com/corrections,https://theneuralledger.com/corrections,False,False,EXS-102,4,165,False,,2ffbe4b2521af044af640315c3018e037422deeef3cdf2276f84259ef6ab3f2c,"poppler pdftotext 24.02.0 -layout, per page; entry boundaries by visible ""N."" numbering",RAW-OCCURRENCE; NOT-AUTHORITATIVE-RAW-LEDGER
REF-406,406,15,ART-001,1,https://us-kb.sage.com/portal/app/portlets/results/view2.jsp?k2dockey=224924550063855,https://us-kb.sage.com/portal/app/portlets/results/view2.jsp?k2dockey=224924550063855,False,False,EXS-103,4,166,False,,763d61711fff5837fcd10f3c4e796e251ffdfbbaea6b4a723333d39ef0571eb3,"poppler pdftotext 24.02.0 -layout, per page; entry boundaries by visible ""N."" numbering",RAW-OCCURRENCE; NOT-AUTHORITATIVE-RAW-LEDGER
REF-407,407,15,ART-001,1,https://theforensicledger.net/,https://theforensicledger.net/,False,False,EXS-104,4,167,False,,2bd9a48843346ef88622581a3e58cef927c3d55d6c92c3aac6cef75c19c0c8cd,"poppler pdftotext 24.02.0 -layout, per page; entry boundaries by visible ""N."" numbering",RAW-OCCURRENCE; NOT-AUTHORITATIVE-RAW-LEDGER
REF-408,408,15,ART-001,1,https://www.sec.gov/Archives/edgar/data/1698113/000121390020019935/0001213900-20-019935.txt,https://www.sec.gov/Archives/edgar/data/1698113/000121390020019935/0001213900-20-019935.txt,False,False,EXS-105,4,168,False,,79d40454fd823065feb42bc2a334dc710656ce10ea3851530c8fd677e35c0599,"poppler pdftotext 24.02.0 -layout, per page; entry boundaries by visible ""N."" numbering",RAW-OCCURRENCE; NOT-AUTHORITATIVE-RAW-LEDGER
REF-409,409,15,ART-001,1,https://www.sec.gov/Archives/edgar/data/895421/000095010312000443/0000950103-12-000443.txt,https://www.sec.gov/Archives/edgar/data/895421/000095010312000443/0000950103-12-000443.txt,False,False,EXS-107,4,170,False,,03844f0851d8e781d2c6114bc52f971659febc0a5850d2c16c99e016ffeaee38,"poppler pdftotext 24.02.0 -layout, per page; entry boundaries by visible ""N."" numbering",RAW-OCCURRENCE; NOT-AUTHORITATIVE-RAW-LEDGER
REF-410,410,15,ART-001,1,https://donjon.ledger.com/lsb/023/,https://donjon.ledger.com/lsb/023/,False,False,EXS-108,4,171,False,,77c44fdf2e424f27d5ddf0bc294c9ef10b9ddd41d5b4f4642462819fa55ae6fb,"poppler pdftotext 24.02.0 -layout, per page; entry boundaries by visible ""N."" numbering",RAW-OCCURRENCE; NOT-AUTHORITATIVE-RAW-LEDGER
REF-411,411,15,ART-001,1,https://www.sec.gov/Archives/edgar/data/721994/000072199420000007/0000721994-20-000007.txt,https://www.sec.gov/Archives/edgar/data/721994/000072199420000007/0000721994-20-000007.txt,False,False,EXS-109,4,172,False,,48f0fd33b7f6a845a3e692ec8e2fc24093eaa6498dada4f1d1405e4717fd4ab2,"poppler pdftotext 24.02.0 -layout, per page; entry boundaries by visible ""N."" numbering",RAW-OCCURRENCE; NOT-AUTHORITATIVE-RAW-LEDGER
REF-412,412,15,ART-001,1,https://secretagentfed.substack.com/p/lxxviii-the-many-successions-of-al,https://secretagentfed.substack.com/p/lxxviii-the-many-successions-of-al,False,False,EXS-204,3,357,False,,e3631fbce6a398b74b6193db2c5fa78fb61e5cbd0068e3bc73e978718ad3c6f4,"poppler pdftotext 24.02.0 -layout, per page; entry boundaries by visible ""N."" numbering",RAW-OCCURRENCE; NOT-AUTHORITATIVE-RAW-LEDGER
REF-413,413,15,ART-001,2,https://wikis.mit.edu/confluence/download/attachments/101552355/Combined FIN Notes.xlsx?version=1&modificationDate=1415112305000&api=v2,https://wikis.mit.edu/confluence/download/attachments/101552355/Combined FIN Notes.xlsx? version=1&modificationDate=1415112305000&api=v2,True,True,EXS-110,4,173,False,,c7f328af98ff906b7735617acd0cb2763af3f8060c4d7e213f2cbaf80f50c8b6,"poppler pdftotext 24.02.0 -layout, per page; entry boundaries by visible ""N."" numbering",RAW-OCCURRENCE; NOT-AUTHORITATIVE-RAW-LEDGER
REF-414,414,15,ART-001,1,https://evidencecollective.substack.com/,https://evidencecollective.substack.com/,False,False,EXS-111,4,174,False,,19e8163384fbab37752cbf3691d11a2e4afaf566a663e4a257263a2105a2340f,"poppler pdftotext 24.02.0 -layout, per page; entry boundaries by visible ""N."" numbering",RAW-OCCURRENCE; NOT-AUTHORITATIVE-RAW-LEDGER
REF-415,415,15,ART-001,1,https://trusttheevidence.substack.com/,https://trusttheevidence.substack.com/,False,False,EXS-112,4,175,False,,22d8aa3ca85d253bd14bfeba9d2f90fd1645a176915d5f0567eb9d288393f5cc,"poppler pdftotext 24.02.0 -layout, per page; entry boundaries by visible ""N."" numbering",RAW-OCCURRENCE; NOT-AUTHORITATIVE-RAW-LEDGER
REF-416,416,15,ART-001,1,https://catalog.data.gov/dataset/?tags=account-reconciliation,https://catalog.data.gov/dataset/?tags=account-reconciliation,False,False,EXS-113,4,176,False,,500921a20925be9160392d08dc126182fcad41e0d9591b40b290ee8f5e2546ea,"poppler pdftotext 24.02.0 -layout, per page; entry boundaries by visible ""N."" numbering",RAW-OCCURRENCE; NOT-AUTHORITATIVE-RAW-LEDGER
REF-417,417,15,ART-001,1,https://exposed1.substack.com/p/evidence-locker-the-department-of,https://exposed1.substack.com/p/evidence-locker-the-department-of,False,False,EXS-114,4,177,False,,29a67db267be8905b766be7826c519d21faace37c9cd3f6c18c9e9b415ebbbdc,"poppler pdftotext 24.02.0 -layout, per page; entry boundaries by visible ""N."" numbering",RAW-OCCURRENCE; NOT-AUTHORITATIVE-RAW-LEDGER
REF-418,418,15,ART-001,1,https://evidenceofabsence.substack.com/,https://evidenceofabsence.substack.com/,False,False,EXS-115,4,178,False,,57e706526b1bea14354dd36f187a6fadddf8b2ec4aee9ef681e0ef5affba1b97,"poppler pdftotext 24.02.0 -layout, per page; entry boundaries by visible ""N."" numbering",RAW-OCCURRENCE; NOT-AUTHORITATIVE-RAW-LEDGER
REF-419,419,15,ART-001,1,https://evidencepress.org/ai/,https://evidencepress.org/ai/,False,False,EXS-116,4,179,False,,4d210950691eed4d6b4c7b126a09d64ff0352fe32da28de11e4aea3f30e95642,"poppler pdftotext 24.02.0 -layout, per page; entry boundaries by visible ""N."" numbering",RAW-OCCURRENCE; NOT-AUTHORITATIVE-RAW-LEDGER
REF-420,420,15,ART-001,1,https://thedivision-archive.fandom.com/wiki/Category:Evidence,https://thedivision-archive.fandom.com/wiki/Category:Evidence,False,False,EXS-118,4,181,False,,b58afa966c04c4b1000be60f4a1a72b9d1dfca5985b733c9b7f70824c7803c90,"poppler pdftotext 24.02.0 -layout, per page; entry boundaries by visible ""N."" numbering",RAW-OCCURRENCE; NOT-AUTHORITATIVE-RAW-LEDGER
REF-421,421,15,ART-001,1,https://play.google.com/store/apps/details?id=com.evidenceAtlas.android&hl=pl,https://play.google.com/store/apps/details?id=com.evidenceAtlas.android&hl=pl,False,False,EXS-119,4,182,False,,57a2f9245416a1ed4c9c95a2e5d9d30186b2b17916d04ec83de6e29875991fd1,"poppler pdftotext 24.02.0 -layout, per page; entry boundaries by visible ""N."" numbering",RAW-OCCURRENCE; NOT-AUTHORITATIVE-RAW-LEDGER
REF-422,422,15,ART-001,1,https://qed.online/wp-content/uploads/2018/09/EvidenceMgt.pdf,https://qed.online/wp-content/uploads/2018/09/EvidenceMgt.pdf,False,False,EXS-120,4,183,False,,a80fede93a8368f4c7a3f0a74d605dee42d87b9a84191eeaff344d1701a743df,"poppler pdftotext 24.02.0 -layout, per page; entry boundaries by visible ""N."" numbering",RAW-OCCURRENCE; NOT-AUTHORITATIVE-RAW-LEDGER
REF-423,423,15,ART-001,1,https://arxiv.org/pdf/2107.06296.pdf,https://arxiv.org/pdf/2107.06296.pdf,False,False,EXS-072,4,134,False,,d0a26e236f31073fd0eaf2e88b7dbc27d83ad06a6dce28796d4f2068be6e6f88,"poppler pdftotext 24.02.0 -layout, per page; entry boundaries by visible ""N."" numbering",RAW-OCCURRENCE; NOT-AUTHORITATIVE-RAW-LEDGER
REF-424,424,15,ART-001,1,https://killchains.com/atlas.php,https://killchains.com/atlas.php,False,False,EXS-121,4,184,False,,39b22a03273311ae2f89570b71d57da4501571911669a61c493783668f17afea,"poppler pdftotext 24.02.0 -layout, per page; entry boundaries by visible ""N."" numbering",RAW-OCCURRENCE; NOT-AUTHORITATIVE-RAW-LEDGER
REF-425,425,15,ART-001,1,https://download.microsoft.com/download/2/c/4/2c453a0c-ea37-4b1e-97dc-5c16f15c4432/e_discovery_datasheet.pdf,https://download.microsoft.com/download/2/c/4/2c453a0c-ea37-4b1e-97dc-5c16f15c4432/e_discovery_datasheet.pdf,False,False,EXS-122,4,185,True,GLYPH-ft-AS-NUL,4bda21bd89c7866733b31511be5339ca18c428c0188ffd6b9f1a180d579bbc18,"poppler pdftotext 24.02.0 -layout, per page; entry boundaries by visible ""N."" numbering",RAW-OCCURRENCE; NOT-AUTHORITATIVE-RAW-LEDGER
REF-426,426,15,ART-001,1,https://davidmasters.substack.com/p/3i-atlas-something-terrifying-has,https://davidmasters.substack.com/p/3i-atlas-something-terrifying-has,False,False,EXS-123,4,186,False,,b17c959c941a1eb0123715eb556369e548fb78d374858b0d788119b9a2618d31,"poppler pdftotext 24.02.0 -layout, per page; entry boundaries by visible ""N."" numbering",RAW-OCCURRENCE; NOT-AUTHORITATIVE-RAW-LEDGER
REF-427,427,15,ART-001,1,https://biblesecrets.substack.com/,https://biblesecrets.substack.com/,False,False,EXS-124,4,188,False,,33865f18f21c53a180deaab0704b91e58377bbc0ec7e0465860c76b43860be40,"poppler pdftotext 24.02.0 -layout, per page; entry boundaries by visible ""N."" numbering",RAW-OCCURRENCE; NOT-AUTHORITATIVE-RAW-LEDGER
REF-428,428,15,ART-001,1,https://evidencebyrelentless.substack.com/p/evidence-19,https://evidencebyrelentless.substack.com/p/evidence-19,False,False,EXS-125,4,189,False,,157219656a28b8fdcf08817c55cd647e8d4c11d2a555edbc924101a31a81fb60,"poppler pdftotext 24.02.0 -layout, per page; entry boundaries by visible ""N."" numbering",RAW-OCCURRENCE; NOT-AUTHORITATIVE-RAW-LEDGER
REF-429,429,15,ART-001,1,https://secretagentfed.substack.com/p/lxxvii-the-correction-ledger-the,https://secretagentfed.substack.com/p/lxxvii-the-correction-ledger-the,False,False,EXS-128,4,192,False,,f6dbfb48ee96cab15ecf28bf00b12c4132c072109302244196ab9c6373693dba,"poppler pdftotext 24.02.0 -layout, per page; entry boundaries by visible ""N."" numbering",RAW-OCCURRENCE; NOT-AUTHORITATIVE-RAW-LEDGER
REF-430,430,15,ART-001,1,https://secretagentfed.substack.com/p/the-atlas-complete-master-reconciliation,https://secretagentfed.substack.com/p/the-atlas-complete-master-reconciliation,False,False,EXS-129,4,193,False,,587bc0420ccad106014923ee0b32e84f5aa279791ef602edd871cf6ec8a9219e,"poppler pdftotext 24.02.0 -layout, per page; entry boundaries by visible ""N."" numbering",RAW-OCCURRENCE; NOT-AUTHORITATIVE-RAW-LEDGER
REF-431,431,15,ART-001,1,https://secretagentfed.substack.com/p/evidence-atlas-of-early-islamic-arabian-e77,https://secretagentfed.substack.com/p/evidence-atlas-of-early-islamic-arabian-e77,False,False,EXS-130,4,194,False,,a56be58971dfcee8c2df35aae16115fd323289577a35e0132a7f6786eddcc2e3,"poppler pdftotext 24.02.0 -layout, per page; entry boundaries by visible ""N."" numbering",RAW-OCCURRENCE; NOT-AUTHORITATIVE-RAW-LEDGER
REF-432,432,15,ART-001,1,https://secretagentfed.substack.com/p/evidence-atlas-of-early-islamic-arabian-6bd,https://secretagentfed.substack.com/p/evidence-atlas-of-early-islamic-arabian-6bd,False,False,EXS-131,4,195,False,,99342d4a7779f764683c4133e73bf02b518f651c647fde7336e5c445e30291c4,"poppler pdftotext 24.02.0 -layout, per page; entry boundaries by visible ""N."" numbering",RAW-OCCURRENCE; NOT-AUTHORITATIVE-RAW-LEDGER
REF-433,433,15,ART-001,1,http://aghalibrary.com/storage/books/1611653144_AghaLibrary.pdf,http://aghalibrary.com/storage/books/1611653144_AghaLibrary.pdf,False,False,EXS-132,4,196,False,,6401da4fbb1894d94f6dc329ab7b2a652baa0a479239c431221bc6e907c463d2,"poppler pdftotext 24.02.0 -layout, per page; entry boundaries by visible ""N."" numbering",RAW-OCCURRENCE; NOT-AUTHORITATIVE-RAW-LEDGER
REF-434,434,15,ART-001,1,https://substack.com/@revealedeye/note/c-221842058?r=1fcijz,https://substack.com/@revealedeye/note/c-221842058?r=1fcijz,False,False,EXS-073,4,135,False,,0454bec2758ff2df6edb8c9871a88c2e3d1bfc74c34b6e3c4a0c4646c8df2fb8,"poppler pdftotext 24.02.0 -layout, per page; entry boundaries by visible ""N."" numbering",RAW-OCCURRENCE; NOT-AUTHORITATIVE-RAW-LEDGER
REF-435,435,15,ART-001,1,https://www.yumpu.com/en/document/view/68308919/atlas-collection,https://www.yumpu.com/en/document/view/68308919/atlas-collection,False,False,EXS-133,4,197,False,,a0058e6265f451f831d1507d2debd22c19315039576dcbafb4aebffdc0864857,"poppler pdftotext 24.02.0 -layout, per page; entry boundaries by visible ""N."" numbering",RAW-OCCURRENCE; NOT-AUTHORITATIVE-RAW-LEDGER
REF-436,436,15,ART-001,1,https://dspace.spbu.ru/collections/bd3d2939-8fa1-4510-bf07-e32d0ab00103,https://dspace.spbu.ru/collections/bd3d2939-8fa1-4510-bf07-e32d0ab00103,False,False,EXS-134,4,198,False,,0853f7627b9b9fdeec84b64c3aca346dc52dae0eae372a3ef954632191d7cbfa,"poppler pdftotext 24.02.0 -layout, per page; entry boundaries by visible ""N."" numbering",RAW-OCCURRENCE; NOT-AUTHORITATIVE-RAW-LEDGER
REF-437,437,15,ART-001,1,https://ismi.mpiwg-berlin.mpg.de/search,https://ismi.mpiwg-berlin.mpg.de/search,False,False,EXS-135,4,199,False,,9b49322408a12aa752c6ef8be966faf1015792ceef543eacca041cfce04ad7f3,"poppler pdftotext 24.02.0 -layout, per page; entry boundaries by visible ""N."" numbering",RAW-OCCURRENCE; NOT-AUTHORITATIVE-RAW-LEDGER
REF-438,438,15,ART-001,1,https://es.slideshare.net/slideshow/atlas-67688150/67688150,https://es.slideshare.net/slideshow/atlas-67688150/67688150,False,False,EXS-136,4,200,False,,70b505f087445e7151123ad19cd44e379a9025410478f9267a330eb5fd32a95b,"poppler pdftotext 24.02.0 -layout, per page; entry boundaries by visible ""N."" numbering",RAW-OCCURRENCE; NOT-AUTHORITATIVE-RAW-LEDGER
REF-439,439,15,ART-001,1,https://tile.loc.gov/storage-services/master/gdc/gdcebookspublic/20/20/42/61/22/2020426122/2020426122.pdf,https://tile.loc.gov/storage-services/master/gdc/gdcebookspublic/20/20/42/61/22/2020426122/2020426122.pdf,False,False,EXS-137,4,201,False,,3d524fe23e1e44eb200fa3e90259b9803e90e855f31f7a19cd22d69f7fde1766,"poppler pdftotext 24.02.0 -layout, per page; entry boundaries by visible ""N."" numbering",RAW-OCCURRENCE; NOT-AUTHORITATIVE-RAW-LEDGER
REF-440,440,16,ART-001,1,https://www.islamic-awareness.org/history/islam/inscriptions/earlyislam.html,https://www.islamic-awareness.org/history/islam/inscriptions/earlyislam.html,False,False,EXS-034,4,67,False,,a3b37ee7bdc5dee164ed8e4a481ccd419d522da6b840fa36feb44fc0bc70a212,"poppler pdftotext 24.02.0 -layout, per page; entry boundaries by visible ""N."" numbering",RAW-OCCURRENCE; NOT-AUTHORITATIVE-RAW-LEDGER
REF-441,441,16,ART-001,2,https://archive.org/stream/TheHiddenOriginsOfIslamNewResearchIntoItsEarlyHistory/The Hidden Origins of Islam -New Research into Its Early History_djvu.txt,https://archive.org/stream/TheHiddenOriginsOfIslamNewResearchIntoItsEarlyHistory/The Hidden Origins of Islam - New Research into Its Early History_djvu.txt,True,True,EXS-035,4,68,False,,a51917bf7e6228b7e952c0f4369b9f31a4f8a51f378bb48ea744da0727cb1a32,"poppler pdftotext 24.02.0 -layout, per page; entry boundaries by visible ""N."" numbering",RAW-OCCURRENCE; NOT-AUTHORITATIVE-RAW-LEDGER
REF-442,442,16,ART-001,1,https://almuslih.org/wp-content/uploads/2024/11/Lindstedt-I-–-Pre-Islamic-Arabia-and-Early-Islam.pdf,https://almuslih.org/wp-content/uploads/2024/11/Lindstedt-I-–-Pre-Islamic-Arabia-and-Early-Islam.pdf,False,False,EXS-036,4,69,False,,fe8c7b66e82ac4ebf39450beea2bb2805f9acc0ca798e1c1205dad0e7528ca6b,"poppler pdftotext 24.02.0 -layout, per page; entry boundaries by visible ""N."" numbering",RAW-OCCURRENCE; NOT-AUTHORITATIVE-RAW-LEDGER
REF-443,443,16,ART-001,1,https://ia801506.us.archive.org/21/items/in.ernet.dli.2015.13564/2015.13564.History-Of-The-Arabs_text.pdf,https://ia801506.us.archive.org/21/items/in.ernet.dli.2015.13564/2015.13564.History-Of-The-Arabs_text.pdf,False,False,EXS-037,4,70,False,,ace18433b2200a7272c36476059f176c1a53a06b784b533c1eece97c735f5568,"poppler pdftotext 24.02.0 -layout, per page; entry boundaries by visible ""N."" numbering",RAW-OCCURRENCE; NOT-AUTHORITATIVE-RAW-LEDGER
REF-444,444,16,ART-001,1,https://api.pageplace.de/preview/DT0400.9781474408271_A49299938/preview-9781474408271_A49299938.pdf,https://api.pageplace.de/preview/DT0400.9781474408271_A49299938/preview-9781474408271_A49299938.pdf,False,False,EXS-038,4,71,False,,672fc55ee45a41671a29a5fc56e714644c3033c3a8d5b93067c7e795bf42c31a,"poppler pdftotext 24.02.0 -layout, per page; entry boundaries by visible ""N."" numbering",RAW-OCCURRENCE; NOT-AUTHORITATIVE-RAW-LEDGER
REF-445,445,16,ART-001,1,https://canmyagentuse.com/atlas,https://canmyagentuse.com/atlas,False,False,EXS-075,4,137,False,,b7670d74948d5647b48c267e0b534acee938861aeea9734bfc504a5b357dd000,"poppler pdftotext 24.02.0 -layout, per page; entry boundaries by visible ""N."" numbering",RAW-OCCURRENCE; NOT-AUTHORITATIVE-RAW-LEDGER
REF-446,446,16,ART-001,1,https://brill.com/display/book/9789004687134/BP000001.xml,https://brill.com/display/book/9789004687134/BP000001.xml,False,False,EXS-039,4,72,False,,925bb8e57334963a1a835f603facf78f0c78b2e7f7d034bd08d8242ff23b49c1,"poppler pdftotext 24.02.0 -layout, per page; entry boundaries by visible ""N."" numbering",RAW-OCCURRENCE; NOT-AUTHORITATIVE-RAW-LEDGER
REF-447,447,16,ART-001,1,https://brill.com/downloadpdf/display/book/9789004687134/BP000001.pdf,https://brill.com/downloadpdf/display/book/9789004687134/BP000001.pdf,False,False,EXS-040,4,73,False,,48982bdd932ce443cc53b2d23acfdf210113c01dcb5b19db2f80021bc072067d,"poppler pdftotext 24.02.0 -layout, per page; entry boundaries by visible ""N."" numbering",RAW-OCCURRENCE; NOT-AUTHORITATIVE-RAW-LEDGER
REF-448,448,16,ART-001,1,https://ora.ox.ac.uk/objects/uuid:7a5c31c1-059a-4f5f-8b86-bb89b11f143a/files/d6395w7791,https://ora.ox.ac.uk/objects/uuid:7a5c31c1-059a-4f5f-8b86-bb89b11f143a/files/d6395w7791,False,False,EXS-041,4,74,False,,aafcb6dc986f95884553b9260f5492d9f55d848eb05bfc72086b965179308dee,"poppler pdftotext 24.02.0 -layout, per page; entry boundaries by visible ""N."" numbering",RAW-OCCURRENCE; NOT-AUTHORITATIVE-RAW-LEDGER
REF-449,449,16,ART-001,2,https://islamspring2012.voices.wooster.edu/wp-content/uploads/sites/192/2018/09/johns_archaeology-and-history-of-early-islam-1.pdf,https://islamspring2012.voices.wooster.edu/wp-content/uploads/sites/192/2018/09/johns_archaeology-and-history-of -early-islam-1.pdf,True,False,EXS-042,4,75,False,,5276a765b5eb143c63de668118730293ea75a9b10f647fa38a97c925bc3a29bd,"poppler pdftotext 24.02.0 -layout, per page; entry boundaries by visible ""N."" numbering",RAW-OCCURRENCE; NOT-AUTHORITATIVE-RAW-LEDGER
REF-450,450,16,ART-001,1,https://academic.oup.com/edited-volume/34293/chapter/290722454,https://academic.oup.com/edited-volume/34293/chapter/290722454,False,False,EXS-043,4,76,False,,952de7db6f4a7d64d542e3481bad146de215f42cef2d7d3ad421787c28cd80b9,"poppler pdftotext 24.02.0 -layout, per page; entry boundaries by visible ""N."" numbering",RAW-OCCURRENCE; NOT-AUTHORITATIVE-RAW-LEDGER
REF-451,451,16,ART-001,1,https://www.cia.gov/readingroom/search/site/CIA-RDP96-00788R001700210016,https://www.cia.gov/readingroom/search/site/CIA-RDP96-00788R001700210016,False,False,EXS-045,4,78,False,,c1560d14d4903bf222d0a04f66ed6e1620243c1d1104b2b62f687496089f1065,"poppler pdftotext 24.02.0 -layout, per page; entry boundaries by visible ""N."" numbering",RAW-OCCURRENCE; NOT-AUTHORITATIVE-RAW-LEDGER
REF-452,452,16,ART-001,1,https://redef.com/source/56a6f5a258cd06842f4246fd,https://redef.com/source/56a6f5a258cd06842f4246fd,False,False,EXS-046,4,79,False,,79918ff259edc4d6ec7b792a247891c9fe09d9e8f07f19201489236fee5a5ddc,"poppler pdftotext 24.02.0 -layout, per page; entry boundaries by visible ""N."" numbering",RAW-OCCURRENCE; NOT-AUTHORITATIVE-RAW-LEDGER
REF-453,453,16,ART-001,1,https://www.academia.edu/Documents/in/Secret_archives/MostCited,https://www.academia.edu/Documents/in/Secret_archives/MostCited,False,False,EXS-047,4,80,False,,f07d6c89b7a2c8bfb94f97cfea67c43d59bbb876104013999836817cf9edd240,"poppler pdftotext 24.02.0 -layout, per page; entry boundaries by visible ""N."" numbering",RAW-OCCURRENCE; NOT-AUTHORITATIVE-RAW-LEDGER
REF-454,454,16,ART-001,1,https://muse.jhu.edu/pub/5/oa_monograph/chapter/2181243,https://muse.jhu.edu/pub/5/oa_monograph/chapter/2181243,False,False,EXS-048,4,81,False,,258e88b7c1640ad5e84b8eb905736f417f57f1d9174e405329b7ca5f1582ecea,"poppler pdftotext 24.02.0 -layout, per page; entry boundaries by visible ""N."" numbering",RAW-OCCURRENCE; NOT-AUTHORITATIVE-RAW-LEDGER
REF-455,455,16,ART-001,1,https://www.amazon.com.au/Disclosure-Military-Government-Witnesses-Greatest/dp/0967323819,https://www.amazon.com.au/Disclosure-Military-Government-Witnesses-Greatest/dp/0967323819,False,False,EXS-049,4,82,False,,f6ebe364aba23f54b094605124f8ba32078ebdae284cfee2e4c2f009a250961a,"poppler pdftotext 24.02.0 -layout, per page; entry boundaries by visible ""N."" numbering",RAW-OCCURRENCE; NOT-AUTHORITATIVE-RAW-LEDGER
REF-456,456,16,ART-001,1,https://canmyagentuse.com/atlas/sources,https://canmyagentuse.com/atlas/sources,False,False,EXS-076,4,138,False,,6dc94e64e36bb097e459a66e2dee573fd6c88982554e616ac20e0b138b5442b7,"poppler pdftotext 24.02.0 -layout, per page; entry boundaries by visible ""N."" numbering",RAW-OCCURRENCE; NOT-AUTHORITATIVE-RAW-LEDGER
REF-457,457,16,ART-001,1,https://substack.com/@secretagentfed,https://substack.com/@secretagentfed,False,False,EXS-001,6,1,False,,1a4afadf1edb5d2806c018d5a3e365c52adde5bfc7d1e2db5407b95a912dec61,"poppler pdftotext 24.02.0 -layout, per page; entry boundaries by visible ""N."" numbering",RAW-OCCURRENCE; NOT-AUTHORITATIVE-RAW-LEDGER
REF-458,458,16,ART-001,1,https://secretagentfed.substack.com/,https://secretagentfed.substack.com/,False,False,EXS-012,6,12,False,,a6e13c3f5f2eb0d6701f01f5d042d3b7634252093977046bfc0e19d4c7b73ab1,"poppler pdftotext 24.02.0 -layout, per page; entry boundaries by visible ""N."" numbering",RAW-OCCURRENCE; NOT-AUTHORITATIVE-RAW-LEDGER
REF-459,459,16,ART-001,2,http://teachmiddleeast.lib.uchicago.edu/historical-perspectives/rulership-and-justice/islamic-period/essay/essay-02.html,http://teachmiddleeast.lib.uchicago.edu/historical-perspectives/rulership-and-justice/islamic-period/essay/essay-02.h tml,True,False,EXS-002,6,2,False,,9c3dcd9fe5d3b4d4f8386c4c1e36113c8ea2629287a2b429c50554cba0f949da,"poppler pdftotext 24.02.0 -layout, per page; entry boundaries by visible ""N."" numbering",RAW-OCCURRENCE; NOT-AUTHORITATIVE-RAW-LEDGER
REF-460,460,16,ART-001,1,https://www.yumpu.com/en/document/view/33323425/muhammad,https://www.yumpu.com/en/document/view/33323425/muhammad,False,False,EXS-004,6,4,False,,bf9cb572951cdf724119c86494bcaa5a536cf2149eec24c54899a1a8274e1388,"poppler pdftotext 24.02.0 -layout, per page; entry boundaries by visible ""N."" numbering",RAW-OCCURRENCE; NOT-AUTHORITATIVE-RAW-LEDGER
REF-461,461,16,ART-001,1,https://substack.com/top/news,https://substack.com/top/news,False,False,EXS-005,6,5,False,,199efac3cf714b076690c865a579db16b80d05860b30901c16e32e537bcba9eb,"poppler pdftotext 24.02.0 -layout, per page; entry boundaries by visible ""N."" numbering",RAW-OCCURRENCE; NOT-AUTHORITATIVE-RAW-LEDGER
REF-462,462,16,ART-001,1,https://andrewsullivan.substack.com/feed,https://andrewsullivan.substack.com/feed,False,False,EXS-007,6,7,False,,252b1c9a89a1dbfd24dc8fee3f7ef694764832e778eb7292084ed4239d8b7b21,"poppler pdftotext 24.02.0 -layout, per page; entry boundaries by visible ""N."" numbering",RAW-OCCURRENCE; NOT-AUTHORITATIVE-RAW-LEDGER
REF-463,463,16,ART-001,1,https://substack.com/@ym12265855,https://substack.com/@ym12265855,False,False,EXS-008,6,8,False,,639530baea31e4d88f4bbe2e7a4b4fc4f57d4c3f692fe2d72edab29ab596eb06,"poppler pdftotext 24.02.0 -layout, per page; entry boundaries by visible ""N."" numbering",RAW-OCCURRENCE; NOT-AUTHORITATIVE-RAW-LEDGER
REF-464,464,16,ART-001,1,https://muse.jhu.edu/pub/320/oa_monograph/chapter/2581109,https://muse.jhu.edu/pub/320/oa_monograph/chapter/2581109,False,False,EXS-009,6,9,False,,3bc6027bd8f4f4845e14856fef5a8a1f6def9a83678d79c322e5a319b994c325,"poppler pdftotext 24.02.0 -layout, per page; entry boundaries by visible ""N."" numbering",RAW-OCCURRENCE; NOT-AUTHORITATIVE-RAW-LEDGER
REF-465,465,16,ART-001,1,https://api.substack.com/feed/podcast/1300522.rss,https://api.substack.com/feed/podcast/1300522.rss,False,False,EXS-011,6,11,False,,564aa946f7daea76da312f3be4ae27282d322a5513688d21c15a2f56e837e2e1,"poppler pdftotext 24.02.0 -layout, per page; entry boundaries by visible ""N."" numbering",RAW-OCCURRENCE; NOT-AUTHORITATIVE-RAW-LEDGER
REF-466,466,16,ART-001,1,https://al-islam.org/media/popular?page=79,https://al-islam.org/media/popular?page=79,False,False,EXS-014,6,14,False,,d66ae17879827009b2277df3acdff228a1df867cb51258527990fe9cc7e0980c,"poppler pdftotext 24.02.0 -layout, per page; entry boundaries by visible ""N."" numbering",RAW-OCCURRENCE; NOT-AUTHORITATIVE-RAW-LEDGER
REF-467,467,16,ART-001,1,https://vault.fbi.gov/,https://vault.fbi.gov/,False,False,EXS-077,4,139,False,,ac8221c4339cf09343b82deb6f98a3137a312c3f28cac317c3b277527a3a0e74,"poppler pdftotext 24.02.0 -layout, per page; entry boundaries by visible ""N."" numbering",RAW-OCCURRENCE; NOT-AUTHORITATIVE-RAW-LEDGER
REF-468,468,16,ART-001,1,https://www.cambridge.org/core/books/succession-to-muhammad/1F8CA4D35B362EF97EE20004F53763B2,https://www.cambridge.org/core/books/succession-to-muhammad/1F8CA4D35B362EF97EE20004F53763B2,False,False,EXS-015,6,15,False,,7d3c1fddfcd77ee6afcc6070727b12bc0baf8377791b7ef5eeba79978172e621,"poppler pdftotext 24.02.0 -layout, per page; entry boundaries by visible ""N."" numbering",RAW-OCCURRENCE; NOT-AUTHORITATIVE-RAW-LEDGER
REF-469,469,16,ART-001,1,https://sau.posthaven.com/archive?date=1646092800,https://sau.posthaven.com/archive?date=1646092800,False,False,EXS-016,6,16,False,,09061f017f81a7389670b8a6c779077c8aa2650e908248f2d9aa0c87ec765a5c,"poppler pdftotext 24.02.0 -layout, per page; entry boundaries by visible ""N."" numbering",RAW-OCCURRENCE; NOT-AUTHORITATIVE-RAW-LEDGER
REF-470,470,16,ART-001,1,https://substack.com/@sallyekus,https://substack.com/@sallyekus,False,False,EXS-017,6,17,False,,7dca3371dee711aba62b0dd62bf6a82e44122faa99fd6caf8bf9d97cfb33e34e,"poppler pdftotext 24.02.0 -layout, per page; entry boundaries by visible ""N."" numbering",RAW-OCCURRENCE; NOT-AUTHORITATIVE-RAW-LEDGER
REF-471,471,16,ART-001,1,https://substack.com/@mssnfutminna/note/c-354820152,https://substack.com/@mssnfutminna/note/c-354820152,False,False,EXS-018,6,18,False,,3ca5b88ba32c434c3917c3a3d9b115b704168ce787bc92d1cc717eb7223a993f,"poppler pdftotext 24.02.0 -layout, per page; entry boundaries by visible ""N."" numbering",RAW-OCCURRENCE; NOT-AUTHORITATIVE-RAW-LEDGER
REF-472,472,16,ART-001,1,https://substack.com/@fedorito,https://substack.com/@fedorito,False,False,EXS-019,6,19,False,,762ed7ada3cf238bd37aaf3ccb939002337d991431d43c908fbcec87811db301,"poppler pdftotext 24.02.0 -layout, per page; entry boundaries by visible ""N."" numbering",RAW-OCCURRENCE; NOT-AUTHORITATIVE-RAW-LEDGER
REF-473,473,16,ART-001,1,https://api.substack.com/feed/podcast/28308.rss,https://api.substack.com/feed/podcast/28308.rss,False,False,EXS-020,6,20,False,,5e4e40aabab96aceddf6f2690279973723783df9d0dc4a72355fb9304886bc28,"poppler pdftotext 24.02.0 -layout, per page; entry boundaries by visible ""N."" numbering",RAW-OCCURRENCE; NOT-AUTHORITATIVE-RAW-LEDGER
REF-474,474,16,ART-001,1,https://en.wikipedia.org/wiki/Succession_to_Muhammad,https://en.wikipedia.org/wiki/Succession_to_Muhammad,False,False,EXS-021,6,21,False,,84f46d0a68464f4a66436d1eab2ba1f1aeee9a3b760eeba25bdbd0ae12c2422a,"poppler pdftotext 24.02.0 -layout, per page; entry boundaries by visible ""N."" numbering",RAW-OCCURRENCE; NOT-AUTHORITATIVE-RAW-LEDGER
REF-475,475,17,ART-001,1,https://substack.com/@secretstrategist,https://substack.com/@secretstrategist,False,False,EXS-022,6,22,False,,d969ade93a4121e51fe42f3882af645c68f140a05a198532db5863cfa5325104,"poppler pdftotext 24.02.0 -layout, per page; entry boundaries by visible ""N."" numbering",RAW-OCCURRENCE; NOT-AUTHORITATIVE-RAW-LEDGER
REF-476,476,17,ART-001,1,https://notionpress.com/in/read/men-who-carried-islam-forward,https://notionpress.com/in/read/men-who-carried-islam-forward,False,False,EXS-024,6,24,False,,e76700e50c15a17a0b030d224c14c365eb38e5975757002d55da43a402ed65ed,"poppler pdftotext 24.02.0 -layout, per page; entry boundaries by visible ""N."" numbering",RAW-OCCURRENCE; NOT-AUTHORITATIVE-RAW-LEDGER
REF-477,477,17,ART-001,2,https://archive.org/stream/TheSuccessionToMuhammadByWilferdMadelung/The Succession to Muhammad by WilferdMadelung_djvu.txt,https://archive.org/stream/TheSuccessionToMuhammadByWilferdMadelung/The Succession to Muhammad by Wilferd Madelung_djvu.txt,True,True,EXS-025,6,25,False,,68c58a785b71224892adaa415eb5ae4001d3193fe5ec5e7bdc94484899503d3f,"poppler pdftotext 24.02.0 -layout, per page; entry boundaries by visible ""N."" numbering",RAW-OCCURRENCE; NOT-AUTHORITATIVE-RAW-LEDGER
REF-478,478,17,ART-001,1,https://secretagentfed.substack.com/p/lxxiv-master-statement-of-known-facts,https://secretagentfed.substack.com/p/lxxiv-master-statement-of-known-facts,False,False,EXS-201,3,353,False,,72c636947f4526fa737135fde9c5eb64fb3800adb03afc344ba06995e9313294,"poppler pdftotext 24.02.0 -layout, per page; entry boundaries by visible ""N."" numbering",RAW-OCCURRENCE; NOT-AUTHORITATIVE-RAW-LEDGER
REF-479,479,17,ART-001,1,https://arxiv.org/pdf/2211.10825.pdf,https://arxiv.org/pdf/2211.10825.pdf,False,False,EXS-078,4,140,False,,1e3a114c63ebe8c142abed18673ccaff10c42e5c0401fa8f2b21d264aedacc3e,"poppler pdftotext 24.02.0 -layout, per page; entry boundaries by visible ""N."" numbering",RAW-OCCURRENCE; NOT-AUTHORITATIVE-RAW-LEDGER
REF-480,480,17,ART-001,1,https://www.cambridge.org/core/books/muhammads-heirs/8CBC3BC09A66C47E0F114311B09BF725,https://www.cambridge.org/core/books/muhammads-heirs/8CBC3BC09A66C47E0F114311B09BF725,False,False,EXS-026,6,26,False,,893ba223d8f7ecc5c4328ad50b38affd3886c37f4b645e2c973a0786bcbcda17,"poppler pdftotext 24.02.0 -layout, per page; entry boundaries by visible ""N."" numbering",RAW-OCCURRENCE; NOT-AUTHORITATIVE-RAW-LEDGER
REF-481,481,17,ART-001,1,https://atlasecho.substack.com/,https://atlasecho.substack.com/,False,False,EXS-079,4,141,False,,4ccf51e9c389f4c35c5d2c0cebcd8d55ec21c12ecc1046004a10af68feab4713,"poppler pdftotext 24.02.0 -layout, per page; entry boundaries by visible ""N."" numbering",RAW-OCCURRENCE; NOT-AUTHORITATIVE-RAW-LEDGER
REF-482,482,17,ART-001,1,https://github.com/mitre-atlas/atlas-data/releases,https://github.com/mitre-atlas/atlas-data/releases,False,False,EXS-080,4,142,False,,33f68b0525fe5d63ad8d23e0fc13ce32fd7d5fe5f2a93be83813c719453c7420,"poppler pdftotext 24.02.0 -layout, per page; entry boundaries by visible ""N."" numbering",RAW-OCCURRENCE; NOT-AUTHORITATIVE-RAW-LEDGER
REF-483,483,17,ART-001,1,https://lab.ltd/evidence-atlas/,https://lab.ltd/evidence-atlas/,False,False,EXS-081,4,143,False,,e9b0d7407e03276a477c01b7b74f1c8b3a83d6fe383caac1014d9209e8605097,"poppler pdftotext 24.02.0 -layout, per page; entry boundaries by visible ""N."" numbering",RAW-OCCURRENCE; NOT-AUTHORITATIVE-RAW-LEDGER
REF-484,484,17,ART-001,1,https://trapilot.ai/geo/evidence,https://trapilot.ai/geo/evidence,False,False,EXS-082,4,144,False,,cacf500fbf4d3df3e0858a5ec007b3d049c9a16bc04c88b389f5a9b537db8e43,"poppler pdftotext 24.02.0 -layout, per page; entry boundaries by visible ""N."" numbering",RAW-OCCURRENCE; NOT-AUTHORITATIVE-RAW-LEDGER
REF-485,485,17,ART-001,1,https://robertinventor.online/booklets/debunking_doomsday_list.htm,https://robertinventor.online/booklets/debunking_doomsday_list.htm,False,False,EXS-083,4,145,False,,9c1984804fdbfb5dd27bad5c9cdd80ddf10cc80f7bbf9d3b55e675426607c44c,"poppler pdftotext 24.02.0 -layout, per page; entry boundaries by visible ""N."" numbering",RAW-OCCURRENCE; NOT-AUTHORITATIVE-RAW-LEDGER
REF-486,486,17,ART-001,1,https://unpublishablepapers.substack.com/feed,https://unpublishablepapers.substack.com/feed,False,False,EXS-084,4,146,False,,36dfee61bac360aaa8db8e3b4411daa91eb83969d1be9d0ee5d892c0b5e24728,"poppler pdftotext 24.02.0 -layout, per page; entry boundaries by visible ""N."" numbering",RAW-OCCURRENCE; NOT-AUTHORITATIVE-RAW-LEDGER
REF-487,487,17,ART-001,1,https://substack.com/@liedetector1,https://substack.com/@liedetector1,False,False,EXS-086,4,148,False,,6098488456b246e23e7ca06dfbe2bcb8c594c320286eb65f4e850ccca256c5c1,"poppler pdftotext 24.02.0 -layout, per page; entry boundaries by visible ""N."" numbering",RAW-OCCURRENCE; NOT-AUTHORITATIVE-RAW-LEDGER
REF-488,488,17,ART-001,1,https://substack.com/@factandfocus,https://substack.com/@factandfocus,False,False,EXS-087,4,149,False,,0516c77232a2c161c8ec852c979026dc45e9131148288ddcc5060ac0a28eb533,"poppler pdftotext 24.02.0 -layout, per page; entry boundaries by visible ""N."" numbering",RAW-OCCURRENCE; NOT-AUTHORITATIVE-RAW-LEDGER
REF-489,489,17,ART-001,1,https://secretagentfed.substack.com/about,https://secretagentfed.substack.com/about,False,False,EXS-088,4,150,False,,df38c351da54f5835120827c1e1a19a904a6583e458c666ca47156139320e87c,"poppler pdftotext 24.02.0 -layout, per page; entry boundaries by visible ""N."" numbering",RAW-OCCURRENCE; NOT-AUTHORITATIVE-RAW-LEDGER
REF-490,490,17,ART-001,1,https://secretagentfed.substack.com/p/lxxiv-the-religious-warrior-the-tayyite,https://secretagentfed.substack.com/p/lxxiv-the-religious-warrior-the-tayyite,False,False,EXS-202,3,354,False,,a099142e60168d2ab546e80d0e1422bcc659880bdc641e84438df06ab92ee822,"poppler pdftotext 24.02.0 -layout, per page; entry boundaries by visible ""N."" numbering",RAW-OCCURRENCE; NOT-AUTHORITATIVE-RAW-LEDGER
REF-491,491,17,ART-001,1,https://secretagentfed.substack.com/archive,https://secretagentfed.substack.com/archive,False,False,EXS-089,4,151,False,,4d88c2d6130f0ce679d4c0b75256fe61d4203d6edb91973950cc20a70226491b,"poppler pdftotext 24.02.0 -layout, per page; entry boundaries by visible ""N."" numbering",RAW-OCCURRENCE; NOT-AUTHORITATIVE-RAW-LEDGER
REF-492,492,17,ART-001,1,https://thereceipts.ca/corrections/,https://thereceipts.ca/corrections/,False,False,EXS-090,4,152,False,,30bc2c16e7149f3e03cfb30220bafbf6dd4806c629c60254939fdc55e06ee7ea,"poppler pdftotext 24.02.0 -layout, per page; entry boundaries by visible ""N."" numbering",RAW-OCCURRENCE; NOT-AUTHORITATIVE-RAW-LEDGER
REF-493,493,17,ART-001,1,https://thefintechledger.substack.com/,https://thefintechledger.substack.com/,False,False,EXS-091,4,153,False,,d4572f309b7b17b8d1fb83575c08a287ac2a755c38d60271fc37ce1298da497c,"poppler pdftotext 24.02.0 -layout, per page; entry boundaries by visible ""N."" numbering",RAW-OCCURRENCE; NOT-AUTHORITATIVE-RAW-LEDGER
REF-494,494,17,ART-001,1,https://thebiotechledger.substack.com/,https://thebiotechledger.substack.com/,False,False,EXS-092,4,154,False,,af9d32e2520c11f2732a45e5bc420a713598b48aff907975aad3623e2888872c,"poppler pdftotext 24.02.0 -layout, per page; entry boundaries by visible ""N."" numbering",RAW-OCCURRENCE; NOT-AUTHORITATIVE-RAW-LEDGER
REF-495,495,17,ART-001,1,https://isoledger.substack.com/,https://isoledger.substack.com/,False,False,EXS-093,4,155,False,,e4397c76f67f3e1201edcd3c3727b23e67a1c0ee6bc9938400e15aa8a8beca52,"poppler pdftotext 24.02.0 -layout, per page; entry boundaries by visible ""N."" numbering",RAW-OCCURRENCE; NOT-AUTHORITATIVE-RAW-LEDGER
REF-496,496,17,ART-001,1,https://support.ledger.com/article/6178949486109-zd,https://support.ledger.com/article/6178949486109-zd,False,False,EXS-094,4,156,False,,c8530077bbb311fc276af49245db4bf9b2277fb5ca694190f729529d5b8a9a77,"poppler pdftotext 24.02.0 -layout, per page; entry boundaries by visible ""N."" numbering",RAW-OCCURRENCE; NOT-AUTHORITATIVE-RAW-LEDGER
REF-497,497,17,ART-001,1,https://spoonfedacademy.substack.com/leaderboard,https://spoonfedacademy.substack.com/leaderboard,False,False,EXS-095,4,157,False,,607246189cf8f2bae15312f2e83f08f5c7996a97d94980de873488ea3c10a5ec,"poppler pdftotext 24.02.0 -layout, per page; entry boundaries by visible ""N."" numbering",RAW-OCCURRENCE; NOT-AUTHORITATIVE-RAW-LEDGER
REF-498,498,17,ART-001,1,https://www.lxxvii.co/,https://www.lxxvii.co/,False,False,EXS-096,4,159,False,,ba4e8d116b04d78cff9439fc9339382e554b6b222552f79398a96ab6e2c65680,"poppler pdftotext 24.02.0 -layout, per page; entry boundaries by visible ""N."" numbering",RAW-OCCURRENCE; NOT-AUTHORITATIVE-RAW-LEDGER
REF-499,499,17,ART-001,1,https://unpaidledger.substack.com/,https://unpaidledger.substack.com/,False,False,EXS-097,4,160,False,,0ef619b0ba0df1cb3e27a97e7e6061be5be5aac81be12edd932f7804ec688f79,"poppler pdftotext 24.02.0 -layout, per page; entry boundaries by visible ""N."" numbering",RAW-OCCURRENCE; NOT-AUTHORITATIVE-RAW-LEDGER
REF-500,500,17,ART-001,1,https://fedbudgetguy.substack.com/,https://fedbudgetguy.substack.com/,False,False,EXS-098,4,161,False,,c90c68e786367fac0a14e8645826b1bbcfbcc0823ea1a96cb763abedaba24474,"poppler pdftotext 24.02.0 -layout, per page; entry boundaries by visible ""N."" numbering",RAW-OCCURRENCE; NOT-AUTHORITATIVE-RAW-LEDGER
REF-501,501,17,ART-001,1,https://secretagentfed.substack.com/p/lxxvi-the-kahina-and-the-prophetess,https://secretagentfed.substack.com/p/lxxvi-the-kahina-and-the-prophetess,False,False,EXS-203,3,355,False,,04fb5492b96c471e02cc865cec414f63542b36525772ab217f3ec4f2750988b9,"poppler pdftotext 24.02.0 -layout, per page; entry boundaries by visible ""N."" numbering",RAW-OCCURRENCE; NOT-AUTHORITATIVE-RAW-LEDGER
REF-502,502,17,ART-001,1,https://www.sec.gov/Archives/edgar/data/1159508/000095010313004208/0000950103-13-004208.txt,https://www.sec.gov/Archives/edgar/data/1159508/000095010313004208/0000950103-13-004208.txt,False,False,EXS-099,4,162,False,,307038fac28393c8574daef2ade863cd4852573bd6f88af4fb54524eefabde2a,"poppler pdftotext 24.02.0 -layout, per page; entry boundaries by visible ""N."" numbering",RAW-OCCURRENCE; NOT-AUTHORITATIVE-RAW-LEDGER
REF-503,503,17,ART-001,1,https://www.sec.gov/Archives/edgar/data/1415020/0000912282-09-001586.txt,https://www.sec.gov/Archives/edgar/data/1415020/0000912282-09-001586.txt,False,False,EXS-100,4,163,False,,519e11743f2af121a4f6618d4960bf3e3db67899d64b51abc46d93b9c4a70303,"poppler pdftotext 24.02.0 -layout, per page; entry boundaries by visible ""N."" numbering",RAW-OCCURRENCE; NOT-AUTHORITATIVE-RAW-LEDGER
REF-504,504,17,ART-001,1,https://www.sec.gov/Archives/edgar/data/1535778/000153577820000050/0001535778-20-000050.txt,https://www.sec.gov/Archives/edgar/data/1535778/000153577820000050/0001535778-20-000050.txt,False,False,EXS-101,4,164,False,,0a37f733ace2c5694ec1e49b2091ebc2ef2b19b83c21656802361eae8c4b8693,"poppler pdftotext 24.02.0 -layout, per page; entry boundaries by visible ""N."" numbering",RAW-OCCURRENCE; NOT-AUTHORITATIVE-RAW-LEDGER
REF-505,505,17,ART-001,1,https://theneuralledger.com/corrections,https://theneuralledger.com/corrections,False,False,EXS-102,4,165,False,,2ffbe4b2521af044af640315c3018e037422deeef3cdf2276f84259ef6ab3f2c,"poppler pdftotext 24.02.0 -layout, per page; entry boundaries by visible ""N."" numbering",RAW-OCCURRENCE; NOT-AUTHORITATIVE-RAW-LEDGER
REF-506,506,17,ART-001,1,https://us-kb.sage.com/portal/app/portlets/results/view2.jsp?k2dockey=224924550063855,https://us-kb.sage.com/portal/app/portlets/results/view2.jsp?k2dockey=224924550063855,False,False,EXS-103,4,166,False,,763d61711fff5837fcd10f3c4e796e251ffdfbbaea6b4a723333d39ef0571eb3,"poppler pdftotext 24.02.0 -layout, per page; entry boundaries by visible ""N."" numbering",RAW-OCCURRENCE; NOT-AUTHORITATIVE-RAW-LEDGER
REF-507,507,17,ART-001,1,https://theforensicledger.net/,https://theforensicledger.net/,False,False,EXS-104,4,167,False,,2bd9a48843346ef88622581a3e58cef927c3d55d6c92c3aac6cef75c19c0c8cd,"poppler pdftotext 24.02.0 -layout, per page; entry boundaries by visible ""N."" numbering",RAW-OCCURRENCE; NOT-AUTHORITATIVE-RAW-LEDGER
REF-508,508,17,ART-001,1,https://www.sec.gov/Archives/edgar/data/1698113/000121390020019935/0001213900-20-019935.txt,https://www.sec.gov/Archives/edgar/data/1698113/000121390020019935/0001213900-20-019935.txt,False,False,EXS-105,4,168,False,,79d40454fd823065feb42bc2a334dc710656ce10ea3851530c8fd677e35c0599,"poppler pdftotext 24.02.0 -layout, per page; entry boundaries by visible ""N."" numbering",RAW-OCCURRENCE; NOT-AUTHORITATIVE-RAW-LEDGER
REF-509,509,17,ART-001,1,https://www.sec.gov/Archives/edgar/data/895421/000095010312000443/0000950103-12-000443.txt,https://www.sec.gov/Archives/edgar/data/895421/000095010312000443/0000950103-12-000443.txt,False,False,EXS-107,4,170,False,,03844f0851d8e781d2c6114bc52f971659febc0a5850d2c16c99e016ffeaee38,"poppler pdftotext 24.02.0 -layout, per page; entry boundaries by visible ""N."" numbering",RAW-OCCURRENCE; NOT-AUTHORITATIVE-RAW-LEDGER
REF-510,510,17,ART-001,1,https://donjon.ledger.com/lsb/023/,https://donjon.ledger.com/lsb/023/,False,False,EXS-108,4,171,False,,77c44fdf2e424f27d5ddf0bc294c9ef10b9ddd41d5b4f4642462819fa55ae6fb,"poppler pdftotext 24.02.0 -layout, per page; entry boundaries by visible ""N."" numbering",RAW-OCCURRENCE; NOT-AUTHORITATIVE-RAW-LEDGER
REF-511,511,18,ART-001,1,https://www.sec.gov/Archives/edgar/data/721994/000072199420000007/0000721994-20-000007.txt,https://www.sec.gov/Archives/edgar/data/721994/000072199420000007/0000721994-20-000007.txt,False,False,EXS-109,4,172,False,,48f0fd33b7f6a845a3e692ec8e2fc24093eaa6498dada4f1d1405e4717fd4ab2,"poppler pdftotext 24.02.0 -layout, per page; entry boundaries by visible ""N."" numbering",RAW-OCCURRENCE; NOT-AUTHORITATIVE-RAW-LEDGER
REF-512,512,18,ART-001,1,https://secretagentfed.substack.com/p/lxxviii-the-many-successions-of-al,https://secretagentfed.substack.com/p/lxxviii-the-many-successions-of-al,False,False,EXS-204,3,357,False,,e3631fbce6a398b74b6193db2c5fa78fb61e5cbd0068e3bc73e978718ad3c6f4,"poppler pdftotext 24.02.0 -layout, per page; entry boundaries by visible ""N."" numbering",RAW-OCCURRENCE; NOT-AUTHORITATIVE-RAW-LEDGER
REF-513,513,18,ART-001,2,https://wikis.mit.edu/confluence/download/attachments/101552355/Combined FIN Notes.xlsx?version=1&modificationDate=1415112305000&api=v2,https://wikis.mit.edu/confluence/download/attachments/101552355/Combined FIN Notes.xlsx? version=1&modificationDate=1415112305000&api=v2,True,True,EXS-110,4,173,False,,c7f328af98ff906b7735617acd0cb2763af3f8060c4d7e213f2cbaf80f50c8b6,"poppler pdftotext 24.02.0 -layout, per page; entry boundaries by visible ""N."" numbering",RAW-OCCURRENCE; NOT-AUTHORITATIVE-RAW-LEDGER
REF-514,514,18,ART-001,1,https://evidencecollective.substack.com/,https://evidencecollective.substack.com/,False,False,EXS-111,4,174,False,,19e8163384fbab37752cbf3691d11a2e4afaf566a663e4a257263a2105a2340f,"poppler pdftotext 24.02.0 -layout, per page; entry boundaries by visible ""N."" numbering",RAW-OCCURRENCE; NOT-AUTHORITATIVE-RAW-LEDGER
REF-515,515,18,ART-001,1,https://trusttheevidence.substack.com/,https://trusttheevidence.substack.com/,False,False,EXS-112,4,175,False,,22d8aa3ca85d253bd14bfeba9d2f90fd1645a176915d5f0567eb9d288393f5cc,"poppler pdftotext 24.02.0 -layout, per page; entry boundaries by visible ""N."" numbering",RAW-OCCURRENCE; NOT-AUTHORITATIVE-RAW-LEDGER
REF-516,516,18,ART-001,1,https://catalog.data.gov/dataset/?tags=account-reconciliation,https://catalog.data.gov/dataset/?tags=account-reconciliation,False,False,EXS-113,4,176,False,,500921a20925be9160392d08dc126182fcad41e0d9591b40b290ee8f5e2546ea,"poppler pdftotext 24.02.0 -layout, per page; entry boundaries by visible ""N."" numbering",RAW-OCCURRENCE; NOT-AUTHORITATIVE-RAW-LEDGER
REF-517,517,18,ART-001,1,https://exposed1.substack.com/p/evidence-locker-the-department-of,https://exposed1.substack.com/p/evidence-locker-the-department-of,False,False,EXS-114,4,177,False,,29a67db267be8905b766be7826c519d21faace37c9cd3f6c18c9e9b415ebbbdc,"poppler pdftotext 24.02.0 -layout, per page; entry boundaries by visible ""N."" numbering",RAW-OCCURRENCE; NOT-AUTHORITATIVE-RAW-LEDGER
REF-518,518,18,ART-001,1,https://evidenceofabsence.substack.com/,https://evidenceofabsence.substack.com/,False,False,EXS-115,4,178,False,,57e706526b1bea14354dd36f187a6fadddf8b2ec4aee9ef681e0ef5affba1b97,"poppler pdftotext 24.02.0 -layout, per page; entry boundaries by visible ""N."" numbering",RAW-OCCURRENCE; NOT-AUTHORITATIVE-RAW-LEDGER
REF-519,519,18,ART-001,1,https://evidencepress.org/ai/,https://evidencepress.org/ai/,False,False,EXS-116,4,179,False,,4d210950691eed4d6b4c7b126a09d64ff0352fe32da28de11e4aea3f30e95642,"poppler pdftotext 24.02.0 -layout, per page; entry boundaries by visible ""N."" numbering",RAW-OCCURRENCE; NOT-AUTHORITATIVE-RAW-LEDGER
REF-520,520,18,ART-001,1,https://thedivision-archive.fandom.com/wiki/Category:Evidence,https://thedivision-archive.fandom.com/wiki/Category:Evidence,False,False,EXS-118,4,181,False,,b58afa966c04c4b1000be60f4a1a72b9d1dfca5985b733c9b7f70824c7803c90,"poppler pdftotext 24.02.0 -layout, per page; entry boundaries by visible ""N."" numbering",RAW-OCCURRENCE; NOT-AUTHORITATIVE-RAW-LEDGER
REF-521,521,18,ART-001,1,https://play.google.com/store/apps/details?id=com.evidenceAtlas.android&hl=pl,https://play.google.com/store/apps/details?id=com.evidenceAtlas.android&hl=pl,False,False,EXS-119,4,182,False,,57a2f9245416a1ed4c9c95a2e5d9d30186b2b17916d04ec83de6e29875991fd1,"poppler pdftotext 24.02.0 -layout, per page; entry boundaries by visible ""N."" numbering",RAW-OCCURRENCE; NOT-AUTHORITATIVE-RAW-LEDGER
REF-522,522,18,ART-001,1,https://qed.online/wp-content/uploads/2018/09/EvidenceMgt.pdf,https://qed.online/wp-content/uploads/2018/09/EvidenceMgt.pdf,False,False,EXS-120,4,183,False,,a80fede93a8368f4c7a3f0a74d605dee42d87b9a84191eeaff344d1701a743df,"poppler pdftotext 24.02.0 -layout, per page; entry boundaries by visible ""N."" numbering",RAW-OCCURRENCE; NOT-AUTHORITATIVE-RAW-LEDGER
REF-523,523,18,ART-001,1,https://arxiv.org/pdf/2107.06296.pdf,https://arxiv.org/pdf/2107.06296.pdf,False,False,EXS-072,4,134,False,,d0a26e236f31073fd0eaf2e88b7dbc27d83ad06a6dce28796d4f2068be6e6f88,"poppler pdftotext 24.02.0 -layout, per page; entry boundaries by visible ""N."" numbering",RAW-OCCURRENCE; NOT-AUTHORITATIVE-RAW-LEDGER
REF-524,524,18,ART-001,1,https://killchains.com/atlas.php,https://killchains.com/atlas.php,False,False,EXS-121,4,184,False,,39b22a03273311ae2f89570b71d57da4501571911669a61c493783668f17afea,"poppler pdftotext 24.02.0 -layout, per page; entry boundaries by visible ""N."" numbering",RAW-OCCURRENCE; NOT-AUTHORITATIVE-RAW-LEDGER
REF-525,525,18,ART-001,1,https://download.microsoft.com/download/2/c/4/2c453a0c-ea37-4b1e-97dc-5c16f15c4432/e_discovery_datasheet.pdf,https://download.microsoft.com/download/2/c/4/2c453a0c-ea37-4b1e-97dc-5c16f15c4432/e_discovery_datasheet.pdf,False,False,EXS-122,4,185,True,GLYPH-ft-AS-NUL,4bda21bd89c7866733b31511be5339ca18c428c0188ffd6b9f1a180d579bbc18,"poppler pdftotext 24.02.0 -layout, per page; entry boundaries by visible ""N."" numbering",RAW-OCCURRENCE; NOT-AUTHORITATIVE-RAW-LEDGER
REF-526,526,18,ART-001,1,https://davidmasters.substack.com/p/3i-atlas-something-terrifying-has,https://davidmasters.substack.com/p/3i-atlas-something-terrifying-has,False,False,EXS-123,4,186,False,,b17c959c941a1eb0123715eb556369e548fb78d374858b0d788119b9a2618d31,"poppler pdftotext 24.02.0 -layout, per page; entry boundaries by visible ""N."" numbering",RAW-OCCURRENCE; NOT-AUTHORITATIVE-RAW-LEDGER
REF-527,527,18,ART-001,1,https://biblesecrets.substack.com/,https://biblesecrets.substack.com/,False,False,EXS-124,4,188,False,,33865f18f21c53a180deaab0704b91e58377bbc0ec7e0465860c76b43860be40,"poppler pdftotext 24.02.0 -layout, per page; entry boundaries by visible ""N."" numbering",RAW-OCCURRENCE; NOT-AUTHORITATIVE-RAW-LEDGER
REF-528,528,18,ART-001,1,https://evidencebyrelentless.substack.com/p/evidence-19,https://evidencebyrelentless.substack.com/p/evidence-19,False,False,EXS-125,4,189,False,,157219656a28b8fdcf08817c55cd647e8d4c11d2a555edbc924101a31a81fb60,"poppler pdftotext 24.02.0 -layout, per page; entry boundaries by visible ""N."" numbering",RAW-OCCURRENCE; NOT-AUTHORITATIVE-RAW-LEDGER
REF-529,529,18,ART-001,1,https://secretagentfed.substack.com/p/lxxvii-the-correction-ledger-the,https://secretagentfed.substack.com/p/lxxvii-the-correction-ledger-the,False,False,EXS-128,4,192,False,,f6dbfb48ee96cab15ecf28bf00b12c4132c072109302244196ab9c6373693dba,"poppler pdftotext 24.02.0 -layout, per page; entry boundaries by visible ""N."" numbering",RAW-OCCURRENCE; NOT-AUTHORITATIVE-RAW-LEDGER
REF-530,530,18,ART-001,1,https://secretagentfed.substack.com/p/the-atlas-complete-master-reconciliation,https://secretagentfed.substack.com/p/the-atlas-complete-master-reconciliation,False,False,EXS-129,4,193,False,,587bc0420ccad106014923ee0b32e84f5aa279791ef602edd871cf6ec8a9219e,"poppler pdftotext 24.02.0 -layout, per page; entry boundaries by visible ""N."" numbering",RAW-OCCURRENCE; NOT-AUTHORITATIVE-RAW-LEDGER
REF-531,531,18,ART-001,1,https://secretagentfed.substack.com/p/evidence-atlas-of-early-islamic-arabian-e77,https://secretagentfed.substack.com/p/evidence-atlas-of-early-islamic-arabian-e77,False,False,EXS-130,4,194,False,,a56be58971dfcee8c2df35aae16115fd323289577a35e0132a7f6786eddcc2e3,"poppler pdftotext 24.02.0 -layout, per page; entry boundaries by visible ""N."" numbering",RAW-OCCURRENCE; NOT-AUTHORITATIVE-RAW-LEDGER
REF-532,532,18,ART-001,1,https://secretagentfed.substack.com/p/evidence-atlas-of-early-islamic-arabian-6bd,https://secretagentfed.substack.com/p/evidence-atlas-of-early-islamic-arabian-6bd,False,False,EXS-131,4,195,False,,99342d4a7779f764683c4133e73bf02b518f651c647fde7336e5c445e30291c4,"poppler pdftotext 24.02.0 -layout, per page; entry boundaries by visible ""N."" numbering",RAW-OCCURRENCE; NOT-AUTHORITATIVE-RAW-LEDGER
REF-533,533,18,ART-001,1,http://aghalibrary.com/storage/books/1611653144_AghaLibrary.pdf,http://aghalibrary.com/storage/books/1611653144_AghaLibrary.pdf,False,False,EXS-132,4,196,False,,6401da4fbb1894d94f6dc329ab7b2a652baa0a479239c431221bc6e907c463d2,"poppler pdftotext 24.02.0 -layout, per page; entry boundaries by visible ""N."" numbering",RAW-OCCURRENCE; NOT-AUTHORITATIVE-RAW-LEDGER
REF-534,534,18,ART-001,1,https://substack.com/@revealedeye/note/c-221842058?r=1fcijz,https://substack.com/@revealedeye/note/c-221842058?r=1fcijz,False,False,EXS-073,4,135,False,,0454bec2758ff2df6edb8c9871a88c2e3d1bfc74c34b6e3c4a0c4646c8df2fb8,"poppler pdftotext 24.02.0 -layout, per page; entry boundaries by visible ""N."" numbering",RAW-OCCURRENCE; NOT-AUTHORITATIVE-RAW-LEDGER
REF-535,535,18,ART-001,1,https://www.yumpu.com/en/document/view/68308919/atlas-collection,https://www.yumpu.com/en/document/view/68308919/atlas-collection,False,False,EXS-133,4,197,False,,a0058e6265f451f831d1507d2debd22c19315039576dcbafb4aebffdc0864857,"poppler pdftotext 24.02.0 -layout, per page; entry boundaries by visible ""N."" numbering",RAW-OCCURRENCE; NOT-AUTHORITATIVE-RAW-LEDGER
REF-536,536,18,ART-001,1,https://dspace.spbu.ru/collections/bd3d2939-8fa1-4510-bf07-e32d0ab00103,https://dspace.spbu.ru/collections/bd3d2939-8fa1-4510-bf07-e32d0ab00103,False,False,EXS-134,4,198,False,,0853f7627b9b9fdeec84b64c3aca346dc52dae0eae372a3ef954632191d7cbfa,"poppler pdftotext 24.02.0 -layout, per page; entry boundaries by visible ""N."" numbering",RAW-OCCURRENCE; NOT-AUTHORITATIVE-RAW-LEDGER
REF-537,537,18,ART-001,1,https://ismi.mpiwg-berlin.mpg.de/search,https://ismi.mpiwg-berlin.mpg.de/search,False,False,EXS-135,4,199,False,,9b49322408a12aa752c6ef8be966faf1015792ceef543eacca041cfce04ad7f3,"poppler pdftotext 24.02.0 -layout, per page; entry boundaries by visible ""N."" numbering",RAW-OCCURRENCE; NOT-AUTHORITATIVE-RAW-LEDGER
REF-538,538,18,ART-001,1,https://es.slideshare.net/slideshow/atlas-67688150/67688150,https://es.slideshare.net/slideshow/atlas-67688150/67688150,False,False,EXS-136,4,200,False,,70b505f087445e7151123ad19cd44e379a9025410478f9267a330eb5fd32a95b,"poppler pdftotext 24.02.0 -layout, per page; entry boundaries by visible ""N."" numbering",RAW-OCCURRENCE; NOT-AUTHORITATIVE-RAW-LEDGER
REF-539,539,18,ART-001,1,https://tile.loc.gov/storage-services/master/gdc/gdcebookspublic/20/20/42/61/22/2020426122/2020426122.pdf,https://tile.loc.gov/storage-services/master/gdc/gdcebookspublic/20/20/42/61/22/2020426122/2020426122.pdf,False,False,EXS-137,4,201,False,,3d524fe23e1e44eb200fa3e90259b9803e90e855f31f7a19cd22d69f7fde1766,"poppler pdftotext 24.02.0 -layout, per page; entry boundaries by visible ""N."" numbering",RAW-OCCURRENCE; NOT-AUTHORITATIVE-RAW-LEDGER
REF-540,540,18,ART-001,1,https://www.islamic-awareness.org/history/islam/inscriptions/earlyislam.html,https://www.islamic-awareness.org/history/islam/inscriptions/earlyislam.html,False,False,EXS-034,4,67,False,,a3b37ee7bdc5dee164ed8e4a481ccd419d522da6b840fa36feb44fc0bc70a212,"poppler pdftotext 24.02.0 -layout, per page; entry boundaries by visible ""N."" numbering",RAW-OCCURRENCE; NOT-AUTHORITATIVE-RAW-LEDGER
REF-541,541,18,ART-001,2,https://archive.org/stream/TheHiddenOriginsOfIslamNewResearchIntoItsEarlyHistory/The Hidden Origins of Islam -New Research into Its Early History_djvu.txt,https://archive.org/stream/TheHiddenOriginsOfIslamNewResearchIntoItsEarlyHistory/The Hidden Origins of Islam - New Research into Its Early History_djvu.txt,True,True,EXS-035,4,68,False,,a51917bf7e6228b7e952c0f4369b9f31a4f8a51f378bb48ea744da0727cb1a32,"poppler pdftotext 24.02.0 -layout, per page; entry boundaries by visible ""N."" numbering",RAW-OCCURRENCE; NOT-AUTHORITATIVE-RAW-LEDGER
REF-542,542,18,ART-001,1,https://almuslih.org/wp-content/uploads/2024/11/Lindstedt-I-–-Pre-Islamic-Arabia-and-Early-Islam.pdf,https://almuslih.org/wp-content/uploads/2024/11/Lindstedt-I-–-Pre-Islamic-Arabia-and-Early-Islam.pdf,False,False,EXS-036,4,69,False,,fe8c7b66e82ac4ebf39450beea2bb2805f9acc0ca798e1c1205dad0e7528ca6b,"poppler pdftotext 24.02.0 -layout, per page; entry boundaries by visible ""N."" numbering",RAW-OCCURRENCE; NOT-AUTHORITATIVE-RAW-LEDGER
REF-543,543,18,ART-001,1,https://ia801506.us.archive.org/21/items/in.ernet.dli.2015.13564/2015.13564.History-Of-The-Arabs_text.pdf,https://ia801506.us.archive.org/21/items/in.ernet.dli.2015.13564/2015.13564.History-Of-The-Arabs_text.pdf,False,False,EXS-037,4,70,False,,ace18433b2200a7272c36476059f176c1a53a06b784b533c1eece97c735f5568,"poppler pdftotext 24.02.0 -layout, per page; entry boundaries by visible ""N."" numbering",RAW-OCCURRENCE; NOT-AUTHORITATIVE-RAW-LEDGER
REF-544,544,18,ART-001,1,https://api.pageplace.de/preview/DT0400.9781474408271_A49299938/preview-9781474408271_A49299938.pdf,https://api.pageplace.de/preview/DT0400.9781474408271_A49299938/preview-9781474408271_A49299938.pdf,False,False,EXS-038,4,71,False,,672fc55ee45a41671a29a5fc56e714644c3033c3a8d5b93067c7e795bf42c31a,"poppler pdftotext 24.02.0 -layout, per page; entry boundaries by visible ""N."" numbering",RAW-OCCURRENCE; NOT-AUTHORITATIVE-RAW-LEDGER
REF-545,545,18,ART-001,1,https://canmyagentuse.com/atlas,https://canmyagentuse.com/atlas,False,False,EXS-075,4,137,False,,b7670d74948d5647b48c267e0b534acee938861aeea9734bfc504a5b357dd000,"poppler pdftotext 24.02.0 -layout, per page; entry boundaries by visible ""N."" numbering",RAW-OCCURRENCE; NOT-AUTHORITATIVE-RAW-LEDGER
REF-546,546,19,ART-001,1,https://brill.com/display/book/9789004687134/BP000001.xml,https://brill.com/display/book/9789004687134/BP000001.xml,False,False,EXS-039,4,72,False,,925bb8e57334963a1a835f603facf78f0c78b2e7f7d034bd08d8242ff23b49c1,"poppler pdftotext 24.02.0 -layout, per page; entry boundaries by visible ""N."" numbering",RAW-OCCURRENCE; NOT-AUTHORITATIVE-RAW-LEDGER
REF-547,547,19,ART-001,1,https://brill.com/downloadpdf/display/book/9789004687134/BP000001.pdf,https://brill.com/downloadpdf/display/book/9789004687134/BP000001.pdf,False,False,EXS-040,4,73,False,,48982bdd932ce443cc53b2d23acfdf210113c01dcb5b19db2f80021bc072067d,"poppler pdftotext 24.02.0 -layout, per page; entry boundaries by visible ""N."" numbering",RAW-OCCURRENCE; NOT-AUTHORITATIVE-RAW-LEDGER
REF-548,548,19,ART-001,1,https://ora.ox.ac.uk/objects/uuid:7a5c31c1-059a-4f5f-8b86-bb89b11f143a/files/d6395w7791,https://ora.ox.ac.uk/objects/uuid:7a5c31c1-059a-4f5f-8b86-bb89b11f143a/files/d6395w7791,False,False,EXS-041,4,74,False,,aafcb6dc986f95884553b9260f5492d9f55d848eb05bfc72086b965179308dee,"poppler pdftotext 24.02.0 -layout, per page; entry boundaries by visible ""N."" numbering",RAW-OCCURRENCE; NOT-AUTHORITATIVE-RAW-LEDGER
REF-549,549,19,ART-001,2,https://islamspring2012.voices.wooster.edu/wp-content/uploads/sites/192/2018/09/johns_archaeology-and-history-of-early-islam-1.pdf,https://islamspring2012.voices.wooster.edu/wp-content/uploads/sites/192/2018/09/johns_archaeology-and-history-of -early-islam-1.pdf,True,False,EXS-042,4,75,False,,5276a765b5eb143c63de668118730293ea75a9b10f647fa38a97c925bc3a29bd,"poppler pdftotext 24.02.0 -layout, per page; entry boundaries by visible ""N."" numbering",RAW-OCCURRENCE; NOT-AUTHORITATIVE-RAW-LEDGER
REF-550,550,19,ART-001,1,https://academic.oup.com/edited-volume/34293/chapter/290722454,https://academic.oup.com/edited-volume/34293/chapter/290722454,False,False,EXS-043,4,76,False,,952de7db6f4a7d64d542e3481bad146de215f42cef2d7d3ad421787c28cd80b9,"poppler pdftotext 24.02.0 -layout, per page; entry boundaries by visible ""N."" numbering",RAW-OCCURRENCE; NOT-AUTHORITATIVE-RAW-LEDGER
REF-551,551,19,ART-001,1,https://www.cia.gov/readingroom/search/site/CIA-RDP96-00788R001700210016,https://www.cia.gov/readingroom/search/site/CIA-RDP96-00788R001700210016,False,False,EXS-045,4,78,False,,c1560d14d4903bf222d0a04f66ed6e1620243c1d1104b2b62f687496089f1065,"poppler pdftotext 24.02.0 -layout, per page; entry boundaries by visible ""N."" numbering",RAW-OCCURRENCE; NOT-AUTHORITATIVE-RAW-LEDGER
REF-552,552,19,ART-001,1,https://redef.com/source/56a6f5a258cd06842f4246fd,https://redef.com/source/56a6f5a258cd06842f4246fd,False,False,EXS-046,4,79,False,,79918ff259edc4d6ec7b792a247891c9fe09d9e8f07f19201489236fee5a5ddc,"poppler pdftotext 24.02.0 -layout, per page; entry boundaries by visible ""N."" numbering",RAW-OCCURRENCE; NOT-AUTHORITATIVE-RAW-LEDGER
REF-553,553,19,ART-001,1,https://www.academia.edu/Documents/in/Secret_archives/MostCited,https://www.academia.edu/Documents/in/Secret_archives/MostCited,False,False,EXS-047,4,80,False,,f07d6c89b7a2c8bfb94f97cfea67c43d59bbb876104013999836817cf9edd240,"poppler pdftotext 24.02.0 -layout, per page; entry boundaries by visible ""N."" numbering",RAW-OCCURRENCE; NOT-AUTHORITATIVE-RAW-LEDGER
REF-554,554,19,ART-001,1,https://muse.jhu.edu/pub/5/oa_monograph/chapter/2181243,https://muse.jhu.edu/pub/5/oa_monograph/chapter/2181243,False,False,EXS-048,4,81,False,,258e88b7c1640ad5e84b8eb905736f417f57f1d9174e405329b7ca5f1582ecea,"poppler pdftotext 24.02.0 -layout, per page; entry boundaries by visible ""N."" numbering",RAW-OCCURRENCE; NOT-AUTHORITATIVE-RAW-LEDGER
REF-555,555,19,ART-001,1,https://www.amazon.com.au/Disclosure-Military-Government-Witnesses-Greatest/dp/0967323819,https://www.amazon.com.au/Disclosure-Military-Government-Witnesses-Greatest/dp/0967323819,False,False,EXS-049,4,82,False,,f6ebe364aba23f54b094605124f8ba32078ebdae284cfee2e4c2f009a250961a,"poppler pdftotext 24.02.0 -layout, per page; entry boundaries by visible ""N."" numbering",RAW-OCCURRENCE; NOT-AUTHORITATIVE-RAW-LEDGER
REF-556,556,19,ART-001,1,https://canmyagentuse.com/atlas/sources,https://canmyagentuse.com/atlas/sources,False,False,EXS-076,4,138,False,,6dc94e64e36bb097e459a66e2dee573fd6c88982554e616ac20e0b138b5442b7,"poppler pdftotext 24.02.0 -layout, per page; entry boundaries by visible ""N."" numbering",RAW-OCCURRENCE; NOT-AUTHORITATIVE-RAW-LEDGER
REF-557,557,19,ART-001,1,https://substack.com/@secretagentfed,https://substack.com/@secretagentfed,False,False,EXS-001,6,1,False,,1a4afadf1edb5d2806c018d5a3e365c52adde5bfc7d1e2db5407b95a912dec61,"poppler pdftotext 24.02.0 -layout, per page; entry boundaries by visible ""N."" numbering",RAW-OCCURRENCE; NOT-AUTHORITATIVE-RAW-LEDGER
REF-558,558,19,ART-001,1,https://secretagentfed.substack.com/,https://secretagentfed.substack.com/,False,False,EXS-012,6,12,False,,a6e13c3f5f2eb0d6701f01f5d042d3b7634252093977046bfc0e19d4c7b73ab1,"poppler pdftotext 24.02.0 -layout, per page; entry boundaries by visible ""N."" numbering",RAW-OCCURRENCE; NOT-AUTHORITATIVE-RAW-LEDGER
REF-559,559,19,ART-001,2,http://teachmiddleeast.lib.uchicago.edu/historical-perspectives/rulership-and-justice/islamic-period/essay/essay-02.html,http://teachmiddleeast.lib.uchicago.edu/historical-perspectives/rulership-and-justice/islamic-period/essay/essay-02.h tml,True,False,EXS-002,6,2,False,,9c3dcd9fe5d3b4d4f8386c4c1e36113c8ea2629287a2b429c50554cba0f949da,"poppler pdftotext 24.02.0 -layout, per page; entry boundaries by visible ""N."" numbering",RAW-OCCURRENCE; NOT-AUTHORITATIVE-RAW-LEDGER
REF-560,560,19,ART-001,1,https://www.yumpu.com/en/document/view/33323425/muhammad,https://www.yumpu.com/en/document/view/33323425/muhammad,False,False,EXS-004,6,4,False,,bf9cb572951cdf724119c86494bcaa5a536cf2149eec24c54899a1a8274e1388,"poppler pdftotext 24.02.0 -layout, per page; entry boundaries by visible ""N."" numbering",RAW-OCCURRENCE; NOT-AUTHORITATIVE-RAW-LEDGER
REF-561,561,19,ART-001,1,https://substack.com/top/news,https://substack.com/top/news,False,False,EXS-005,6,5,False,,199efac3cf714b076690c865a579db16b80d05860b30901c16e32e537bcba9eb,"poppler pdftotext 24.02.0 -layout, per page; entry boundaries by visible ""N."" numbering",RAW-OCCURRENCE; NOT-AUTHORITATIVE-RAW-LEDGER
REF-562,562,19,ART-001,1,https://andrewsullivan.substack.com/feed,https://andrewsullivan.substack.com/feed,False,False,EXS-007,6,7,False,,252b1c9a89a1dbfd24dc8fee3f7ef694764832e778eb7292084ed4239d8b7b21,"poppler pdftotext 24.02.0 -layout, per page; entry boundaries by visible ""N."" numbering",RAW-OCCURRENCE; NOT-AUTHORITATIVE-RAW-LEDGER
REF-563,563,19,ART-001,1,https://substack.com/@ym12265855,https://substack.com/@ym12265855,False,False,EXS-008,6,8,False,,639530baea31e4d88f4bbe2e7a4b4fc4f57d4c3f692fe2d72edab29ab596eb06,"poppler pdftotext 24.02.0 -layout, per page; entry boundaries by visible ""N."" numbering",RAW-OCCURRENCE; NOT-AUTHORITATIVE-RAW-LEDGER
REF-564,564,19,ART-001,1,https://muse.jhu.edu/pub/320/oa_monograph/chapter/2581109,https://muse.jhu.edu/pub/320/oa_monograph/chapter/2581109,False,False,EXS-009,6,9,False,,3bc6027bd8f4f4845e14856fef5a8a1f6def9a83678d79c322e5a319b994c325,"poppler pdftotext 24.02.0 -layout, per page; entry boundaries by visible ""N."" numbering",RAW-OCCURRENCE; NOT-AUTHORITATIVE-RAW-LEDGER
REF-565,565,19,ART-001,1,https://api.substack.com/feed/podcast/1300522.rss,https://api.substack.com/feed/podcast/1300522.rss,False,False,EXS-011,6,11,False,,564aa946f7daea76da312f3be4ae27282d322a5513688d21c15a2f56e837e2e1,"poppler pdftotext 24.02.0 -layout, per page; entry boundaries by visible ""N."" numbering",RAW-OCCURRENCE; NOT-AUTHORITATIVE-RAW-LEDGER
REF-566,566,19,ART-001,1,https://al-islam.org/media/popular?page=79,https://al-islam.org/media/popular?page=79,False,False,EXS-014,6,14,False,,d66ae17879827009b2277df3acdff228a1df867cb51258527990fe9cc7e0980c,"poppler pdftotext 24.02.0 -layout, per page; entry boundaries by visible ""N."" numbering",RAW-OCCURRENCE; NOT-AUTHORITATIVE-RAW-LEDGER
REF-567,567,19,ART-001,1,https://vault.fbi.gov/,https://vault.fbi.gov/,False,False,EXS-077,4,139,False,,ac8221c4339cf09343b82deb6f98a3137a312c3f28cac317c3b277527a3a0e74,"poppler pdftotext 24.02.0 -layout, per page; entry boundaries by visible ""N."" numbering",RAW-OCCURRENCE; NOT-AUTHORITATIVE-RAW-LEDGER
REF-568,568,19,ART-001,1,https://www.cambridge.org/core/books/succession-to-muhammad/1F8CA4D35B362EF97EE20004F53763B2,https://www.cambridge.org/core/books/succession-to-muhammad/1F8CA4D35B362EF97EE20004F53763B2,False,False,EXS-015,6,15,False,,7d3c1fddfcd77ee6afcc6070727b12bc0baf8377791b7ef5eeba79978172e621,"poppler pdftotext 24.02.0 -layout, per page; entry boundaries by visible ""N."" numbering",RAW-OCCURRENCE; NOT-AUTHORITATIVE-RAW-LEDGER
REF-569,569,19,ART-001,1,https://sau.posthaven.com/archive?date=1646092800,https://sau.posthaven.com/archive?date=1646092800,False,False,EXS-016,6,16,False,,09061f017f81a7389670b8a6c779077c8aa2650e908248f2d9aa0c87ec765a5c,"poppler pdftotext 24.02.0 -layout, per page; entry boundaries by visible ""N."" numbering",RAW-OCCURRENCE; NOT-AUTHORITATIVE-RAW-LEDGER
REF-570,570,19,ART-001,1,https://substack.com/@sallyekus,https://substack.com/@sallyekus,False,False,EXS-017,6,17,False,,7dca3371dee711aba62b0dd62bf6a82e44122faa99fd6caf8bf9d97cfb33e34e,"poppler pdftotext 24.02.0 -layout, per page; entry boundaries by visible ""N."" numbering",RAW-OCCURRENCE; NOT-AUTHORITATIVE-RAW-LEDGER
REF-571,571,19,ART-001,1,https://substack.com/@mssnfutminna/note/c-354820152,https://substack.com/@mssnfutminna/note/c-354820152,False,False,EXS-018,6,18,False,,3ca5b88ba32c434c3917c3a3d9b115b704168ce787bc92d1cc717eb7223a993f,"poppler pdftotext 24.02.0 -layout, per page; entry boundaries by visible ""N."" numbering",RAW-OCCURRENCE; NOT-AUTHORITATIVE-RAW-LEDGER
REF-572,572,19,ART-001,1,https://substack.com/@fedorito,https://substack.com/@fedorito,False,False,EXS-019,6,19,False,,762ed7ada3cf238bd37aaf3ccb939002337d991431d43c908fbcec87811db301,"poppler pdftotext 24.02.0 -layout, per page; entry boundaries by visible ""N."" numbering",RAW-OCCURRENCE; NOT-AUTHORITATIVE-RAW-LEDGER
REF-573,573,19,ART-001,1,https://api.substack.com/feed/podcast/28308.rss,https://api.substack.com/feed/podcast/28308.rss,False,False,EXS-020,6,20,False,,5e4e40aabab96aceddf6f2690279973723783df9d0dc4a72355fb9304886bc28,"poppler pdftotext 24.02.0 -layout, per page; entry boundaries by visible ""N."" numbering",RAW-OCCURRENCE; NOT-AUTHORITATIVE-RAW-LEDGER
REF-574,574,19,ART-001,1,https://en.wikipedia.org/wiki/Succession_to_Muhammad,https://en.wikipedia.org/wiki/Succession_to_Muhammad,False,False,EXS-021,6,21,False,,84f46d0a68464f4a66436d1eab2ba1f1aeee9a3b760eeba25bdbd0ae12c2422a,"poppler pdftotext 24.02.0 -layout, per page; entry boundaries by visible ""N."" numbering",RAW-OCCURRENCE; NOT-AUTHORITATIVE-RAW-LEDGER
REF-575,575,19,ART-001,1,https://substack.com/@secretstrategist,https://substack.com/@secretstrategist,False,False,EXS-022,6,22,False,,d969ade93a4121e51fe42f3882af645c68f140a05a198532db5863cfa5325104,"poppler pdftotext 24.02.0 -layout, per page; entry boundaries by visible ""N."" numbering",RAW-OCCURRENCE; NOT-AUTHORITATIVE-RAW-LEDGER
REF-576,576,19,ART-001,1,https://notionpress.com/in/read/men-who-carried-islam-forward,https://notionpress.com/in/read/men-who-carried-islam-forward,False,False,EXS-024,6,24,False,,e76700e50c15a17a0b030d224c14c365eb38e5975757002d55da43a402ed65ed,"poppler pdftotext 24.02.0 -layout, per page; entry boundaries by visible ""N."" numbering",RAW-OCCURRENCE; NOT-AUTHORITATIVE-RAW-LEDGER
REF-577,577,19,ART-001,2,https://archive.org/stream/TheSuccessionToMuhammadByWilferdMadelung/The Succession to Muhammad by WilferdMadelung_djvu.txt,https://archive.org/stream/TheSuccessionToMuhammadByWilferdMadelung/The Succession to Muhammad by Wilferd Madelung_djvu.txt,True,True,EXS-025,6,25,False,,68c58a785b71224892adaa415eb5ae4001d3193fe5ec5e7bdc94484899503d3f,"poppler pdftotext 24.02.0 -layout, per page; entry boundaries by visible ""N."" numbering",RAW-OCCURRENCE; NOT-AUTHORITATIVE-RAW-LEDGER
